filename,Bi,SBi,Si,$REPET,StepCounter,ambientTemp,meanTemp,meanSensors,meanOpinion,sdevOpinion,minOpinion,maxOpinion,meanReliability,mnOpinErr!,mnSensErr!,mnOpSensDiff!,mnOpAmbDiff!,providersCount,cntProviders,newProviders,delProviders,self_net,meanDistSelf,meanDistNet,liveCount,link_up,link_dw,sensor_up,sensor_dw,howManyLinks,Ambient_waves_numb,Scrambs_numb,HistTooLow,H0,H1,H2,H3,H4,H5,H6,H7,H8,H9,HistTooHig
RTSIsc1.48dRnd0000001023_Ne.4Si50_Cr.0Bi-04.00-5SBi10.00-5nA160Am0.0Sm0.25mT0.001No0Al0.1Be0eT0eA160eS0eFS0eFa0.out,-4.0,10.0,50.0,17.0,319.5,0.112436146,79.274124,75.71587,62.19734,413.80624,-25.118023,106.79168,0.27940395,16.582859,3.1123106,13.034612,61.626183,37.20175,23.970549,13.231203,13.179924,17.865673,76.61272,62.439247,159.75,105.67434,54.075665,54.075665,105.67434,631.57574,5.408286,36.757576,0.0,13.396023,32.813683,43.63878,52.233616,77.15706,184.93896,60.071827,51.863873,46.565815,68.89612,0.0
RTSIsc1.48dRnd0000000929_Ne.4Si50_Cr.0Bi08.00-5SBi08.00-5nA160Am0.0Sm0.25mT0.001No0Al0.1Be0eT0eA160eS0eFS0eFa0.out,8.0,8.0,50.0,17.0,319.5,0.30554667,62.99192,70.975136,58.3529,385.2491,-27.959002,103.70585,0.2873147,5.614536,7.484659,12.135938,57.596497,38.10256,24.433996,13.668561,13.610512,18.135984,71.63506,58.49867,159.75,104.17387,55.576138,55.576138,104.17387,631.75757,5.4404354,36.757576,0.0,11.315767,32.88821,45.57514,54.310368,79.22188,185.99446,59.56747,52.084328,45.683617,65.11633,0.0
RTSIsc1.48dRnd0000000008_Ne.4Si50_Cr.0Bi-34.00-5SBi-10.00-5nA160Am0.0Sm0.25mT0.001No0Al0.1Be0eT0eA160eS0eFS0eFa0.out,-34.0,-10.0,50.0,17.0,319.5,0.24797153,-80.32061,-102.43025,-97.15758,421.55957,-109.8075,22.176142,0.42389506,16.83357,21.608145,5.0144887,96.911316,43.576374,24.531109,19.045265,18.983854,44.90071,103.70871,97.726616,159.75,66.149055,93.600945,93.600945,66.149055,632.24243,5.485085,37.060608,0.0,87.30109,86.1286,73.42102,64.726654,73.77694,127.90151,35.993797,28.802746,25.118465,29.07159,0.0
RTSIsc1.48dRnd0000000629_Ne.4Si50_Cr.0Bi08.00-5SBi02.00-5nA160Am0.0Sm0.25mT0.001No0Al0.1Be0eT0eA160eS0eFS0eFa0.out,8.0,2.0,50.0,17.0,319.5,0.54773855,18.719393,26.402348,16.538921,307.55286,-57.590878,71.89562,0.32379237,3.9749053,7.1850853,9.38821,15.6640625,41.593796,26.398201,15.195597,15.13267,19.536884,28.237848,18.562218,159.75,97.42864,62.321354,62.321354,97.42864,631.57574,5.590483,37.18182,0.0,7.0656724,30.466003,51.859516,66.33352,92.7125,184.48825,61.585037,48.58234,39.49782,48.985085,0.0
RTSIsc1.48dRnd0000000804_Ne.4Si50_Cr.0Bi-42.00-5SBi06.00-5nA160Am0.0Sm0.25mT0.001No0Al0.1Be0eT0eA160eS0eFS0eFa0.out,-42.0,6.0,50.0,17.0,319.5,0.43084583,48.250816,6.982887,2.747748,271.87344,-60.88039,65.501564,0.357847,45.00232,40.766476,5.555208,3.9083333,44.4375,27.62377,16.81373,16.747112,21.41804,17.486544,10.420076,159.75,90.80516,68.94484,68.94484,90.80516,632.7879,5.3865056,37.333332,0.0,4.4867897,26.773533,55.97069,78.2295,106.02543,186.75905,62.48944,44.052937,31.89053,36.10999,0.0
RTSIsc1.48dRnd0000000312_Ne.4Si50_Cr.0Bi-26.00-5SBi-04.00-5nA160Am0.0Sm0.25mT0.001No0Al0.1Be0eT0eA160eS0eFS0eFa0.out,-26.0,-4.0,50.0,17.0,319.5,0.40090677,-31.842768,-57.326668,-44.883877,391.64703,-92.31081,42.57348,0.29154935,13.44678,24.98305,11.9552555,44.836033,38.85038,25.068514,13.781865,13.72268,18.255445,58.84831,46.053886,159.75,103.412125,56.33788,56.33788,103.412125,631.9394,5.4326706,36.666668,0.0,10.501752,32.2688,45.739914,56.726326,83.83665,183.36131,61.087357,51.29588,44.585606,62.535797,0.0
RTSIsc1.48dRnd0000000314_Ne.4Si50_Cr.0Bi-22.00-5SBi-04.00-5nA160Am0.0Sm0.25mT0.001No0Al0.1Be0eT0eA160eS0eFS0eFa0.out,-22.0,-4.0,50.0,17.0,319.5,0.1581262,-31.732777,-53.653667,-40.471184,391.691,-89.88289,43.647182,0.2858664,10.002983,21.423105,12.701752,40.236362,37.46889,23.956203,13.51269,13.456345,17.244745,54.932964,41.423313,159.75,104.96965,54.78035,54.78035,104.96965,630.9697,5.409091,37.0,0.0,8.237547,28.90947,44.423767,57.006344,84.42524,186.32576,61.35871,52.038162,45.210983,63.03371,0.0
RTSIsc1.48dRnd0000000313_Ne.4Si50_Cr.0Bi-24.00-5SBi-04.00-5nA160Am0.0Sm0.25mT0.001No0Al0.1Be0eT0eA160eS0eFS0eFa0.out,-24.0,-4.0,50.0,17.0,319.5,0.56560516,-34.141243,-57.80745,-44.53331,388.5322,-92.61,39.684082,0.2844793,11.381061,23.165483,12.791193,44.671165,37.025852,23.590294,13.435558,13.379403,17.558807,59.471382,45.710278,159.75,104.98811,54.761883,54.761883,104.98811,631.2727,5.455066,37.21212,0.0,9.524574,30.951988,45.881107,56.051895,80.204216,187.17523,60.48622,51.08494,44.920692,64.99186,0.0
RTSIsc1.48dRnd0000000050_Ne.4Si50_Cr.0Bi50.00-5SBi-10.00-5nA160Am0.0Sm0.25mT0.001No0Al0.1Be0eT0eA160eS0eFS0eFa0.out,50.0,-10.0,50.0,17.0,319.5,0.62382823,-79.51327,-31.821241,-18.95686,324.71204,-74.40821,49.92685,0.29132304,60.05663,47.196495,12.384801,19.214441,37.928314,24.211742,13.716572,13.660086,18.028835,34.521286,21.499851,159.75,103.5831,56.166904,56.166904,103.5831,631.3333,5.4777937,36.636364,0.0,9.714773,30.104734,46.45322,58.507008,84.07268,185.99763,58.85355,49.64541,44.309185,63.67514,0.0
RTSIsc1.48dRnd0000000520_Ne.4Si50_Cr.0Bi-10.00-5SBi00.00-5nA160Am0.0Sm0.25mT0.001No0Al0.1Be0eT0eA160eS0eFS0eFa0.out,-10.0,0.0,50.0,17.0,319.5,0.20070033,1.9711512,-7.789011,-3.7005763,263.1101,-62.14159,63.86376,0.36276916,6.400521,9.260369,5.034943,4.7878313,45.54091,28.405918,17.13499,17.063778,21.399858,17.489681,10.907805,159.75,90.01449,69.73551,69.73551,90.01449,631.63635,5.386269,37.030304,0.0,4.213447,27.274906,55.700237,79.6437,108.15601,184.4187,62.528313,44.113163,31.627226,33.960655,0.0
RTSIsc1.48dRnd0000000931_Ne.4Si50_Cr.0Bi12.00-5SBi08.00-5nA160Am0.0Sm0.25mT0.001No0Al0.1Be0eT0eA160eS0eFS0eFa0.out,12.0,8.0,50.0,17.0,319.5,0.26856726,63.96591,75.37029,63.253246,406.8052,-27.524403,106.68482,0.29325584,4.6805873,10.906723,11.635984,62.495075,38.450615,24.89839,13.552225,13.493419,18.343086,76.10871,63.382626,159.75,103.10014,56.649857,56.649857,103.10014,632.7273,5.470644,37.21212,0.0,11.321591,32.781628,46.64735,56.252842,82.565056,185.72836,58.999527,50.69157,44.616287,63.12306,0.0
RTSIsc1.48dRnd0000000912_Ne.4Si50_Cr.0Bi-26.00-5SBi08.00-5nA160Am0.0Sm0.25mT0.001No0Al0.1Be0eT0eA160eS0eFS0eFa0.out,-26.0,8.0,50.0,17.0,319.5,0.58427,62.940807,37.44587,24.815353,315.2987,-46.911366,79.55287,0.29005697,37.62576,24.99626,12.145028,23.835037,38.30355,24.76875,13.5348015,13.476657,18.192234,38.282776,25.485746,159.75,103.66056,56.08944,56.08944,103.66056,630.7879,5.4318657,36.878788,0.0,10.3752365,32.727272,47.39967,56.892517,82.23783,181.9235,60.306202,50.618893,44.096874,64.20989,0.0
RTSIsc1.48dRnd0000000334_Ne.4Si50_Cr.0Bi18.00-5SBi-04.00-5nA160Am0.0Sm0.25mT0.001No0Al0.1Be0eT0eA160eS0eFS0eFa0.out,18.0,-4.0,50.0,17.0,319.5,0.44258583,-33.645992,-15.962788,-8.356851,285.41324,-65.40875,62.449036,0.34368005,24.792662,17.180113,7.3921404,8.824148,43.61302,27.515814,16.097206,16.030256,20.831345,21.888672,13.579287,159.75,93.430115,66.319885,66.319885,93.430115,632.5455,5.309896,37.303032,0.0,6.4360323,29.351751,54.00644,72.69517,99.16217,186.22098,61.418514,45.53589,35.387974,42.33054,0.0
RTSIsc1.48dRnd0000000020_Ne.4Si50_Cr.0Bi-10.00-5SBi-10.00-5nA160Am0.0Sm0.25mT0.001No0Al0.1Be0eT0eA160eS0eFS0eFa0.out,-10.0,-10.0,50.0,17.0,319.5,0.48904797,-82.58298,-90.47157,-79.99115,425.43753,-108.83439,17.572475,0.31135935,4.8560605,7.3939395,10.006061,80.024956,40.13731,25.270075,14.867235,14.80625,20.336601,91.97192,80.76622,159.75,98.9464,60.8036,60.8036,98.9464,632.0,5.2882576,37.121212,0.0,14.48537,38.39612,51.986507,58.878265,83.35208,178.28978,56.44569,48.318275,43.01908,58.828835,0.0
RTSIsc1.48dRnd0000000447_Ne.4Si50_Cr.0Bi44.00-5SBi-02.00-5nA160Am0.0Sm0.25mT0.001No0Al0.1Be0eT0eA160eS0eFS0eFa0.out,44.0,-2.0,50.0,17.0,319.5,0.6616624,-18.756222,24.493465,14.691995,325.0396,-60.90288,70.35627,0.32323194,32.9616,42.751514,9.349905,13.678172,41.704926,26.592993,15.111932,15.0475855,19.834517,26.802382,17.437384,159.75,97.31477,62.435226,62.435226,97.31477,632.48486,5.5674243,37.151516,0.0,7.9507575,31.926847,52.34034,65.201515,91.67126,183.85175,60.60341,49.055965,40.32751,49.555492,0.0
RTSIsc1.48dRnd0000001028_Ne.4Si50_Cr.0Bi06.00-5SBi10.00-5nA160Am0.0Sm0.25mT0.001No0Al0.1Be0eT0eA160eS0eFS0eFa0.out,6.0,10.0,50.0,17.0,319.5,0.5182478,81.227,86.56547,74.14184,415.49118,-18.233458,111.52092,0.2835467,7.170833,4.850284,11.947633,73.176895,37.648342,24.137074,13.511269,13.4543085,17.208143,87.063416,73.94544,159.75,105.36643,54.38357,54.38357,105.36643,632.48486,5.46965,36.757576,0.0,11.066714,31.404404,44.387596,55.14744,82.149765,185.3598,58.184753,51.673153,47.040768,66.07046,0.0
RTSIsc1.48dRnd0000000600_Ne.4Si50_Cr.0Bi-50.00-5SBi02.00-5nA160Am0.0Sm0.25mT0.001No0Al0.1Be0eT0eA160eS0eFS0eFa0.out,-50.0,2.0,50.0,17.0,319.5,0.13261282,15.58836,-33.688618,-21.484066,361.48944,-74.88436,57.869846,0.29877108,36.614346,48.77727,11.732671,21.255445,39.252792,25.20715,14.045644,13.983002,17.91747,35.734497,23.823483,159.75,102.41468,57.335323,57.335323,102.41468,631.0909,5.575142,36.848484,0.0,7.605445,29.790625,46.98499,60.77978,87.31766,187.23064,60.319176,50.22699,42.6348,58.200806,0.0
RTSIsc1.48dRnd0000000445_Ne.4Si50_Cr.0Bi40.00-5SBi-02.00-5nA160Am0.0Sm0.25mT0.001No0Al0.1Be0eT0eA160eS0eFS0eFa0.out,40.0,-2.0,50.0,17.0,319.5,0.576261,-15.933949,23.511501,14.249332,307.06595,-58.53549,69.215355,0.32397917,29.739109,38.94465,8.961979,13.49678,42.17505,26.895218,15.27983,15.213731,19.513683,26.373938,17.03337,159.75,97.40715,62.34285,62.34285,97.40715,631.4545,5.545881,36.636364,0.0,7.1795926,30.069128,50.93021,66.5384,93.30256,183.17424,62.141666,49.28589,39.957813,48.875046,0.0
RTSIsc1.48dRnd0000000627_Ne.4Si50_Cr.0Bi04.00-5SBi02.00-5nA160Am0.0Sm0.25mT0.001No0Al0.1Be0eT0eA160eS0eFS0eFa0.out,4.0,2.0,50.0,17.0,319.5,0.2153925,16.884933,20.63945,11.460932,293.47928,-58.097374,68.27256,0.327656,5.7998104,3.2789772,8.8,11.220454,41.66231,26.418276,15.244034,15.181629,19.970219,24.94406,15.569821,159.75,96.53253,63.217472,63.217472,96.53253,632.36365,5.5598483,36.969696,0.0,7.085322,30.446733,52.674007,69.49001,95.58551,182.9277,60.192616,47.23054,38.375046,48.356155,0.0
RTSIsc1.48dRnd0000000723_Ne.4Si50_Cr.0Bi-04.00-5SBi04.00-5nA160Am0.0Sm0.25mT0.001No0Al0.1Be0eT0eA160eS0eFS0eFa0.out,-4.0,4.0,50.0,17.0,319.5,0.48264557,33.150692,29.362492,18.600533,330.89514,-55.603024,73.388954,0.3129405,14.059375,3.310606,10.304545,17.76018,40.838875,26.14877,14.6901045,14.625947,19.373343,31.275852,20.518768,159.75,99.25403,60.495975,60.495975,99.25403,632.0,5.4616475,37.454544,0.0,8.382434,31.434849,49.690674,62.80843,89.345314,184.6644,60.423294,49.13248,41.5946,54.523533,0.0
RTSIsc1.48dRnd0000000850_Ne.4Si50_Cr.0Bi50.00-5SBi06.00-5nA160Am0.0Sm0.25mT0.001No0Al0.1Be0eT0eA160eS0eFS0eFa0.out,50.0,6.0,50.0,17.0,319.5,-0.23381308,48.443626,94.80513,85.58613,442.62918,-20.248186,113.47651,0.3242776,37.013683,45.863304,8.752273,85.38475,40.78769,25.648722,15.1389675,15.070881,21.184328,96.0032,86.341125,159.75,96.31477,63.435226,63.435226,96.31477,631.9394,5.4388733,37.090908,0.0,12.375663,37.74692,53.381817,62.708332,87.47642,179.79778,57.057007,47.9732,41.471024,51.951233,0.0
RTSIsc1.48dRnd0000000616_Ne.4Si50_Cr.0Bi-18.00-5SBi02.00-5nA160Am0.0Sm0.25mT0.001No0Al0.1Be0eT0eA160eS0eFS0eFa0.out,-18.0,2.0,50.0,17.0,319.5,-0.005529132,15.70911,-1.8991129,-0.8390379,255.03557,-60.985634,63.471313,0.36641526,16.104877,17.10895,5.2482953,4.4858427,46.143562,28.954119,17.189442,17.1214,22.327225,17.04319,10.491841,159.75,88.854164,70.895836,70.895836,88.854164,632.8485,5.500284,37.363636,0.0,5.832907,29.332008,58.559517,79.8606,105.98485,183.6108,60.766193,42.933098,31.695076,34.273438,0.0
RTSIsc1.48dRnd0000000907_Ne.4Si50_Cr.0Bi-36.00-5SBi08.00-5nA160Am0.0Sm0.25mT0.001No0Al0.1Be0eT0eA160eS0eFS0eFa0.out,-36.0,8.0,50.0,17.0,319.5,0.5072021,64.13939,28.806572,18.05842,333.73407,-53.000755,75.60706,0.3153119,45.57912,34.835228,10.313021,17.282103,41.00464,26.233286,14.771354,14.705918,19.915104,30.923124,20.216745,159.75,98.54162,61.20838,61.20838,98.54162,632.42426,5.3260417,36.60606,0.0,9.657291,32.993988,50.29181,62.447964,87.69531,185.70526,59.97756,48.582764,41.088352,53.983948,0.0
RTSIsc1.48dRnd0000000729_Ne.4Si50_Cr.0Bi08.00-5SBi04.00-5nA160Am0.0Sm0.25mT0.001No0Al0.1Be0eT0eA160eS0eFS0eFa0.out,8.0,4.0,50.0,17.0,319.5,0.4106823,33.186543,41.320442,29.249828,362.35657,-50.414608,82.65278,0.30076334,5.051468,7.6337123,11.595076,28.425947,39.780067,25.603693,14.1763735,14.123058,18.680492,42.30454,30.159594,159.75,101.70175,58.04825,58.04825,101.70175,631.63635,5.3709755,37.39394,0.0,10.278078,34.10781,48.98125,60.262833,84.41028,179.77078,59.934563,50.307007,43.612026,59.971733,0.0
RTSIsc1.48dRnd0000000138_Ne.4Si50_Cr.0Bi26.00-5SBi-08.00-5nA160Am0.0Sm0.25mT0.001No0Al0.1Be0eT0eA160eS0eFS0eFa0.out,26.0,-8.0,50.0,17.0,319.5,0.67831737,-63.402042,-37.858414,-24.73967,325.7894,-77.843506,48.46764,0.28206262,38.164585,25.045454,12.643466,25.032291,37.168278,23.772348,13.395928,13.335606,16.83357,39.991467,26.56437,159.75,105.76662,53.98338,53.98338,105.76662,633.3939,5.4772725,36.78788,0.0,8.67983,29.684044,45.31875,55.488163,83.778786,186.69322,61.56487,51.555256,45.1964,65.43461,0.0
RTSIsc1.48dRnd0000000849_Ne.4Si50_Cr.0Bi48.00-5SBi06.00-5nA160Am0.0Sm0.25mT0.001No0Al0.1Be0eT0eA160eS0eFS0eFa0.out,48.0,6.0,50.0,17.0,319.5,0.10959698,49.82667,93.75453,82.975525,478.8567,-22.327051,112.579994,0.30846903,33.094555,43.429356,10.313731,82.42566,39.376232,24.653788,14.722444,14.662121,19.496117,94.661446,83.52701,159.75,99.98892,59.761078,59.761078,99.98892,632.1212,5.689536,37.424244,0.0,12.713162,36.61752,52.17443,61.329403,86.58845,175.37216,57.192425,48.487972,43.182102,58.46359,0.0
RTSIsc1.48dRnd0000000137_Ne.4Si50_Cr.0Bi24.00-5SBi-08.00-5nA160Am0.0Sm0.25mT0.001No0Al0.1Be0eT0eA160eS0eFS0eFa0.out,24.0,-8.0,50.0,17.0,319.5,0.19450806,-64.50643,-41.009743,-27.95041,333.47388,-80.78662,46.226864,0.28456992,36.05521,22.997301,12.575663,27.767519,37.71231,24.411032,13.301278,13.246023,17.469034,42.550663,29.065592,159.75,105.05203,54.697964,54.697964,105.05203,633.0303,5.5758524,36.909092,0.0,9.422443,30.95071,45.207577,54.86837,83.0259,189.42169,59.701942,51.004025,44.624763,64.80289,0.0
RTSIsc1.48dRnd0000000605_Ne.4Si50_Cr.0Bi-40.00-5SBi02.00-5nA160Am0.0Sm0.25mT0.001No0Al0.1Be0eT0eA160eS0eFS0eFa0.out,-40.0,2.0,50.0,17.0,319.5,0.1867894,15.626252,-23.86173,-13.801279,332.46497,-68.34551,63.32465,0.31649965,28.972963,38.987595,9.621686,13.799053,40.282528,25.51231,14.770218,14.709706,19.212973,27.746342,17.859535,159.75,98.850235,60.899765,60.899765,98.850235,630.7273,5.643608,37.424244,0.0,6.3704543,29.140862,50.423294,65.02292,92.01179,185.39497,61.610703,49.045406,40.396923,51.309944,0.0
RTSIsc1.48dRnd0000000508_Ne.4Si50_Cr.0Bi-34.00-5SBi00.00-5nA160Am0.0Sm0.25mT0.001No0Al0.1Be0eT0eA160eS0eFS0eFa0.out,-34.0,0.0,50.0,17.0,319.5,0.5073169,0.8802979,-32.84103,-21.105335,331.4985,-73.31358,54.90484,0.2992991,21.643276,33.219887,11.27358,21.263306,38.70838,24.73106,13.97732,13.916856,18.711884,35.267303,23.54914,159.75,101.85734,57.892662,57.892662,101.85734,632.7879,5.4701705,37.18182,0.0,10.107433,32.42372,47.26056,59.030727,83.18025,187.19441,59.604973,50.328266,43.145927,60.5116,0.0
RTSIsc1.48dRnd0000000713_Ne.4Si50_Cr.0Bi-24.00-5SBi04.00-5nA160Am0.0Sm0.25mT0.001No0Al0.1Be0eT0eA160eS0eFS0eFa0.out,-24.0,4.0,50.0,17.0,319.5,0.35413867,33.712223,10.042961,4.7248516,262.20004,-60.117035,64.84811,0.35939667,28.48878,23.170881,5.6625,5.0900097,45.186363,28.359943,16.82642,16.756582,21.879688,17.934143,10.928018,159.75,90.26288,69.48712,69.48712,90.26288,631.4545,5.3631153,36.969696,0.0,5.2152934,28.842377,57.02268,77.93276,106.04351,183.82599,60.528313,43.53712,32.131107,36.375378,0.0
RTSIsc1.48dRnd0000000128_Ne.4Si50_Cr.0Bi06.00-5SBi-08.00-5nA160Am0.0Sm0.25mT0.001No0Al0.1Be0eT0eA160eS0eFS0eFa0.out,6.0,-8.0,50.0,17.0,319.5,0.0982079,-63.77335,-58.134697,-45.092133,391.6612,-93.616066,38.476166,0.28532133,18.184233,5.1383996,12.56643,44.7679,38.067375,24.552794,13.514584,13.458665,18.143087,59.261032,45.779568,159.75,104.53144,55.21856,55.21856,104.53144,632.30304,5.704877,36.363636,0.0,12.393514,32.04124,43.894745,53.37571,79.45355,187.94626,60.018276,51.390293,45.71449,66.07495,0.0
RTSIsc1.48dRnd0000000705_Ne.4Si50_Cr.0Bi-40.00-5SBi04.00-5nA160Am0.0Sm0.25mT0.001No0Al0.1Be0eT0eA160eS0eFS0eFa0.out,-40.0,4.0,50.0,17.0,319.5,0.21445012,35.679832,-4.013525,-2.2966027,262.0089,-62.1143,64.791,0.376322,37.47391,39.19091,3.9297822,3.9781723,46.605633,28.967188,17.638447,17.568277,22.598484,16.324762,10.505517,159.75,87.10313,72.64687,72.64687,87.10313,632.42426,5.514583,36.60606,0.0,4.28589,27.430588,58.012405,82.565674,110.4313,185.84479,61.54626,43.01141,29.908192,29.387737,0.0
RTSIsc1.48dRnd0000000901_Ne.4Si50_Cr.0Bi-48.00-5SBi08.00-5nA160Am0.0Sm0.25mT0.001No0Al0.1Be0eT0eA160eS0eFS0eFa0.out,-48.0,8.0,50.0,17.0,319.5,0.22535859,64.94865,18.113596,9.831292,283.69714,-55.8193,68.48989,0.33040667,54.61572,46.33196,8.48911,9.93608,41.79361,26.585606,15.208002,15.142045,20.076326,23.539442,14.367954,159.75,95.994225,63.755775,63.755775,95.994225,631.0909,5.4019885,36.81818,0.0,7.2725854,30.086695,52.35914,69.027466,95.89195,183.9831,60.112736,47.051895,37.58977,47.715576,0.0
RTSIsc1.48dRnd0000000125_Ne.4Si50_Cr.0Bi00.00-5SBi-08.00-5nA160Am0.0Sm0.25mT0.001No0Al0.1Be0eT0eA160eS0eFS0eFa0.out,0.0,-8.0,50.0,17.0,319.5,0.38709554,-64.87592,-64.546486,-51.520023,394.86542,-97.72299,35.837498,0.2819106,12.869934,1.0610322,12.541335,51.43764,37.66965,24.360416,13.309233,13.250615,17.872633,66.04887,52.541214,159.75,105.15488,54.595123,54.595123,105.15488,633.2727,5.3871684,37.272728,0.0,12.4656725,33.83622,44.24162,52.249386,77.89436,188.19295,58.744175,51.36501,46.043987,68.23935,0.0
RTSIsc1.48dRnd0000000802_Ne.4Si50_Cr.0Bi-46.00-5SBi06.00-5nA160Am0.0Sm0.25mT0.001No0Al0.1Be0eT0eA160eS0eFS0eFa0.out,-46.0,6.0,50.0,17.0,319.5,-0.13320328,49.817486,4.568157,1.3889941,252.5669,-59.53094,63.209625,0.3604695,47.930256,44.751656,4.985038,3.448911,45.706486,28.90213,16.804356,16.73428,21.342613,16.756828,9.933778,159.75,90.39962,69.35038,69.35038,90.39962,632.6667,5.5004735,36.575756,0.0,4.5434184,28.195265,57.003788,78.64943,106.87992,184.01103,61.78802,44.34517,32.006817,35.243797,0.0
RTSIsc1.48dRnd0000000301_Ne.4Si50_Cr.0Bi-48.00-5SBi-04.00-5nA160Am0.0Sm0.25mT0.001No0Al0.1Be0eT0eA160eS0eFS0eFa0.out,-48.0,-4.0,50.0,17.0,319.5,0.28847006,-34.03597,-80.25322,-68.82481,438.97052,-105.746796,29.451637,0.2982148,34.506817,45.7196,10.941903,68.64607,39.021305,24.934942,14.086364,14.028315,18.707293,81.616234,69.64642,159.75,102.10223,57.647774,57.647774,102.10223,633.57574,5.4617896,36.969696,0.0,11.603362,33.143135,47.100616,57.533474,83.865295,185.4911,59.03139,50.396496,44.282578,61.128315,0.0
RTSIsc1.48dRnd0000000016_Ne.4Si50_Cr.0Bi-18.00-5SBi-10.00-5nA160Am0.0Sm0.25mT0.001No0Al0.1Be0eT0eA160eS0eFS0eFa0.out,-18.0,-10.0,50.0,17.0,319.5,0.3422631,-79.67978,-93.84768,-84.48576,439.14963,-109.48392,19.377825,0.325761,6.466714,13.667993,8.912121,84.33002,41.64157,26.324621,15.316951,15.258097,23.082481,95.241554,85.04021,159.75,95.10762,64.64238,64.64238,95.10762,630.9091,5.5526514,36.878788,0.0,20.375141,42.349052,52.832386,58.962925,81.60601,175.86298,55.312782,47.111267,42.561172,53.935368,0.0
RTSIsc1.48dRnd0000000749_Ne.4Si50_Cr.0Bi48.00-5SBi04.00-5nA160Am0.0Sm0.25mT0.001No0Al0.1Be0eT0eA160eS0eFS0eFa0.out,48.0,4.0,50.0,17.0,319.5,0.4294511,36.056633,82.11021,70.8386,437.001,-27.850813,108.6271,0.30080894,34.51719,45.556675,10.781913,69.941666,39.475758,25.275,14.200758,14.137169,18.975946,82.663475,71.022964,159.75,101.469795,58.28021,58.28021,101.469795,632.5455,5.6366005,36.969696,0.0,11.120171,33.554924,48.417755,58.752415,84.895546,181.58078,60.41676,50.148865,44.42571,59.23253,0.0
RTSIsc1.48dRnd0000000903_Ne.4Si50_Cr.0Bi-44.00-5SBi08.00-5nA160Am0.0Sm0.25mT0.001No0Al0.1Be0eT0eA160eS0eFS0eFa0.out,-44.0,8.0,50.0,17.0,319.5,-0.04959617,66.421165,23.485313,12.601846,296.81644,-53.664616,71.415184,0.31516877,53.31676,42.435085,10.424432,12.343182,40.577793,26.12391,14.453882,14.394886,20.153126,26.805069,16.03423,159.75,98.47689,61.273106,61.273106,98.47689,632.36365,5.6062026,36.939392,0.0,10.021213,33.013683,51.270645,63.538303,87.39721,186.54134,57.77462,47.310226,39.86747,55.62893,0.0
RTSIsc1.48dRnd0000000327_Ne.4Si50_Cr.0Bi04.00-5SBi-04.00-5nA160Am0.0Sm0.25mT0.001No0Al0.1Be0eT0eA160eS0eFS0eFa0.out,4.0,-4.0,50.0,17.0,319.5,0.21504614,-30.905807,-26.940763,-16.77098,311.88287,-70.46813,59.329647,0.31742448,13.639488,3.4717803,9.685748,16.615341,41.599148,26.62017,14.978977,14.914205,19.414299,29.47489,19.416744,159.75,98.5,61.25,61.25,98.5,631.63635,5.5382104,36.878788,0.0,8.20019,31.655493,51.481346,64.800095,90.38215,181.18304,61.199383,49.04053,41.06908,52.625046,0.0
RTSIsc1.48dRnd0000000824_Ne.4Si50_Cr.0Bi-02.00-5SBi06.00-5nA160Am0.0Sm0.25mT0.001No0Al0.1Be0eT0eA160eS0eFS0eFa0.out,-2.0,6.0,50.0,17.0,319.5,0.14550869,48.287857,46.13345,33.647106,353.44565,-45.053593,85.19887,0.29145393,14.152273,1.7794508,12.005776,33.08518,37.975567,24.374384,13.601184,13.543608,18.384706,47.135864,34.29813,159.75,103.36667,56.383335,56.383335,103.36667,631.69696,5.439157,36.81818,0.0,11.734281,32.35232,44.855396,55.277653,80.48594,186.97638,60.30682,51.33305,44.89768,63.477463,0.0
RTSIsc1.48dRnd0000000217_Ne.4Si50_Cr.0Bi-16.00-5SBi-06.00-5nA160Am0.0Sm0.25mT0.001No0Al0.1Be0eT0eA160eS0eFS0eFa0.out,-16.0,-6.0,50.0,17.0,319.5,-0.18246567,-48.782417,-64.3399,-52.05728,397.8987,-97.96595,36.28625,0.29368815,5.9573865,15.059138,11.7928505,51.403267,37.863495,24.366194,13.497301,13.442093,18.778835,65.21639,52.453377,159.75,102.80005,56.94995,56.94995,102.80005,631.3333,5.5225377,36.878788,0.0,12.2116,32.77197,45.603455,54.0795,78.63859,188.8607,60.200665,51.511364,44.86373,62.591763,0.0
RTSIsc1.48dRnd0000000839_Ne.4Si50_Cr.0Bi28.00-5SBi06.00-5nA160Am0.0Sm0.25mT0.001No0Al0.1Be0eT0eA160eS0eFS0eFa0.out,28.0,6.0,50.0,17.0,319.5,0.21982902,49.59651,76.4388,64.135666,405.46768,-27.12225,105.80215,0.28948087,15.009991,26.342329,11.818703,63.469223,38.10426,24.456581,13.64768,13.590625,18.190435,77.207726,64.50923,159.75,103.7937,55.9563,55.9563,103.7937,631.1515,5.431061,36.696968,0.0,10.885748,32.41037,46.460606,55.41638,82.97491,184.30899,59.472347,50.589394,44.53049,64.10227,0.0
RTSIsc1.48dRnd0000000809_Ne.4Si50_Cr.0Bi-32.00-5SBi06.00-5nA160Am0.0Sm0.25mT0.001No0Al0.1Be0eT0eA160eS0eFS0eFa0.out,-32.0,6.0,50.0,17.0,319.5,0.6893828,47.872818,16.272686,8.159106,272.64957,-56.012585,67.93615,0.3389057,39.21283,31.098295,8.046591,7.7148676,42.8661,27.177225,15.688873,15.624906,20.793324,21.262445,12.513272,159.75,94.25033,65.49967,65.49967,94.25033,630.6061,5.476894,36.78788,0.0,6.2892046,28.69948,53.407246,71.85691,98.33276,185.29314,60.500996,46.032528,35.83608,44.35772,0.0
RTSIsc1.48dRnd0000000315_Ne.4Si50_Cr.0Bi-20.00-5SBi-04.00-5nA160Am0.0Sm0.25mT0.001No0Al0.1Be0eT0eA160eS0eFS0eFa0.out,-20.0,-4.0,50.0,17.0,319.5,-0.023129676,-33.994827,-53.815647,-41.22663,353.53467,-89.254036,40.943596,0.2833609,8.491193,19.320786,12.1167145,40.755966,37.484234,24.09266,13.391572,13.335322,17.472586,54.830364,41.678688,159.75,105.216576,54.53343,54.53343,105.216576,631.63635,5.530019,36.78788,0.0,10.589109,30.789867,44.720596,56.04446,82.0652,185.34166,60.104782,50.830635,45.22964,65.92041,0.0
RTSIsc1.48dRnd0000000934_Ne.4Si50_Cr.0Bi18.00-5SBi08.00-5nA160Am0.0Sm0.25mT0.001No0Al0.1Be0eT0eA160eS0eFS0eFa0.out,18.0,8.0,50.0,17.0,319.5,0.13315123,67.63021,84.555214,72.43069,430.8376,-20.95011,110.977325,0.29308683,7.161837,16.4259,11.633854,71.839676,38.532955,24.773817,13.759138,13.70071,18.45284,85.37918,72.77953,159.75,103.08087,56.66913,56.66913,103.08087,631.3333,5.4092803,37.151516,0.0,11.793135,34.200096,46.96468,56.484657,81.47931,181.14905,59.264774,50.471355,45.341053,64.18523,0.0
RTSIsc1.48dRnd0000000947_Ne.4Si50_Cr.0Bi44.00-5SBi08.00-5nA160Am0.0Sm0.25mT0.001No0Al0.1Be0eT0eA160eS0eFS0eFa0.out,44.0,8.0,50.0,17.0,319.5,0.3135531,65.65273,102.72758,95.290054,453.69736,-15.013534,114.58996,0.36911458,29.569744,36.57216,7.0296874,94.50275,43.601517,26.36302,17.238495,17.1732,28.326895,103.31024,95.34365,159.75,84.80952,74.94048,74.94048,84.80952,632.0606,5.6131153,36.636364,0.0,28.687784,58.929356,67.91998,70.052605,87.60332,155.52708,48.26231,39.942616,34.604546,40.531013,0.0
RTSIsc1.48dRnd0000000433_Ne.4Si50_Cr.0Bi16.00-5SBi-02.00-5nA160Am0.0Sm0.25mT0.001No0Al0.1Be0eT0eA160eS0eFS0eFa0.out,16.0,-2.0,50.0,17.0,319.5,0.55918443,-17.150023,-1.3210717,-0.48444578,262.55795,-62.695816,64.49924,0.36492535,16.191288,15.3307295,5.069129,4.473106,44.89612,27.975899,16.920218,16.847727,22.457718,17.204868,10.582993,159.75,88.99418,70.75582,70.75582,88.99418,631.8182,5.56089,37.18182,0.0,5.3828597,28.442188,56.340862,78.76084,107.42325,186.72992,60.875,42.91359,31.070786,33.878883,0.0
RTSIsc1.48dRnd0000000033_Ne.4Si50_Cr.0Bi16.00-5SBi-10.00-5nA160Am0.0Sm0.25mT0.001No0Al0.1Be0eT0eA160eS0eFS0eFa0.out,16.0,-10.0,50.0,17.0,319.5,-0.17908838,-79.265816,-64.79756,-52.42989,398.7398,-98.7487,32.06101,0.2900351,26.336838,13.968182,11.8776045,51.768562,38.367283,24.69072,13.676562,13.617614,18.387405,65.69055,52.582653,159.75,103.629074,56.12093,56.12093,103.629074,632.0606,5.257481,37.272728,0.0,13.73679,33.419365,44.663967,53.660652,80.8419,183.58844,59.476135,51.95317,45.86179,64.85838,0.0
RTSIsc1.48dRnd0000000522_Ne.4Si50_Cr.0Bi-06.00-5SBi00.00-5nA160Am0.0Sm0.25mT0.001No0Al0.1Be0eT0eA160eS0eFS0eFa0.out,-6.0,0.0,50.0,17.0,319.5,0.149637,1.3004735,-4.6109295,-2.3792515,267.73706,-62.413704,63.958977,0.3632956,5.699574,5.412595,5.3715434,4.8693657,45.769554,28.778078,16.991478,16.919933,21.904024,17.492924,10.874586,159.75,89.62216,70.12784,70.12784,89.62216,632.6061,5.47732,37.151516,0.0,5.5406723,29.42339,57.24238,79.46037,106.70715,181.883,61.4821,44.227745,31.625946,35.013306,0.0
RTSIsc1.48dRnd0000000916_Ne.4Si50_Cr.0Bi-18.00-5SBi08.00-5nA160Am0.0Sm0.25mT0.001No0Al0.1Be0eT0eA160eS0eFS0eFa0.out,-18.0,8.0,50.0,17.0,319.5,0.5059155,64.19829,46.677517,33.903824,347.19122,-42.422493,86.66428,0.28827745,29.795929,17.018513,12.286742,32.938023,38.934235,25.304214,13.630019,13.570218,17.757244,47.254814,34.01568,159.75,104.21956,55.530445,55.530445,104.21956,632.24243,5.628409,37.242424,0.0,11.328125,33.174953,45.87822,56.10843,81.306206,183.29967,59.215862,51.281532,45.715626,64.93381,0.0
RTSIsc1.48dRnd0000001012_Ne.4Si50_Cr.0Bi-26.00-5SBi10.00-5nA160Am0.0Sm0.25mT0.001No0Al0.1Be0eT0eA160eS0eFS0eFa0.out,-26.0,10.0,50.0,17.0,319.5,0.5134464,79.76074,55.074593,41.8946,358.6493,-35.491,93.305954,0.28514782,37.36619,24.187641,12.692282,40.92282,38.71302,25.293703,13.419318,13.3638735,18.26572,55.569622,41.75466,159.75,104.4519,55.298107,55.298107,104.4519,633.3939,5.5840435,36.969696,0.0,13.343229,34.6134,45.544083,52.98215,78.23608,186.2706,58.420834,50.73125,46.237217,67.01511,0.0
RTSIsc1.48dRnd0000000546_Ne.4Si50_Cr.0Bi42.00-5SBi00.00-5nA160Am0.0Sm0.25mT0.001No0Al0.1Be0eT0eA160eS0eFS0eFa0.out,42.0,0.0,50.0,17.0,319.5,0.2285458,-1.1719416,40.354565,28.976433,356.3434,-52.031555,80.584785,0.30165642,29.745028,41.02978,10.890719,28.344887,39.706913,25.470076,14.236837,14.170502,18.052746,41.531372,30.0796,159.75,101.83864,57.911366,57.911366,101.83864,632.5455,5.545786,37.21212,0.0,9.568655,31.608286,47.621353,60.3393,87.601326,181.52632,60.975803,51.233288,44.124573,57.946545,0.0
RTSIsc1.48dRnd0000000549_Ne.4Si50_Cr.0Bi48.00-5SBi00.00-5nA160Am0.0Sm0.25mT0.001No0Al0.1Be0eT0eA160eS0eFS0eFa0.out,48.0,0.0,50.0,17.0,319.5,0.39778438,-2.9304888,44.362488,32.3283,364.3562,-49.703465,83.38989,0.29388097,34.867992,46.79105,11.593418,31.593086,37.676704,23.894602,13.782103,13.726705,18.108995,45.45575,33.19178,159.75,103.190765,56.559235,56.559235,103.190765,630.7273,5.492614,37.060608,0.0,9.193276,29.673248,45.662357,58.255207,85.62689,185.32968,61.00469,51.659138,44.189583,60.13319,0.0
RTSIsc1.48dRnd0000000305_Ne.4Si50_Cr.0Bi-40.00-5SBi-04.00-5nA160Am0.0Sm0.25mT0.001No0Al0.1Be0eT0eA160eS0eFS0eFa0.out,-40.0,-4.0,50.0,17.0,319.5,-0.030335572,-35.28575,-73.92949,-62.04165,411.78436,-102.47241,31.788643,0.29414874,26.511742,38.14219,11.399953,61.5357,38.858524,24.910654,13.947869,13.889678,18.18575,74.95007,62.572067,159.75,103.04782,56.70218,56.70218,103.04782,632.30304,5.568845,37.21212,0.0,10.903788,33.72282,48.026752,58.287735,83.269745,180.4939,59.791573,50.85767,44.826233,62.12282,0.0
RTSIsc1.48dRnd0000000825_Ne.4Si50_Cr.0Bi00.00-5SBi06.00-5nA160Am0.0Sm0.25mT0.001No0Al0.1Be0eT0eA160eS0eFS0eFa0.out,0.0,6.0,50.0,17.0,319.5,0.5343961,49.41075,49.448177,37.06149,353.07965,-42.94521,88.84677,0.29583764,11.874195,0.9561553,11.899053,36.138824,39.030113,25.061506,13.968608,13.909185,18.397491,50.016483,37.290363,159.75,102.61553,57.134468,57.134468,102.61553,633.8182,5.522964,37.151516,0.0,9.351326,32.424717,47.837643,58.435417,84.602554,183.01984,61.017944,51.275948,44.42282,61.42997,0.0
RTSIsc1.48dRnd0000000607_Ne.4Si50_Cr.0Bi-36.00-5SBi02.00-5nA160Am0.0Sm0.25mT0.001No0Al0.1Be0eT0eA160eS0eFS0eFa0.out,-36.0,2.0,50.0,17.0,319.5,0.108530484,17.926003,-17.408413,-9.586988,302.57916,-65.9057,63.226166,0.3355127,27.025616,34.83286,7.8193655,9.767093,42.21657,26.580114,15.636458,15.572017,20.636932,22.874006,14.429647,159.75,94.894745,64.855255,64.855255,94.894745,632.5455,5.5374055,37.121212,0.0,6.8379736,28.82429,52.284424,69.528786,96.51468,188.37766,61.436363,47.657578,36.811695,44.27202,0.0
RTSIsc1.48dRnd0000000845_Ne.4Si50_Cr.0Bi40.00-5SBi06.00-5nA160Am0.0Sm0.25mT0.001No0Al0.1Be0eT0eA160eS0eFS0eFa0.out,40.0,6.0,50.0,17.0,319.5,0.42409202,50.50621,88.288765,76.84945,449.65738,-21.34199,111.81703,0.29833126,26.161743,37.283287,10.961979,75.933,39.200993,25.018276,14.182718,14.118324,18.470076,88.826645,76.86074,159.75,102.17576,57.57424,57.57424,102.17576,630.24243,5.477083,36.78788,0.0,11.771213,33.134422,46.57817,57.100662,84.40402,181.54366,58.732483,51.34858,45.44247,60.18674,0.0
RTSIsc1.48dRnd0000000621_Ne.4Si50_Cr.0Bi-08.00-5SBi02.00-5nA160Am0.0Sm0.25mT0.001No0Al0.1Be0eT0eA160eS0eFS0eFa0.out,-8.0,2.0,50.0,17.0,319.5,0.043283157,17.700869,10.037398,5.076978,260.27954,-58.92967,63.9839,0.3463848,12.575663,7.16553,6.659138,6.338873,43.51392,27.24465,16.26927,16.204166,20.534233,19.185637,11.477078,159.75,93.170784,66.579216,66.579216,93.170784,632.8485,5.5161934,37.060608,0.0,5.522017,27.20644,53.564537,74.38499,102.52552,187.30809,61.972584,45.418324,34.636555,40.30942,0.0
RTSIsc1.48dRnd0000000517_Ne.4Si50_Cr.0Bi-16.00-5SBi00.00-5nA160Am0.0Sm0.25mT0.001No0Al0.1Be0eT0eA160eS0eFS0eFa0.out,-16.0,0.0,50.0,17.0,319.5,-0.078746565,-1.0901417,-16.905025,-9.272937,290.28146,-66.0027,61.726162,0.34139323,8.428646,15.312074,7.3351326,9.2346115,43.077793,27.117897,15.959896,15.894934,20.959044,22.071054,13.899395,159.75,93.74233,66.00767,66.00767,93.74233,628.6667,5.2868843,37.060608,0.0,6.5685606,29.882196,54.217472,71.67301,98.5608,182.53418,59.848343,46.04015,36.320408,43.021545,0.0
RTSIsc1.48dRnd0000000036_Ne.4Si50_Cr.0Bi22.00-5SBi-10.00-5nA160Am0.0Sm0.25mT0.001No0Al0.1Be0eT0eA160eS0eFS0eFa0.out,22.0,-10.0,50.0,17.0,319.5,0.41136965,-76.96551,-56.242397,-43.543743,356.873,-92.6639,36.613476,0.28776476,32.92282,20.224812,12.2142515,43.509422,37.856297,24.333475,13.522822,13.463162,17.69072,57.74575,44.470463,159.75,104.32604,55.423958,55.423958,104.32604,632.0606,5.4848013,36.696968,0.0,11.2999525,32.0437,46.29195,56.671593,82.0554,183.64621,59.08878,51.276703,44.915718,64.7706,0.0
RTSIsc1.48dRnd0000000437_Ne.4Si50_Cr.0Bi24.00-5SBi-02.00-5nA160Am0.0Sm0.25mT0.001No0Al0.1Be0eT0eA160eS0eFS0eFa0.out,24.0,-2.0,50.0,17.0,319.5,0.3918792,-17.215845,6.4304833,3.4667497,261.42853,-61.5275,63.466293,0.35949743,20.26605,23.144745,5.365199,5.0831437,44.823864,28.063116,16.760748,16.694792,21.457102,17.726084,10.980966,159.75,90.57254,69.17746,69.17746,90.57254,632.1818,5.432008,36.545456,0.0,4.438494,27.26681,56.134377,79.08442,107.69754,183.6168,62.275238,44.046684,32.290104,35.331345,0.0
RTSIsc1.48dRnd0000000829_Ne.4Si50_Cr.0Bi08.00-5SBi06.00-5nA160Am0.0Sm0.25mT0.001No0Al0.1Be0eT0eA160eS0eFS0eFa0.out,8.0,6.0,50.0,17.0,319.5,0.29989022,48.819447,56.7612,44.127098,379.463,-38.735966,93.86898,0.29196674,5.68125,7.4413824,12.148201,43.367283,37.974194,24.393988,13.580209,13.519744,18.1393,57.495754,44.40256,159.75,103.374146,56.37585,56.37585,103.374146,631.8788,5.658428,37.18182,0.0,10.26643,31.758997,46.13925,56.390152,81.64252,187.81818,59.72803,51.01174,44.999336,62.12415,0.0
RTSIsc1.48dRnd0000000246_Ne.4Si50_Cr.0Bi42.00-5SBi-06.00-5nA160Am0.0Sm0.25mT0.001No0Al0.1Be0eT0eA160eS0eFS0eFa0.out,42.0,-6.0,50.0,17.0,319.5,0.57622886,-47.782528,-6.381255,-2.361963,268.3782,-63.02912,62.578556,0.35675076,44.922066,40.904358,5.6924243,4.5999527,45.2402,28.518276,16.721922,16.6509,21.397917,17.88699,10.725451,159.75,90.98253,68.76747,68.76747,90.98253,632.0606,5.5902934,37.151516,0.0,4.9813447,28.307055,56.113968,77.93551,106.50904,182.07603,61.55166,44.98949,32.52983,37.066666,0.0
RTSIsc1.48dRnd0000000521_Ne.4Si50_Cr.0Bi-08.00-5SBi00.00-5nA160Am0.0Sm0.25mT0.001No0Al0.1Be0eT0eA160eS0eFS0eFa0.out,-8.0,0.0,50.0,17.0,319.5,0.33826143,1.3655653,-6.6373377,-3.1973171,262.0692,-61.77482,61.4212,0.35732907,6.395928,7.500852,5.818182,5.3148675,44.753742,28.178835,16.574905,16.508333,21.693892,18.198431,11.161458,159.75,90.727936,69.022064,69.022064,90.727936,630.6061,5.454167,36.575756,0.0,5.2769885,29.584564,57.538494,77.493,104.23703,181.78386,60.795692,44.263874,32.49839,37.134186,0.0
RTSIsc1.48dRnd0000000443_Ne.4Si50_Cr.0Bi36.00-5SBi-02.00-5nA160Am0.0Sm0.25mT0.001No0Al0.1Be0eT0eA160eS0eFS0eFa0.out,36.0,-2.0,50.0,17.0,319.5,0.2165539,-18.265867,17.099926,9.523957,298.27875,-62.0628,66.88885,0.3453076,27.324432,34.863922,7.187405,9.193276,43.6134,27.562216,16.051184,15.9836645,20.737122,21.799467,13.977851,159.75,93.22903,66.52097,66.52097,93.22903,631.63635,5.325379,36.727272,0.0,5.8569603,29.273342,54.550854,73.41449,100.2053,183.5485,61.504402,46.571827,35.854687,40.856014,0.0
RTSIsc1.48dRnd0000000431_Ne.4Si50_Cr.0Bi12.00-5SBi-02.00-5nA160Am0.0Sm0.25mT0.001No0Al0.1Be0eT0eA160eS0eFS0eFa0.out,12.0,-2.0,50.0,17.0,319.5,-0.018959412,-17.847086,-5.8966646,-2.8569298,260.13852,-62.26317,62.477985,0.36432967,14.574858,11.455019,4.9710226,4.686458,45.735226,28.723106,17.012121,16.94001,22.19948,17.278057,10.727744,159.75,89.25573,70.49427,70.49427,89.25573,631.8788,5.500947,36.878788,0.0,5.346449,28.98608,56.772633,79.088776,106.43598,183.42406,61.520077,43.993465,32.130825,34.180447,0.0
RTSIsc1.48dRnd0000000200_Ne.4Si50_Cr.0Bi-50.00-5SBi-06.00-5nA160Am0.0Sm0.25mT0.001No0Al0.1Be0eT0eA160eS0eFS0eFa0.out,-50.0,-6.0,50.0,17.0,319.5,0.3205473,-47.707897,-92.95631,-84.60161,435.42413,-108.94426,23.024576,0.33822826,36.757812,44.74517,7.9124527,84.46562,42.548767,26.442993,16.105776,16.041288,23.36927,94.31081,85.44982,159.75,92.80364,66.94636,66.94636,92.80364,631.57574,5.500047,37.090908,0.0,18.998154,43.47183,55.918087,63.99659,86.20753,173.23068,56.063023,46.547302,40.049526,47.09304,0.0
RTSIsc1.48dRnd0000000526_Ne.4Si50_Cr.0Bi02.00-5SBi00.00-5nA160Am0.0Sm0.25mT0.001No0Al0.1Be0eT0eA160eS0eFS0eFa0.out,2.0,0.0,50.0,17.0,319.5,-0.33072364,-1.7152063,0.3183363,-0.16144493,257.21667,-62.019726,64.05741,0.36423165,5.072585,1.7149148,4.9140153,3.9407196,45.93343,28.766005,17.167425,17.099005,21.675047,16.469366,10.0842495,159.75,89.62476,70.12524,70.12524,89.62476,632.48486,5.447585,37.030304,0.0,4.6050663,27.305397,55.843513,79.89986,109.21401,184.83186,62.30109,43.75355,31.264584,33.465908,0.0
RTSIsc1.48dRnd0000000810_Ne.4Si50_Cr.0Bi-30.00-5SBi06.00-5nA160Am0.0Sm0.25mT0.001No0Al0.1Be0eT0eA160eS0eFS0eFa0.out,-30.0,6.0,50.0,17.0,319.5,0.44060466,51.940792,22.484535,12.29609,284.11636,-55.074535,69.9521,0.31592873,39.142803,28.955872,9.767329,11.7038355,40.49588,25.854546,14.6413355,14.580966,19.524668,25.849258,15.442885,159.75,98.6964,61.0536,61.0536,98.6964,632.30304,5.348106,37.363636,0.0,7.7590437,29.99555,50.581013,65.55587,93.2938,185.29053,59.93177,47.5759,38.75483,53.564724,0.0
RTSIsc1.48dRnd0000000409_Ne.4Si50_Cr.0Bi-32.00-5SBi-02.00-5nA160Am0.0Sm0.25mT0.001No0Al0.1Be0eT0eA160eS0eFS0eFa0.out,-32.0,-2.0,50.0,17.0,319.5,0.44714937,-18.901709,-50.214077,-38.087982,394.09158,-87.4042,46.989346,0.2943236,19.069744,30.814205,11.648864,38.14877,38.676514,24.815672,13.860843,13.79749,17.682007,51.830643,39.57021,159.75,103.237785,56.512215,56.512215,103.237785,632.24243,5.4535985,37.151516,0.0,9.590578,31.857954,46.109657,57.099148,84.398766,185.3277,60.578266,51.247112,45.152794,60.880444,0.0
RTSIsc1.48dRnd0000000745_Ne.4Si50_Cr.0Bi40.00-5SBi04.00-5nA160Am0.0Sm0.25mT0.001No0Al0.1Be0eT0eA160eS0eFS0eFa0.out,40.0,4.0,50.0,17.0,319.5,0.31853002,32.67978,71.71438,60.061188,416.51456,-33.528255,103.69294,0.29850763,27.180634,38.535606,11.160891,59.286507,39.542946,25.427368,14.115578,14.051231,18.14105,72.4566,60.354618,159.75,102.3304,57.4196,57.4196,102.3304,632.6061,5.446875,36.848484,0.0,9.079735,30.897821,47.289158,58.499336,85.98949,184.90265,61.405445,51.13584,44.380634,59.025948,0.0
RTSIsc1.48dRnd0000000046_Ne.4Si50_Cr.0Bi42.00-5SBi-10.00-5nA160Am0.0Sm0.25mT0.001No0Al0.1Be0eT0eA160eS0eFS0eFa0.out,42.0,-10.0,50.0,17.0,319.5,0.1202689,-80.735344,-40.722347,-26.301746,325.61575,-81.14646,43.4979,0.2721119,53.932716,39.513165,13.9424715,26.062548,36.20644,23.307907,12.898532,12.84233,16.506819,42.17436,27.277468,159.75,107.622826,52.12718,52.12718,107.622826,631.4545,5.454356,37.303032,0.0,9.155587,29.66198,43.242046,53.103455,79.452225,189.56685,60.428646,51.446545,45.554405,69.842804,0.0
RTSIsc1.48dRnd0000000940_Ne.4Si50_Cr.0Bi30.00-5SBi08.00-5nA160Am0.0Sm0.25mT0.001No0Al0.1Be0eT0eA160eS0eFS0eFa0.out,30.0,8.0,50.0,17.0,319.5,0.7408036,67.539024,94.35487,83.95056,450.9249,-16.631098,113.371796,0.31210622,16.725048,26.318323,9.938115,82.73631,39.76236,25.026468,14.73589,14.675047,20.534658,94.56517,83.73904,159.75,98.72566,61.024338,61.024338,98.72566,631.4545,5.393892,36.939392,0.0,14.576894,38.48854,52.29943,60.826706,85.08035,174.39981,57.619698,49.38982,42.475235,56.298058,0.0
RTSIsc1.48dRnd0000000311_Ne.4Si50_Cr.0Bi-28.00-5SBi-04.00-5nA160Am0.0Sm0.25mT0.001No0Al0.1Be0eT0eA160eS0eFS0eFa0.out,-28.0,-4.0,50.0,17.0,319.5,0.35773468,-34.20676,-61.27319,-48.836742,392.5012,-93.84108,41.07616,0.28646758,14.970834,26.568134,11.943561,48.756866,38.05076,24.430634,13.620123,13.5617895,16.944128,62.75117,49.92986,159.75,104.99976,54.750237,54.750237,104.99976,632.6667,5.576373,37.21212,0.0,8.900047,30.70232,45.37467,56.077984,83.299,185.65085,61.2732,51.995407,45.912025,63.481155,0.0
RTSIsc1.48dRnd0000001032_Ne.4Si50_Cr.0Bi14.00-5SBi10.00-5nA160Am0.0Sm0.25mT0.001No0Al0.1Be0eT0eA160eS0eFS0eFa0.out,14.0,10.0,50.0,17.0,319.5,0.33693966,79.72769,91.41813,79.96086,451.7475,-18.116539,112.3595,0.2976162,5.271165,11.1896305,10.981676,79.15194,38.89479,24.78821,14.106582,14.047254,19.383333,92.074326,80.09866,159.75,101.76458,57.985416,57.985416,101.76458,633.2727,5.4315343,37.21212,0.0,14.4637785,36.2,47.931725,56.11714,81.642944,179.86823,57.97462,50.77874,44.734516,63.56103,0.0
RTSIsc1.48dRnd0000000206_Ne.4Si50_Cr.0Bi-38.00-5SBi-06.00-5nA160Am0.0Sm0.25mT0.001No0Al0.1Be0eT0eA160eS0eFS0eFa0.out,-38.0,-6.0,50.0,17.0,319.5,0.4818045,-50.513664,-86.09126,-75.34824,441.79337,-107.76359,24.814137,0.29955202,24.651752,35.077557,10.264157,75.33935,38.970264,24.76392,14.206345,14.147585,18.408808,87.66496,76.35949,159.75,102.03177,57.718227,57.718227,102.03177,631.51514,5.386174,37.242424,0.0,9.4623575,33.062546,47.527225,59.144176,84.44896,182.41454,59.5089,50.938305,45.47183,59.536316,0.0
RTSIsc1.48dRnd0000000540_Ne.4Si50_Cr.0Bi30.00-5SBi00.00-5nA160Am0.0Sm0.25mT0.001No0Al0.1Be0eT0eA160eS0eFS0eFa0.out,30.0,0.0,50.0,17.0,319.5,0.14164722,1.6521858,31.113785,19.809374,326.6,-55.693188,73.11122,0.3023058,17.828314,28.962406,10.840815,19.322775,39.19834,25.135038,14.063305,14.001988,18.447159,32.80414,21.757795,159.75,101.56349,58.186504,58.186504,101.56349,631.0909,5.613873,36.666668,0.0,8.370265,30.877274,47.675426,59.900948,86.75644,185.00752,61.096924,50.939205,43.393562,57.07334,0.0
RTSIsc1.48dRnd0000000727_Ne.4Si50_Cr.0Bi04.00-5SBi04.00-5nA160Am0.0Sm0.25mT0.001No0Al0.1Be0eT0eA160eS0eFS0eFa0.out,4.0,4.0,50.0,17.0,319.5,0.7981737,34.74837,39.04479,27.026846,350.70975,-50.466698,80.571205,0.29911804,7.548816,3.8190815,11.541667,25.81018,39.8027,25.726751,14.075947,14.015815,18.226467,39.706383,27.482977,159.75,102.18542,57.564583,57.564583,102.18542,631.4545,5.4922824,37.090908,0.0,9.571922,32.206062,48.308712,58.146023,82.19849,185.06581,60.78949,50.759377,44.49536,59.913303,0.0
RTSIsc1.48dRnd0000000922_Ne.4Si50_Cr.0Bi-06.00-5SBi08.00-5nA160Am0.0Sm0.25mT0.001No0Al0.1Be0eT0eA160eS0eFS0eFa0.out,-6.0,8.0,50.0,17.0,319.5,0.45180106,65.945114,60.162384,47.405376,381.8136,-37.1423,96.231735,0.28651026,18.041004,5.283712,12.266856,46.49498,37.621212,24.24413,13.377084,13.31965,17.850426,60.806103,47.53426,159.75,104.49773,55.252274,55.252274,104.49773,632.24243,5.4464016,37.242424,0.0,10.781534,31.65734,45.43002,54.27945,80.77912,187.63045,59.71951,51.861458,45.484657,64.61889,0.0
RTSIsc1.48dRnd0000000709_Ne.4Si50_Cr.0Bi-32.00-5SBi04.00-5nA160Am0.0Sm0.25mT0.001No0Al0.1Be0eT0eA160eS0eFS0eFa0.out,-32.0,4.0,50.0,17.0,319.5,0.082782805,32.575867,1.2331127,0.07154009,258.7961,-61.21,64.059814,0.36346635,32.003883,30.844034,5.114773,3.5908618,45.454166,28.533854,16.920313,16.852226,21.669697,16.70969,10.0981045,159.75,89.742424,70.007576,70.007576,89.742424,631.3333,5.4628787,37.060608,0.0,4.276752,27.4777,57.255966,80.610466,109.52732,181.8481,61.467186,43.728363,31.081345,34.06013,0.0
RTSIsc1.48dRnd0000000444_Ne.4Si50_Cr.0Bi38.00-5SBi-02.00-5nA160Am0.0Sm0.25mT0.001No0Al0.1Be0eT0eA160eS0eFS0eFa0.out,38.0,-2.0,50.0,17.0,319.5,0.21960475,-17.359367,20.058218,11.659831,299.083,-60.441345,67.487175,0.32822582,28.561127,36.91804,8.611363,11.611553,41.715626,26.545645,15.169981,15.108854,20.09697,24.629946,15.725891,159.75,96.42353,63.32647,63.32647,96.42353,631.63635,5.51482,36.969696,0.0,6.4830494,29.796827,51.450806,67.452225,94.55758,186.96207,60.62429,48.141903,38.510086,47.657528,0.0
RTSIsc1.48dRnd0000000339_Ne.4Si50_Cr.0Bi28.00-5SBi-04.00-5nA160Am0.0Sm0.25mT0.001No0Al0.1Be0eT0eA160eS0eFS0eFa0.out,28.0,-4.0,50.0,17.0,319.5,0.58765554,-29.69397,-1.9056423,-0.46465528,257.7436,-62.382004,62.288815,0.36257145,28.741903,27.289536,5.327225,4.4887786,44.749336,27.995028,16.754309,16.686174,22.254782,17.062708,10.410293,159.75,89.5651,70.1849,70.1849,89.5651,631.57574,5.5152464,36.515152,0.0,5.2808237,28.269224,56.080494,78.018135,105.08845,187.28708,61.260227,43.762688,31.87178,34.656864,0.0
RTSIsc1.48dRnd0000000712_Ne.4Si50_Cr.0Bi-26.00-5SBi04.00-5nA160Am0.0Sm0.25mT0.001No0Al0.1Be0eT0eA160eS0eFS0eFa0.out,-26.0,4.0,50.0,17.0,319.5,-0.26149035,33.67508,8.001357,3.4024215,244.04787,-59.001408,62.95079,0.36248827,29.775331,25.175615,5.1302085,4.368703,45.134377,28.022064,17.11231,17.041857,21.659943,17.001093,10.195805,159.75,89.89285,69.85715,69.85715,89.89285,632.0606,5.424858,36.939392,0.0,4.446875,26.96823,56.47874,79.39602,108.89848,184.94011,61.8455,43.64858,31.116383,34.321686,0.0
RTSIsc1.48dRnd0000001027_Ne.4Si50_Cr.0Bi04.00-5SBi10.00-5nA160Am0.0Sm0.25mT0.001No0Al0.1Be0eT0eA160eS0eFS0eFa0.out,4.0,10.0,50.0,17.0,319.5,0.117049515,83.65766,87.08425,74.928734,450.4913,-18.069584,111.94067,0.292717,8.439062,3.0126421,11.6683235,74.33613,38.818798,24.842566,13.976231,13.915152,18.6,87.93804,75.21996,159.75,102.97154,56.778458,56.778458,102.97154,633.57574,5.492377,37.121212,0.0,14.129356,35.9098,47.213448,54.722443,81.44356,178.09465,58.99446,51.25147,46.458,65.35857,0.0
RTSIsc1.48dRnd0000001006_Ne.4Si50_Cr.0Bi-38.00-5SBi10.00-5nA160Am0.0Sm0.25mT0.001No0Al0.1Be0eT0eA160eS0eFS0eFa0.out,-38.0,10.0,50.0,17.0,319.5,0.5148297,80.82132,44.495285,30.475239,337.26422,-41.752346,85.27183,0.27659327,49.844414,35.822445,13.5404825,29.56127,36.575947,23.553267,13.02268,12.966762,16.96766,45.209415,30.763575,159.75,106.597725,53.15227,53.15227,106.597725,631.3939,5.439252,37.151516,0.0,9.8269415,30.310606,43.417614,53.3822,79.58722,188.45389,60.23035,51.70071,46.299953,68.18447,0.0
RTSIsc1.48dRnd0000000030_Ne.4Si50_Cr.0Bi10.00-5SBi-10.00-5nA160Am0.0Sm0.25mT0.001No0Al0.1Be0eT0eA160eS0eFS0eFa0.out,10.0,-10.0,50.0,17.0,319.5,0.32418546,-76.3139,-67.171555,-53.871944,379.00217,-98.43572,28.442572,0.2752787,21.942709,8.645881,12.816572,53.77358,37.479828,24.330683,13.149148,13.089962,16.666903,68.54384,54.571808,159.75,106.97671,52.773296,52.773296,106.97671,632.0,5.4996686,36.454544,0.0,12.052557,31.22448,42.594555,51.700806,80.46908,184.26675,60.117283,52.718845,47.42552,69.430115,0.0
RTSIsc1.48dRnd0000000948_Ne.4Si50_Cr.0Bi46.00-5SBi08.00-5nA160Am0.0Sm0.25mT0.001No0Al0.1Be0eT0eA160eS0eFS0eFa0.out,46.0,8.0,50.0,17.0,319.5,0.20682763,62.88164,102.25547,93.40517,464.96484,-16.185858,114.48499,0.34155115,30.449762,38.873295,8.422017,92.726654,41.486507,25.278692,16.207813,16.144176,24.267567,102.98089,93.579285,159.75,91.76425,67.98575,67.98575,91.76425,632.0,5.764915,37.090908,0.0,19.91411,47.2107,60.421684,67.57784,89.54536,164.81065,52.34053,43.218372,37.869034,49.091713,0.0
RTSIsc1.48dRnd0000001035_Ne.4Si50_Cr.0Bi20.00-5SBi10.00-5nA160Am0.0Sm0.25mT0.001No0Al0.1Be0eT0eA160eS0eFS0eFa0.out,20.0,10.0,50.0,17.0,319.5,0.47400874,83.061714,98.69259,89.73584,453.69904,-17.838503,114.20226,0.33583957,8.014205,15.130161,8.512926,88.79285,42.17093,26.412594,15.758333,15.697775,24.430872,99.221245,89.6891,159.75,92.61539,67.13461,67.13461,92.61539,631.2121,5.553504,36.757576,0.0,22.068039,48.440388,58.275238,62.92841,83.03902,168.48926,52.669983,45.401375,39.410038,50.490387,0.0
RTSIsc1.48dRnd0000000738_Ne.4Si50_Cr.0Bi26.00-5SBi04.00-5nA160Am0.0Sm0.25mT0.001No0Al0.1Be0eT0eA160eS0eFS0eFa0.out,26.0,4.0,50.0,17.0,319.5,0.59294647,33.141403,58.65232,46.503613,382.42896,-38.52853,95.04443,0.29549336,13.576231,25.012642,11.65999,45.4589,38.993465,25.06321,13.930256,13.872633,18.773058,59.126865,46.5485,159.75,102.49195,57.25805,57.25805,102.49195,631.75757,5.4470644,37.0,0.0,11.115909,33.45876,47.303032,56.809,83.27713,182.64355,59.814014,51.247585,44.72178,61.36681,0.0
RTSIsc1.48dRnd0000000516_Ne.4Si50_Cr.0Bi-18.00-5SBi00.00-5nA160Am0.0Sm0.25mT0.001No0Al0.1Be0eT0eA160eS0eFS0eFa0.out,-18.0,0.0,50.0,17.0,319.5,0.34622815,-0.03977893,-17.890944,-9.377496,296.4456,-64.726135,62.902428,0.3283709,9.493087,17.350048,8.406723,9.7417145,41.732243,26.523626,15.208617,15.143134,19.985844,23.358578,14.368527,159.75,96.409,63.341003,63.341003,96.409,631.3333,5.4617424,36.696968,0.0,6.788636,29.633522,52.77244,69.3161,95.359566,183.46274,61.48461,47.849762,37.299007,47.36695,0.0
RTSIsc1.48dRnd0000000011_Ne.4Si50_Cr.0Bi-28.00-5SBi-10.00-5nA160Am0.0Sm0.25mT0.001No0Al0.1Be0eT0eA160eS0eFS0eFa0.out,-28.0,-10.0,50.0,17.0,319.5,0.38684684,-78.29138,-98.92176,-91.871284,450.8654,-109.7215,22.454678,0.37991852,13.850663,20.135653,6.666714,91.77528,45.001137,27.258854,17.742283,17.674526,31.21913,100.35592,92.509155,159.75,81.37661,78.37339,78.37339,81.37661,630.5455,5.576278,36.666668,0.0,39.41548,59.670643,66.15819,68.53447,85.194885,155.29172,46.78949,38.378693,33.357624,37.75426,0.0
RTSIsc1.48dRnd0000000606_Ne.4Si50_Cr.0Bi-38.00-5SBi02.00-5nA160Am0.0Sm0.25mT0.001No0Al0.1Be0eT0eA160eS0eFS0eFa0.out,-38.0,2.0,50.0,17.0,319.5,0.12218896,17.497236,-19.870472,-11.182309,304.81113,-65.93627,62.946186,0.3294811,28.213732,36.866997,8.300521,11.241998,42.272774,26.946827,15.325947,15.257907,19.919508,24.479279,15.613346,159.75,96.243324,63.506676,63.506676,96.243324,630.8485,5.6135416,37.030304,0.0,7.623059,31.206629,52.506012,67.95985,94.55061,182.75166,60.806725,47.81733,37.911884,47.714725,0.0
RTSIsc1.48dRnd0000000920_Ne.4Si50_Cr.0Bi-10.00-5SBi08.00-5nA160Am0.0Sm0.25mT0.001No0Al0.1Be0eT0eA160eS0eFS0eFa0.out,-10.0,8.0,50.0,17.0,319.5,0.49576953,62.3411,52.74735,39.337605,380.9831,-42.326534,91.931274,0.28831726,22.50232,9.092945,12.919981,38.424053,37.82486,24.417662,13.407197,13.348674,18.340342,53.3478,39.448906,159.75,103.86562,55.884377,55.884377,103.86562,632.30304,5.5150566,37.0,0.0,10.843324,33.08035,46.0634,55.2572,81.25677,185.85829,59.36752,50.79531,44.830303,64.95057,0.0
RTSIsc1.48dRnd0000000542_Ne.4Si50_Cr.0Bi34.00-5SBi00.00-5nA160Am0.0Sm0.25mT0.001No0Al0.1Be0eT0eA160eS0eFS0eFa0.out,34.0,0.0,50.0,17.0,319.5,0.34471717,-1.7103574,31.89557,21.604265,340.42624,-56.19069,75.4051,0.31427556,22.946306,33.10426,9.900994,21.010653,40.533382,25.769793,14.763589,14.7047825,18.794601,34.020863,23.674511,159.75,99.45535,60.29465,60.29465,99.45535,631.75757,5.5984373,36.969696,0.0,7.7108426,30.35393,50.95966,64.81259,92.034615,181.16231,61.143085,49.243465,41.53106,52.806015,0.0
RTSIsc1.48dRnd0000000429_Ne.4Si50_Cr.0Bi08.00-5SBi-02.00-5nA160Am0.0Sm0.25mT0.001No0Al0.1Be0eT0eA160eS0eFS0eFa0.out,8.0,-2.0,50.0,17.0,319.5,0.045353964,-16.351439,-8.533693,-3.7754803,262.7954,-62.320923,62.41339,0.3546103,12.169933,7.321686,6.2970643,5.1597066,44.54138,27.856203,16.68518,16.614725,21.154308,18.024788,10.84479,159.75,91.459946,68.290054,68.290054,91.459946,632.7273,5.4173293,36.878788,0.0,5.232339,27.765957,55.778645,77.10886,104.64219,184.84895,62.343987,44.853172,32.52945,37.623722,0.0
RTSIsc1.48dRnd0000000910_Ne.4Si50_Cr.0Bi-30.00-5SBi08.00-5nA160Am0.0Sm0.25mT0.001No0Al0.1Be0eT0eA160eS0eFS0eFa0.out,-30.0,8.0,50.0,17.0,319.5,0.49165237,63.871,34.43148,22.059975,327.70807,-49.272873,77.57275,0.2960875,41.311317,28.940151,11.9131155,21.226326,38.278976,24.575851,13.703125,13.645833,18.44214,35.707687,23.20026,159.75,102.54967,57.200333,57.200333,102.54967,630.9697,5.3939867,36.636364,0.0,9.646307,32.06103,47.01468,57.98608,84.67775,185.08556,59.236885,50.107574,43.109375,62.04446,0.0
RTSIsc1.48dRnd0000000743_Ne.4Si50_Cr.0Bi36.00-5SBi04.00-5nA160Am0.0Sm0.25mT0.001No0Al0.1Be0eT0eA160eS0eFS0eFa0.out,36.0,4.0,50.0,17.0,319.5,0.13674495,33.02462,68.3225,56.985443,403.4003,-35.791035,101.4807,0.30394453,23.713448,34.79872,10.850994,56.377224,39.59299,25.43859,14.154404,14.097254,18.9259,69.2036,57.40444,159.75,101.058426,58.69157,58.69157,101.058426,631.3333,5.545833,37.272728,0.0,9.249053,32.130444,47.93925,58.534374,86.04451,186.22495,60.092613,49.83982,43.61103,57.667282,0.0
RTSIsc1.48dRnd0000000720_Ne.4Si50_Cr.0Bi-10.00-5SBi04.00-5nA160Am0.0Sm0.25mT0.001No0Al0.1Be0eT0eA160eS0eFS0eFa0.out,-10.0,4.0,50.0,17.0,319.5,0.14051397,31.700586,21.899332,12.545666,295.1873,-57.25974,69.39651,0.32196793,18.66089,9.301894,9.142471,12.295928,41.002083,26.100899,14.901184,14.839347,19.670786,25.642588,15.890299,159.75,97.65672,62.093277,62.093277,97.65672,633.0909,5.400947,36.696968,0.0,7.0208335,29.862738,50.814064,66.503174,93.319695,186.82182,60.86416,48.465435,39.53428,49.884705,0.0
RTSIsc1.48dRnd0000000348_Ne.4Si50_Cr.0Bi46.00-5SBi-04.00-5nA160Am0.0Sm0.25mT0.001No0Al0.1Be0eT0eA160eS0eFS0eFa0.out,46.0,-4.0,50.0,17.0,319.5,0.39175183,-29.48184,15.944732,8.738586,289.50177,-59.976917,66.69971,0.3392819,37.73286,44.92552,7.244697,8.370359,42.69569,26.836126,15.859565,15.792519,20.063068,21.477901,13.34473,159.75,94.621735,65.128265,65.128265,94.621735,633.57574,5.5079546,36.81818,0.0,5.1154356,27.590578,52.686977,72.83087,101.093605,185.82018,61.998672,47.248108,36.831154,42.36018,0.0
RTSIsc1.48dRnd0000000041_Ne.4Si50_Cr.0Bi32.00-5SBi-10.00-5nA160Am0.0Sm0.25mT0.001No0Al0.1Be0eT0eA160eS0eFS0eFa0.out,32.0,-10.0,50.0,17.0,319.5,0.504337,-76.6764,-45.992546,-31.797981,337.898,-84.1629,42.28875,0.2708445,44.377747,30.182718,13.709138,31.83982,35.458286,22.884138,12.574148,12.520833,16.581488,47.64904,32.908363,159.75,107.781395,51.96861,51.96861,107.781395,631.8182,5.454877,36.60606,0.0,9.942519,30.405256,42.93665,53.115437,79.692894,187.57202,58.849716,51.651703,45.986362,71.66563,0.0
RTSIsc1.48dRnd0000000911_Ne.4Si50_Cr.0Bi-28.00-5SBi08.00-5nA160Am0.0Sm0.25mT0.001No0Al0.1Be0eT0eA160eS0eFS0eFa0.out,-28.0,8.0,50.0,17.0,319.5,0.24363744,63.044212,35.644047,23.126604,319.06915,-48.362328,77.998245,0.29010785,39.417282,26.902887,12.051657,22.438116,38.249527,24.65251,13.597017,13.53892,17.898201,36.982338,24.111656,159.75,103.826,55.924007,55.924007,103.826,633.0909,5.613447,37.21212,0.0,10.454925,32.019604,46.24896,55.98073,82.62277,186.64862,59.5536,50.74394,45.109657,63.708096,0.0
RTSIsc1.48dRnd0000000449_Ne.4Si50_Cr.0Bi48.00-5SBi-02.00-5nA160Am0.0Sm0.25mT0.001No0Al0.1Be0eT0eA160eS0eFS0eFa0.out,48.0,-2.0,50.0,17.0,319.5,0.67657673,-14.525621,32.540905,21.28571,341.31683,-56.46124,74.71658,0.3036285,35.330208,46.56752,10.7937975,20.228693,39.816715,25.383238,14.4334755,14.370881,17.734375,33.91971,22.786093,159.75,101.74313,58.006866,58.006866,101.74313,633.3333,5.7119794,37.151516,0.0,7.6254263,29.741808,48.26837,62.638588,90.54119,182.14157,62.119507,50.83613,43.31842,56.10232,0.0
RTSIsc1.48dRnd0000000635_Ne.4Si50_Cr.0Bi20.00-5SBi02.00-5nA160Am0.0Sm0.25mT0.001No0Al0.1Be0eT0eA160eS0eFS0eFa0.out,20.0,2.0,50.0,17.0,319.5,0.08587438,17.852554,37.640884,25.51521,345.72885,-52.14882,78.85808,0.29739967,8.442329,19.286884,11.6394415,25.032007,38.766193,24.791145,13.975047,13.915388,17.972586,39.06443,26.891468,159.75,102.64299,57.107006,57.107006,102.64299,631.75757,5.4542613,37.090908,0.0,8.196544,31.475521,48.395786,60.107574,86.76946,183.20166,60.203457,50.044033,43.547585,59.815956,0.0
RTSIsc1.48dRnd0000001024_Ne.4Si50_Cr.0Bi-02.00-5SBi10.00-5nA160Am0.0Sm0.25mT0.001No0Al0.1Be0eT0eA160eS0eFS0eFa0.out,-2.0,10.0,50.0,17.0,319.5,0.59196645,84.87438,83.03473,69.254745,423.99265,-18.866238,110.2644,0.2710998,15.125899,1.6470644,13.289962,68.23182,36.743702,23.634563,13.1091385,13.056155,16.742046,83.461716,68.868935,159.75,107.644554,52.105446,52.105446,107.644554,632.36365,5.371212,37.363636,0.0,13.378598,31.261269,41.034374,49.477936,75.6955,188.39905,59.476658,52.220078,48.94678,72.47339,0.0
RTSIsc1.48dRnd0000000539_Ne.4Si50_Cr.0Bi28.00-5SBi00.00-5nA160Am0.0Sm0.25mT0.001No0Al0.1Be0eT0eA160eS0eFS0eFa0.out,28.0,0.0,50.0,17.0,319.5,0.2830631,1.2391009,28.78406,17.957762,330.9444,-56.59442,73.62669,0.31444523,16.403976,27.045645,10.364204,17.31359,40.587025,25.954355,14.63267,14.569034,19.009802,30.707647,20.206753,159.75,99.23395,60.516052,60.516052,99.23395,633.3939,5.3633995,37.060608,0.0,7.383949,30.770643,50.761078,64.88717,91.253365,184.78186,61.33613,49.28982,40.849716,52.080208,0.0
RTSIsc1.48dRnd0000000647_Ne.4Si50_Cr.0Bi44.00-5SBi02.00-5nA160Am0.0Sm0.25mT0.001No0Al0.1Be0eT0eA160eS0eFS0eFa0.out,44.0,2.0,50.0,17.0,319.5,-0.11857828,15.698458,58.547512,46.159725,418.51376,-44.123672,94.60533,0.29673672,30.131014,42.348816,11.8998575,45.840813,38.91752,25.031391,13.8861265,13.825094,18.30625,59.792522,47.198715,159.75,102.5125,57.2375,57.2375,102.5125,630.36365,5.3476324,37.030304,0.0,9.480445,33.571827,48.56856,58.21889,82.794556,182.62334,59.403835,49.96572,44.405445,61.331013,0.0
RTSIsc1.48dRnd0000000649_Ne.4Si50_Cr.0Bi48.00-5SBi02.00-5nA160Am0.0Sm0.25mT0.001No0Al0.1Be0eT0eA160eS0eFS0eFa0.out,48.0,2.0,50.0,17.0,319.5,0.280277,15.368389,62.696632,50.35154,400.28888,-37.652836,96.47624,0.2922435,34.636364,46.82912,11.854072,49.6285,38.36354,24.502035,13.8615055,13.80142,17.418324,63.433537,50.822273,159.75,103.81293,55.937073,55.937073,103.81293,631.3333,5.4552083,36.909092,0.0,8.026373,29.500473,46.55573,58.42088,85.50331,184.89621,61.56425,51.484516,44.724762,60.65682,0.0
RTSIsc1.48dRnd0000001004_Ne.4Si50_Cr.0Bi-42.00-5SBi10.00-5nA160Am0.0Sm0.25mT0.001No0Al0.1Be0eT0eA160eS0eFS0eFa0.out,-42.0,10.0,50.0,17.0,319.5,-0.048892733,79.44192,39.01426,25.480236,339.624,-46.586678,81.499725,0.2801976,53.46373,39.926186,13.054877,25.122349,37.217,24.06662,13.150379,13.094223,17.584187,40.541714,26.644493,159.75,105.67855,54.07145,54.07145,105.67855,631.75757,5.697443,37.121212,0.0,11.653361,31.43982,44.16089,53.18409,78.04299,188.22433,59.1857,51.751137,46.36018,67.755066,0.0
RTSIsc1.48dRnd0000000841_Ne.4Si50_Cr.0Bi32.00-5SBi06.00-5nA160Am0.0Sm0.25mT0.001No0Al0.1Be0eT0eA160eS0eFS0eFa0.out,32.0,6.0,50.0,17.0,319.5,0.4526,48.069286,79.01968,67.8982,396.68106,-25.18527,107.13088,0.2989269,19.73963,30.453266,10.633902,66.97244,38.786366,24.931486,13.8548765,13.795738,18.852083,79.50063,67.89091,159.75,101.84957,57.900425,57.900425,101.84957,631.4545,5.454214,36.545456,0.0,9.793844,32.64536,47.62803,58.50663,82.26785,184.47188,59.636646,51.824574,44.79801,59.881725,0.0
RTSIsc1.48dRnd0000000737_Ne.4Si50_Cr.0Bi24.00-5SBi04.00-5nA160Am0.0Sm0.25mT0.001No0Al0.1Be0eT0eA160eS0eFS0eFa0.out,24.0,4.0,50.0,17.0,319.5,0.018024288,34.07034,57.70445,45.543476,377.52173,-41.215706,93.902405,0.2926917,11.718608,23.133144,11.683523,45.056866,38.524242,24.625805,13.8984375,13.8416195,18.332718,58.807114,46.123077,159.75,103.17978,56.570217,56.570217,103.17978,634.24243,5.4544506,36.848484,0.0,10.322064,31.90374,46.06515,56.467567,83.17012,187.96127,60.324623,51.44427,44.446354,62.137264,0.0
RTSIsc1.48dRnd0000000717_Ne.4Si50_Cr.0Bi-16.00-5SBi04.00-5nA160Am0.0Sm0.25mT0.001No0Al0.1Be0eT0eA160eS0eFS0eFa0.out,-16.0,4.0,50.0,17.0,319.5,0.2879299,33.049095,17.318094,8.996226,266.00925,-57.12742,66.045105,0.33536324,23.556534,15.228977,7.9662404,8.599053,42.959232,27.364204,15.595029,15.529924,20.238731,21.6564,13.021859,159.75,95.15194,64.59806,64.59806,95.15194,632.6667,5.552983,37.18182,0.0,6.476326,30.169933,54.69446,71.022255,97.38797,182.43088,61.246544,46.703266,36.900806,45.63423,0.0
RTSIsc1.48dRnd0000000346_Ne.4Si50_Cr.0Bi42.00-5SBi-04.00-5nA160Am0.0Sm0.25mT0.001No0Al0.1Be0eT0eA160eS0eFS0eFa0.out,42.0,-4.0,50.0,17.0,319.5,0.50623006,-31.890993,9.503468,4.4857974,276.76016,-62.714012,64.499626,0.355821,35.88499,40.891335,5.63428,4.60947,45.58125,28.761553,16.819696,16.75071,20.894886,17.930155,11.031965,159.75,91.46023,68.28977,68.28977,91.46023,632.1212,5.340767,37.0,0.0,4.315341,27.860321,55.910133,78.398674,107.079735,181.2555,62.384754,45.077652,33.464962,36.37415,0.0
RTSIsc1.48dRnd0000000844_Ne.4Si50_Cr.0Bi38.00-5SBi06.00-5nA160Am0.0Sm0.25mT0.001No0Al0.1Be0eT0eA160eS0eFS0eFa0.out,38.0,6.0,50.0,17.0,319.5,0.8047941,48.19992,84.69959,73.762474,397.86157,-22.043114,109.776184,0.2984471,25.362738,36.002792,10.448722,72.47922,38.992615,24.691288,14.301326,14.242093,18.462406,84.83585,73.341156,159.75,102.16681,57.58319,57.58319,102.16681,632.48486,5.4471593,36.636364,0.0,10.387926,32.445267,47.250378,57.800472,83.62794,184.88423,60.705444,51.098343,44.26449,60.02036,0.0
RTSIsc1.48dRnd0000001026_Ne.4Si50_Cr.0Bi02.00-5SBi10.00-5nA160Am0.0Sm0.25mT0.001No0Al0.1Be0eT0eA160eS0eFS0eFa0.out,2.0,10.0,50.0,17.0,319.5,0.5070684,81.30664,82.990776,70.36697,409.08102,-19.173685,109.95858,0.28311214,10.487216,1.5868845,12.143514,69.37538,37.711315,24.470171,13.241146,13.186932,18.026705,83.42517,70.14469,159.75,104.95005,54.799953,54.799953,104.95005,631.2727,5.348485,36.78788,0.0,12.868892,33.778362,44.869884,54.692234,78.469795,181.40416,58.363304,51.45677,46.71946,68.64986,0.0
RTSIsc1.48dRnd0000000413_Ne.4Si50_Cr.0Bi-24.00-5SBi-02.00-5nA160Am0.0Sm0.25mT0.001No0Al0.1Be0eT0eA160eS0eFS0eFa0.out,-24.0,-2.0,50.0,17.0,319.5,0.24948959,-16.339687,-40.26273,-28.80538,352.06894,-79.991684,52.375854,0.30473876,12.424668,23.421827,10.981344,28.629545,40.1241,25.739016,14.385085,14.320881,18.270218,41.953056,30.288376,159.75,101.21349,58.536507,58.536507,101.21349,632.9091,5.5069604,37.030304,0.0,8.482008,30.99697,48.5268,61.40554,89.42604,184.52008,59.98698,50.10095,42.608143,56.855587,0.0
RTSIsc1.48dRnd0000000049_Ne.4Si50_Cr.0Bi48.00-5SBi-10.00-5nA160Am0.0Sm0.25mT0.001No0Al0.1Be0eT0eA160eS0eFS0eFa0.out,48.0,-10.0,50.0,17.0,319.5,-0.027191013,-79.57858,-33.765453,-21.118975,327.41147,-77.26088,50.498787,0.29290858,57.961697,45.310226,12.162026,20.749243,38.308903,24.880302,13.428598,13.369602,18.996544,35.536694,22.758615,159.75,102.71922,57.030777,57.030777,102.71922,632.42426,5.431771,36.81818,0.0,11.796022,33.95677,47.856014,56.440815,81.22874,184.58475,58.29588,49.598343,44.24782,64.41908,0.0
RTSIsc1.48dRnd0000000400_Ne.4Si50_Cr.0Bi-50.00-5SBi-02.00-5nA160Am0.0Sm0.25mT0.001No0Al0.1Be0eT0eA160eS0eFS0eFa0.out,-50.0,-2.0,50.0,17.0,319.5,-0.022581657,-18.745535,-67.95528,-57.236164,406.84647,-99.33981,37.588623,0.30632344,38.113304,48.708427,10.246164,56.741383,40.26714,25.85483,14.412311,14.353599,19.051704,69.02459,57.86394,159.75,100.55847,59.191525,59.191525,100.55847,633.4545,5.5988164,37.0,0.0,10.458996,34.27235,49.15966,59.04465,84.746826,182.92278,60.723675,51.08305,44.127983,56.914585,0.0
RTSIsc1.48dRnd0000000932_Ne.4Si50_Cr.0Bi14.00-5SBi08.00-5nA160Am0.0Sm0.25mT0.001No0Al0.1Be0eT0eA160eS0eFS0eFa0.out,14.0,8.0,50.0,17.0,319.5,0.023130395,61.962883,75.319336,62.886528,400.93192,-26.218203,106.07219,0.2856061,5.3586173,12.856724,11.94143,62.375614,38.000946,24.347443,13.653503,13.59555,17.284517,76.31369,63.259953,159.75,104.94839,54.80161,54.80161,104.94839,632.6667,5.4849434,36.878788,0.0,9.469745,31.136364,45.234707,56.163635,82.355064,184.47339,60.02377,51.998344,46.491714,65.31993,0.0
RTSIsc1.48dRnd0000000939_Ne.4Si50_Cr.0Bi28.00-5SBi08.00-5nA160Am0.0Sm0.25mT0.001No0Al0.1Be0eT0eA160eS0eFS0eFa0.out,28.0,8.0,50.0,17.0,319.5,0.31881362,66.60548,92.05273,81.02915,446.96307,-18.018965,112.84392,0.29987836,14.705587,24.945786,10.543419,80.24867,39.07907,24.804024,14.275047,14.215341,19.005161,92.741196,81.14159,159.75,101.67561,58.074383,58.074383,101.67561,633.1515,5.4849434,37.030304,0.0,12.59356,33.283806,46.75336,57.153267,83.132195,184.865,58.914253,50.618797,45.313637,60.52363,0.0
RTSIsc1.48dRnd0000000935_Ne.4Si50_Cr.0Bi20.00-5SBi08.00-5nA160Am0.0Sm0.25mT0.001No0Al0.1Be0eT0eA160eS0eFS0eFa0.out,20.0,8.0,50.0,17.0,319.5,0.22863747,64.192276,82.9508,71.01563,437.98788,-23.318356,109.7998,0.292682,8.357955,18.25734,11.444744,70.33087,38.392994,24.65928,13.733712,13.670313,17.746685,83.72208,71.346214,159.75,103.497635,56.25237,56.25237,103.497635,630.36365,5.3564396,37.333332,0.0,11.064062,32.409233,46.51302,56.878597,82.22978,182.66435,59.702225,50.8527,45.38466,62.66501,0.0
RTSIsc1.48dRnd0000000218_Ne.4Si50_Cr.0Bi-14.00-5SBi-06.00-5nA160Am0.0Sm0.25mT0.001No0Al0.1Be0eT0eA160eS0eFS0eFa0.out,-14.0,-6.0,50.0,17.0,319.5,0.21675703,-49.645176,-63.319046,-50.793472,393.82654,-96.35566,34.87204,0.2858815,5.1436553,13.17268,12.040246,50.54872,37.058002,23.764488,13.293513,13.237026,17.633001,64.632385,51.58441,159.75,104.72675,55.023247,55.023247,104.72675,631.0909,5.62893,37.242424,0.0,10.517519,31.855255,43.60374,54.778835,81.75294,186.97519,60.41184,50.800285,45.581722,64.81359,0.0
RTSIsc1.48dRnd0000000306_Ne.4Si50_Cr.0Bi-38.00-5SBi-04.00-5nA160Am0.0Sm0.25mT0.001No0Al0.1Be0eT0eA160eS0eFS0eFa0.out,-38.0,-4.0,50.0,17.0,319.5,0.21462084,-31.037956,-68.12526,-56.088398,417.73105,-99.4361,36.29773,0.29337627,24.827557,36.58655,11.5508995,55.851326,39.499573,25.315058,14.184517,14.125284,17.557102,69.38772,56.895233,159.75,103.555916,56.19408,56.19408,103.555916,631.8182,5.5299716,36.81818,0.0,9.481724,31.486979,45.841526,57.118515,84.491905,182.86685,62.077793,52.055397,45.69825,60.69924,0.0
RTSIsc1.48dRnd0000001014_Ne.4Si50_Cr.0Bi-22.00-5SBi10.00-5nA160Am0.0Sm0.25mT0.001No0Al0.1Be0eT0eA160eS0eFS0eFa0.out,-22.0,10.0,50.0,17.0,319.5,0.13663098,82.429146,61.77468,48.25144,373.65994,-31.359015,98.39736,0.27902618,33.67623,20.152225,13.037026,47.64645,37.190056,23.97268,13.217377,13.160227,17.766525,62.613182,48.438374,159.75,105.731674,54.018322,54.018322,105.731674,632.42426,5.492661,36.939392,0.0,13.170738,33.29427,43.62088,51.409233,76.80436,185.64265,58.95085,52.81676,47.29039,69.4241,0.0
RTSIsc1.48dRnd0000000330_Ne.4Si50_Cr.0Bi10.00-5SBi-04.00-5nA160Am0.0Sm0.25mT0.001No0Al0.1Be0eT0eA160eS0eFS0eFa0.out,10.0,-4.0,50.0,17.0,319.5,0.27709246,-31.578306,-21.523882,-12.077781,303.21362,-67.171455,60.27405,0.32659075,19.002794,9.556676,8.978787,12.089773,41.628647,26.537594,15.091051,15.024527,20.45876,25.17628,15.957873,159.75,96.44195,63.30805,63.30805,96.44195,630.8485,5.410038,36.909092,0.0,7.636032,30.75535,51.858,66.31477,91.61676,186.31705,60.720455,47.595264,38.8295,49.205303,0.0
RTSIsc1.48dRnd0000001044_Ne.4Si50_Cr.0Bi38.00-5SBi10.00-5nA160Am0.0Sm0.25mT0.001No0Al0.1Be0eT0eA160eS0eFS0eFa0.out,38.0,10.0,50.0,17.0,319.5,0.24257575,81.066154,106.98088,101.3618,448.1423,-19.817333,114.71358,0.41937134,20.350662,25.413021,5.334233,100.6403,42.985416,24.276989,18.708427,18.64053,46.979877,107.68159,101.65101,159.75,65.74579,94.00421,94.00421,65.74579,631.51514,5.4396305,37.090908,0.0,100.84995,84.84834,70.851234,62.15066,70.99967,121.154594,35.312973,29.122112,25.790625,30.43499,0.0
RTSIsc1.48dRnd0000000404_Ne.4Si50_Cr.0Bi-42.00-5SBi-02.00-5nA160Am0.0Sm0.25mT0.001No0Al0.1Be0eT0eA160eS0eFS0eFa0.out,-42.0,-2.0,50.0,17.0,319.5,-0.016230602,-16.835222,-57.932125,-46.477257,396.84894,-92.472084,45.90639,0.30024013,29.328173,40.597538,10.972064,45.995502,38.713875,24.437452,14.276421,14.216383,18.354782,59.11666,47.230255,159.75,101.97003,57.779972,57.779972,101.97003,631.0909,5.4479165,37.0,0.0,8.871544,31.006155,46.71378,59.354073,86.56965,185.08812,60.92339,50.588352,43.673344,58.30251,0.0
RTSIsc1.48dRnd0000000205_Ne.4Si50_Cr.0Bi-40.00-5SBi-06.00-5nA160Am0.0Sm0.25mT0.001No0Al0.1Be0eT0eA160eS0eFS0eFa0.out,-40.0,-6.0,50.0,17.0,319.5,0.30255583,-48.287933,-85.720566,-75.497696,433.48386,-107.438416,26.277864,0.31411743,27.04806,36.93897,9.743845,75.320786,40.70478,25.73125,14.973532,14.912121,20.096685,87.08913,76.30806,159.75,98.66392,61.08608,61.08608,98.66392,633.9394,5.6136837,36.81818,0.0,12.394981,35.926563,50.798676,61.2598,85.92202,181.77902,58.54271,48.908142,43.290863,55.11662,0.0
RTSIsc1.48dRnd0000000140_Ne.4Si50_Cr.0Bi30.00-5SBi-08.00-5nA160Am0.0Sm0.25mT0.001No0Al0.1Be0eT0eA160eS0eFS0eFa0.out,30.0,-8.0,50.0,17.0,319.5,0.2626284,-64.884346,-35.443626,-22.565447,341.4306,-77.689926,50.780865,0.28863707,41.819508,28.942898,12.414015,22.528078,37.93021,24.355255,13.574953,13.518182,17.741808,37.61341,24.648174,159.75,104.19939,55.550617,55.550617,104.19939,631.3333,5.5830493,36.575756,0.0,10.148958,31.390577,46.154736,56.75464,81.446594,185.08234,60.16094,51.005444,45.20587,63.98324,0.0
RTSIsc1.48dRnd0000000818_Ne.4Si50_Cr.0Bi-14.00-5SBi06.00-5nA160Am0.0Sm0.25mT0.001No0Al0.1Be0eT0eA160eS0eFS0eFa0.out,-14.0,6.0,50.0,17.0,319.5,0.4277654,48.465664,34.642056,22.363518,322.83844,-50.33349,76.331955,0.29301232,25.605066,13.3222065,11.8046875,21.555351,38.260323,24.625853,13.63447,13.5736265,18.20928,35.961796,23.44788,159.75,103.18366,56.566334,56.566334,103.18366,632.0606,5.5004263,37.272728,0.0,10.763163,31.61378,46.30019,57.33215,82.279785,188.36255,59.272964,49.555634,43.766476,62.81392,0.0
RTSIsc1.48dRnd0000001031_Ne.4Si50_Cr.0Bi12.00-5SBi10.00-5nA160Am0.0Sm0.25mT0.001No0Al0.1Be0eT0eA160eS0eFS0eFa0.out,12.0,10.0,50.0,17.0,319.5,0.56286436,80.87739,90.97576,79.47164,459.6654,-18.757397,112.81056,0.3004316,4.9764676,9.5991,11.029735,78.451706,39.582386,25.233475,14.348911,14.290767,19.36269,91.426674,79.44261,159.75,101.32183,58.428173,58.428173,101.32183,631.8788,5.4692235,36.909092,0.0,14.987122,36.084564,48.766666,57.11927,81.17585,178.6572,57.334564,49.364063,45.339867,63.04962,0.0
RTSIsc1.48dRnd0000000106_Ne.4Si50_Cr.0Bi-38.00-5SBi-08.00-5nA160Am0.0Sm0.25mT0.001No0Al0.1Be0eT0eA160eS0eFS0eFa0.out,-38.0,-8.0,50.0,17.0,319.5,0.2388692,-62.46255,-95.14845,-86.98817,446.30075,-109.42459,22.659636,0.3488503,24.427937,32.187973,7.730729,86.74389,43.44148,26.755209,16.68627,16.616098,24.529972,96.43258,87.626305,159.75,90.37225,69.37775,69.37775,90.37225,632.8485,5.4772253,36.78788,0.0,20.593609,46.889347,58.969982,65.59986,88.12315,169.71936,54.782814,44.91444,38.797157,44.45876,0.0
RTSIsc1.48dRnd0000000243_Ne.4Si50_Cr.0Bi36.00-5SBi-06.00-5nA160Am0.0Sm0.25mT0.001No0Al0.1Be0eT0eA160eS0eFS0eFa0.out,36.0,-6.0,50.0,17.0,319.5,0.3274882,-49.070328,-13.552801,-6.5394645,273.10767,-64.03834,60.482162,0.3372393,42.0295,35.016098,7.4911933,7.494839,42.300663,26.67306,15.6276045,15.559138,20.43376,20.651196,12.215088,159.75,94.66496,65.08504,65.08504,94.66496,633.2121,5.37893,36.969696,0.0,6.239867,27.999384,52.393085,71.03059,98.80346,188.64479,61.367283,46.61577,36.10232,44.01558,0.0
RTSIsc1.48dRnd0000000031_Ne.4Si50_Cr.0Bi12.00-5SBi-10.00-5nA160Am0.0Sm0.25mT0.001No0Al0.1Be0eT0eA160eS0eFS0eFa0.out,12.0,-10.0,50.0,17.0,319.5,0.55383307,-80.79803,-69.73155,-56.787964,383.62787,-101.56121,27.772478,0.28412774,23.511175,10.565341,12.454024,56.879734,37.659847,24.289062,13.370786,13.311647,17.977793,71.34241,57.68396,159.75,104.761696,54.988304,54.988304,104.761696,630.6667,5.515341,37.030304,0.0,12.347917,33.225803,44.736835,54.221687,78.1928,184.75725,58.495216,51.549335,46.067852,67.07197,0.0
RTSIsc1.48dRnd0000000518_Ne.4Si50_Cr.0Bi-14.00-5SBi00.00-5nA160Am0.0Sm0.25mT0.001No0Al0.1Be0eT0eA160eS0eFS0eFa0.out,-14.0,0.0,50.0,17.0,319.5,0.40495342,-0.7507817,-14.350487,-7.1812673,280.24326,-62.699303,63.143772,0.3444797,6.8275094,13.098106,7.2248106,7.7185607,42.60459,26.898817,15.705776,15.640625,21.355303,20.809015,12.8769865,159.75,92.98262,66.76738,66.76738,92.98262,631.1515,5.5759945,36.515152,0.0,6.306392,30.577984,55.480682,73.39451,98.27945,185.608,59.22429,44.816242,35.118893,42.345078,0.0
RTSIsc1.48dRnd0000000110_Ne.4Si50_Cr.0Bi-30.00-5SBi-08.00-5nA160Am0.0Sm0.25mT0.001No0Al0.1Be0eT0eA160eS0eFS0eFa0.out,-30.0,-8.0,50.0,17.0,319.5,0.28078768,-65.21005,-91.39133,-81.95224,418.4775,-108.41145,20.57006,0.31649414,16.902699,25.679214,8.977841,81.760414,41.010323,25.817661,15.192661,15.130208,20.450851,92.754265,82.53573,159.75,98.09214,61.65786,61.65786,98.09214,633.2121,5.379782,36.878788,0.0,14.036979,37.602604,51.79782,61.624336,86.656815,177.04266,57.501232,48.38485,42.807243,55.757576,0.0
RTSIsc1.48dRnd0000000333_Ne.4Si50_Cr.0Bi16.00-5SBi-04.00-5nA160Am0.0Sm0.25mT0.001No0Al0.1Be0eT0eA160eS0eFS0eFa0.out,16.0,-4.0,50.0,17.0,319.5,0.25986826,-33.588684,-17.760124,-9.465415,288.43274,-65.877655,60.64528,0.34025872,23.622774,15.326846,7.9149146,9.64285,44.229404,28.2652,15.964205,15.895928,20.81075,22.627663,14.150919,159.75,93.97609,65.77391,65.77391,93.97609,631.0303,5.432339,36.727272,0.0,6.709659,31.199574,55.333714,71.9241,98.79119,180.10345,60.393135,46.024197,36.339916,44.211365,0.0
RTSIsc1.48dRnd0000000028_Ne.4Si50_Cr.0Bi06.00-5SBi-10.00-5nA160Am0.0Sm0.25mT0.001No0Al0.1Be0eT0eA160eS0eFS0eFa0.out,6.0,-10.0,50.0,17.0,319.5,0.40650687,-79.44452,-74.233665,-61.812397,400.87506,-102.94924,26.221432,0.28603247,17.135227,4.713968,11.942329,61.77216,37.21946,23.915768,13.303693,13.2464485,18.558144,75.72322,62.584663,159.75,104.13783,55.612167,55.612167,104.13783,632.0606,5.4322915,37.060608,0.0,12.791335,32.76075,44.117897,54.57552,79.54398,185.13272,59.002274,51.330303,46.251892,66.55393,0.0
RTSIsc1.48dRnd0000000204_Ne.4Si50_Cr.0Bi-42.00-5SBi-06.00-5nA160Am0.0Sm0.25mT0.001No0Al0.1Be0eT0eA160eS0eFS0eFa0.out,-42.0,-6.0,50.0,17.0,319.5,0.111459404,-48.61201,-87.674675,-77.902016,426.0658,-107.79263,20.538717,0.31753775,29.08253,38.56056,9.30625,77.51941,40.485985,25.614536,14.8714485,14.809091,20.268845,88.75964,78.43509,159.75,98.01917,61.730824,61.730824,98.01917,632.6061,5.446686,36.21212,0.0,12.508191,36.075237,51.365814,62.01056,86.13172,181.14139,58.56927,48.92282,42.28854,53.592518,0.0
RTSIsc1.48dRnd0000000001_Ne.4Si50_Cr.0Bi-48.00-5SBi-10.00-5nA160Am0.0Sm0.25mT0.001No0Al0.1Be0eT0eA160eS0eFS0eFa0.out,-48.0,-10.0,50.0,17.0,319.5,0.57011575,-77.75259,-106.00318,-103.91589,400.62015,-109.826965,31.50139,0.50677633,25.92519,27.750189,2.0467803,103.98575,42.30942,21.164867,21.144554,21.086458,75.61382,107.5901,105.16019,159.75,34.79446,124.95554,124.95554,34.79446,632.5455,5.606534,36.848484,0.0,204.02182,113.889725,72.93471,52.325188,52.988873,85.61227,17.414062,13.024242,10.509328,9.825236,0.0
RTSIsc1.48dRnd0000000223_Ne.4Si50_Cr.0Bi-04.00-5SBi-06.00-5nA160Am0.0Sm0.25mT0.001No0Al0.1Be0eT0eA160eS0eFS0eFa0.out,-4.0,-6.0,50.0,17.0,319.5,0.290592,-48.31548,-52.207676,-40.46388,355.60068,-89.37278,41.98534,0.29539704,7.5617423,3.4223485,11.254261,40.27467,38.99304,25.155918,13.837121,13.779498,18.720928,53.557415,41.32656,159.75,102.518936,57.23106,57.23106,102.518936,630.48486,5.5984373,36.727272,0.0,12.1451235,34.5384,47.25881,57.40161,82.40535,180.51463,59.378597,50.590485,43.850567,62.40128,0.0
RTSIsc1.48dRnd0000000416_Ne.4Si50_Cr.0Bi-18.00-5SBi-02.00-5nA160Am0.0Sm0.25mT0.001No0Al0.1Be0eT0eA160eS0eFS0eFa0.out,-18.0,-2.0,50.0,17.0,319.5,0.21829578,-13.729249,-31.579693,-20.529726,327.67233,-73.44923,56.453274,0.30983916,7.585322,17.348059,10.573816,20.44948,39.845406,25.657528,14.187879,14.125521,19.532387,33.88571,22.96548,159.75,99.67121,60.07879,60.07879,99.67121,633.1515,5.325521,36.727272,0.0,9.435654,32.99763,50.209328,61.34683,86.375565,186.59483,59.311695,48.515484,41.944176,56.42031,0.0
RTSIsc1.48dRnd0000000435_Ne.4Si50_Cr.0Bi20.00-5SBi-02.00-5nA160Am0.0Sm0.25mT0.001No0Al0.1Be0eT0eA160eS0eFS0eFa0.out,20.0,-2.0,50.0,17.0,319.5,-0.10841353,-15.6205845,4.2563453,2.2597167,261.0851,-60.9286,64.28112,0.36415088,17.416288,19.376041,4.833854,3.9097538,45.11122,28.090057,17.021164,16.950806,21.93499,16.914774,10.373752,159.75,89.46809,70.28191,70.28191,89.46809,631.8788,5.5757575,37.121212,0.0,4.497538,27.030682,55.49214,79.367516,107.8214,187.44475,61.615673,44.20147,31.14555,33.262074,0.0
RTSIsc1.48dRnd0000000448_Ne.4Si50_Cr.0Bi46.00-5SBi-02.00-5nA160Am0.0Sm0.25mT0.001No0Al0.1Be0eT0eA160eS0eFS0eFa0.out,46.0,-2.0,50.0,17.0,319.5,0.18611246,-15.488535,29.640045,18.794323,334.18863,-56.58826,73.71105,0.30925953,33.836697,44.630775,10.4060135,18.342993,40.220787,25.529308,14.691477,14.630729,18.549053,32.003613,21.334108,159.75,100.37959,59.370407,59.370407,100.37959,631.75757,5.5075283,36.636364,0.0,8.160843,30.114962,48.354973,62.68182,90.52992,183.99158,61.70677,49.765434,42.128834,54.322445,0.0
RTSIsc1.48dRnd0000000022_Ne.4Si50_Cr.0Bi-06.00-5SBi-10.00-5nA160Am0.0Sm0.25mT0.001No0Al0.1Be0eT0eA160eS0eFS0eFa0.out,-6.0,-10.0,50.0,17.0,319.5,0.42722717,-79.520966,-84.22102,-73.14277,426.89407,-107.25654,22.299181,0.3030264,6.4419036,4.258286,10.592803,73.11193,39.50876,25.315483,14.193276,14.133097,20.120407,85.69697,73.91,159.75,100.492424,59.257576,59.257576,100.492424,631.4545,5.5001893,36.848484,0.0,14.813257,37.231915,48.29209,56.056107,80.98731,180.73428,57.192234,49.956867,44.983475,61.20701,0.0
RTSIsc1.48dRnd0000000742_Ne.4Si50_Cr.0Bi34.00-5SBi04.00-5nA160Am0.0Sm0.25mT0.001No0Al0.1Be0eT0eA160eS0eFS0eFa0.out,34.0,4.0,50.0,17.0,319.5,0.6861373,32.16086,65.70374,53.498497,393.9294,-36.96451,99.43261,0.29175282,21.126514,33.042328,11.7218275,52.355446,38.942234,25.137169,13.805066,13.7436075,17.859612,66.07307,53.415714,159.75,103.566475,56.18352,56.18352,103.566475,632.9091,5.4692235,36.78788,0.0,11.019697,32.191856,45.800568,57.47467,84.66638,182.23518,59.627224,51.382954,45.514156,62.996403,0.0
RTSIsc1.48dRnd0000000735_Ne.4Si50_Cr.0Bi20.00-5SBi04.00-5nA160Am0.0Sm0.25mT0.001No0Al0.1Be0eT0eA160eS0eFS0eFa0.out,20.0,4.0,50.0,17.0,319.5,0.39156675,33.944893,53.552513,41.615356,389.321,-44.136406,91.29303,0.30093938,8.5859375,19.109423,11.448674,40.780777,39.655163,25.648579,14.006581,13.949479,18.815435,54.26222,42.11089,159.75,101.60767,58.14233,58.14233,101.60767,632.0,5.553362,37.090908,0.0,10.668371,33.91283,48.273155,58.3018,83.70525,182.78111,60.649574,49.841194,43.984516,59.8822,0.0
RTSIsc1.48dRnd0000000332_Ne.4Si50_Cr.0Bi14.00-5SBi-04.00-5nA160Am0.0Sm0.25mT0.001No0Al0.1Be0eT0eA160eS0eFS0eFa0.out,14.0,-4.0,50.0,17.0,319.5,0.22854586,-31.809227,-17.956081,-9.333054,280.33377,-65.59692,60.02223,0.3255135,21.983381,13.353267,8.7482,9.828504,41.79626,26.404781,15.391478,15.3283615,19.670454,23.192804,13.85418,159.75,97.08447,62.66553,62.66553,97.08447,630.0606,5.606108,36.757576,0.0,6.597017,28.610796,51.68821,68.75445,94.566475,184.36899,61.464016,47.62282,38.032955,48.354877,0.0
RTSIsc1.48dRnd0000000925_Ne.4Si50_Cr.0Bi00.00-5SBi08.00-5nA160Am0.0Sm0.25mT0.001No0Al0.1Be0eT0eA160eS0eFS0eFa0.out,0.0,8.0,50.0,17.0,319.5,-0.18093014,65.68156,65.748566,53.665176,364.0861,-29.057394,100.067,0.2880551,11.541572,0.9258523,11.600758,53.381725,38.22372,24.655825,13.567898,13.509991,17.659422,66.90646,54.17278,159.75,104.344604,55.4054,55.4054,104.344604,629.51514,5.431913,36.848484,0.0,9.801042,31.169981,45.78684,56.200096,82.79261,184.15834,59.4679,51.199146,45.666004,63.2732,0.0
RTSIsc1.48dRnd0000000303_Ne.4Si50_Cr.0Bi-44.00-5SBi-04.00-5nA160Am0.0Sm0.25mT0.001No0Al0.1Be0eT0eA160eS0eFS0eFa0.out,-44.0,-4.0,50.0,17.0,319.5,0.1475344,-32.051456,-74.8784,-64.02615,432.2516,-103.3122,33.320293,0.30543175,31.657434,42.326374,10.368371,63.68087,39.804024,25.491383,14.312642,14.252557,19.004025,76.09789,64.89552,159.75,100.72325,59.026752,59.026752,100.72325,632.1818,5.3704543,37.272728,0.0,9.4675665,32.24432,48.51662,60.31823,86.00033,183.90544,60.750523,50.37107,43.593468,57.01425,0.0
RTSIsc1.48dRnd0000000038_Ne.4Si50_Cr.0Bi26.00-5SBi-10.00-5nA160Am0.0Sm0.25mT0.001No0Al0.1Be0eT0eA160eS0eFS0eFa0.out,26.0,-10.0,50.0,17.0,319.5,0.017380802,-80.459236,-55.825077,-42.8279,375.17917,-93.24119,39.58275,0.290014,37.12931,24.133665,12.51269,42.386837,38.761883,25.239063,13.522822,13.464773,18.728693,56.984352,43.345997,159.75,103.402275,56.34773,56.34773,103.402275,632.1212,5.59929,36.969696,0.0,12.4169035,33.580776,45.636223,54.59948,80.72983,185.14688,58.96932,51.062595,44.998722,64.98049,0.0
RTSIsc1.48dRnd0000000234_Ne.4Si50_Cr.0Bi18.00-5SBi-06.00-5nA160Am0.0Sm0.25mT0.001No0Al0.1Be0eT0eA160eS0eFS0eFa0.out,18.0,-6.0,50.0,17.0,319.5,0.4994739,-48.241756,-30.610453,-19.318447,320.03845,-73.73602,53.583622,0.30452278,28.426893,17.134659,10.829072,19.517235,38.999718,24.784943,14.214773,14.157623,18.656061,32.990757,21.751684,159.75,101.125145,58.62486,58.62486,101.125145,631.8788,5.605824,36.969696,0.0,8.461506,30.571165,47.71321,61.61326,87.10583,185.49532,61.082623,50.224102,43.10019,56.5116,0.0
RTSIsc1.48dRnd0000001010_Ne.4Si50_Cr.0Bi-30.00-5SBi10.00-5nA160Am0.0Sm0.25mT0.001No0Al0.1Be0eT0eA160eS0eFS0eFa0.out,-30.0,10.0,50.0,17.0,319.5,0.57091856,82.97631,54.528522,40.423317,367.28705,-36.934372,93.08348,0.27461416,42.052887,27.945171,13.622111,39.38395,36.633095,23.656345,12.976752,12.920455,17.178694,55.113728,40.28524,159.75,106.79787,52.95213,52.95213,106.79787,632.48486,5.55322,37.303032,0.0,11.929593,31.804735,42.887215,51.908806,78.03608,186.84087,59.768845,52.73196,46.46908,70.10767,0.0
RTSIsc1.48dRnd0000001043_Ne.4Si50_Cr.0Bi36.00-5SBi10.00-5nA160Am0.0Sm0.25mT0.001No0Al0.1Be0eT0eA160eS0eFS0eFa0.out,36.0,10.0,50.0,17.0,319.5,0.44085246,82.36003,107.32022,102.29027,439.8266,-19.867373,114.77475,0.4271922,19.814774,24.45819,4.7211175,101.347534,45.400948,26.105207,19.295738,19.223675,41.37931,107.78905,102.15065,159.75,67.55203,92.19797,92.19797,67.55203,631.0909,5.3791666,37.242424,0.0,61.91946,87.28134,82.12273,72.083,78.656105,131.6973,36.114536,28.646544,24.92893,27.640957,0.0
RTSIsc1.48dRnd0000000241_Ne.4Si50_Cr.0Bi32.00-5SBi-06.00-5nA160Am0.0Sm0.25mT0.001No0Al0.1Be0eT0eA160eS0eFS0eFa0.out,32.0,-6.0,50.0,17.0,319.5,0.63741994,-49.936115,-18.575903,-8.958872,284.54736,-65.73658,59.559895,0.32358903,40.472492,30.858902,9.2990055,9.742519,41.38305,26.260275,15.122775,15.05857,19.296165,23.59019,13.786124,159.75,97.60161,62.14839,62.14839,97.60161,631.4545,5.5379734,37.060608,0.0,6.450521,27.675379,50.8223,69.38575,96.16752,185.70331,60.83338,47.27467,37.62055,49.521164,0.0
RTSIsc1.48dRnd0000000115_Ne.4Si50_Cr.0Bi-20.00-5SBi-08.00-5nA160Am0.0Sm0.25mT0.001No0Al0.1Be0eT0eA160eS0eFS0eFa0.out,-20.0,-8.0,50.0,17.0,319.5,0.49604657,-65.67286,-83.66673,-72.26844,439.8134,-106.92299,25.90171,0.2974198,8.601705,17.489773,10.914157,72.27964,38.58087,24.477415,14.1034565,14.04394,18.576279,85.28311,73.29406,159.75,102.29881,57.451183,57.451183,102.29881,631.8182,5.5682764,37.242424,0.0,11.555919,32.48324,46.420406,55.699196,81.561455,185.8046,60.532578,51.340435,45.16392,61.25644,0.0
RTSIsc1.48dRnd0000000113_Ne.4Si50_Cr.0Bi-24.00-5SBi-08.00-5nA160Am0.0Sm0.25mT0.001No0Al0.1Be0eT0eA160eS0eFS0eFa0.out,-24.0,-8.0,50.0,17.0,319.5,0.642783,-62.351063,-84.33702,-73.88777,429.28705,-107.11823,25.48807,0.30495286,11.881013,21.482813,9.964678,74.05076,39.926373,25.545786,14.380588,14.320691,19.749384,86.06194,75.0391,159.75,100.38788,59.36212,59.36212,100.38788,631.63635,5.5607953,37.090908,0.0,12.896354,34.491905,47.952084,56.48338,81.08523,185.17665,59.076324,50.97301,45.196968,58.30445,0.0
RTSIsc1.48dRnd0000000237_Ne.4Si50_Cr.0Bi24.00-5SBi-06.00-5nA160Am0.0Sm0.25mT0.001No0Al0.1Be0eT0eA160eS0eFS0eFa0.out,24.0,-6.0,50.0,17.0,319.5,0.27830318,-50.56061,-27.032787,-16.144995,299.62476,-70.85058,54.836735,0.3079607,33.914726,23.024952,10.4173765,16.03073,40.279118,25.937641,14.341477,14.27751,19.000616,29.465693,18.55846,159.75,100.29427,59.45573,59.45573,100.29427,630.7879,5.659233,36.696968,0.0,9.419602,32.266384,49.657482,61.78712,86.78565,182.9499,58.671593,49.80393,41.903645,57.542564,0.0
RTSIsc1.48dRnd0000000349_Ne.4Si50_Cr.0Bi48.00-5SBi-04.00-5nA160Am0.0Sm0.25mT0.001No0Al0.1Be0eT0eA160eS0eFS0eFa0.out,48.0,-4.0,50.0,17.0,319.5,-0.0037439703,-32.668587,14.881325,7.8918753,282.33484,-61.784374,65.3523,0.34139377,40.06013,47.050995,6.981534,7.874195,42.842613,26.83537,16.007244,15.940293,20.716192,20.722277,13.030867,159.75,93.85497,65.89503,65.89503,93.85497,632.0,5.5757103,36.636364,0.0,6.019555,29.979734,54.41927,71.51198,98.51037,184.54541,61.578125,46.62803,36.43783,42.369698,0.0
RTSIsc1.48dRnd0000001007_Ne.4Si50_Cr.0Bi-36.00-5SBi10.00-5nA160Am0.0Sm0.25mT0.001No0Al0.1Be0eT0eA160eS0eFS0eFa0.out,-36.0,10.0,50.0,17.0,319.5,0.50516254,82.034706,47.753998,33.120544,361.13885,-39.319904,87.51468,0.27257866,48.416523,33.77983,14.163873,32.261314,36.1768,23.351562,12.825236,12.773769,16.905066,48.421535,33.28927,159.75,107.360466,52.389538,52.389538,107.360466,631.63635,5.416477,37.363636,0.0,12.424337,29.895407,41.88324,51.316242,76.66028,190.59262,59.409897,52.112026,46.60161,70.74072,0.0
RTSIsc1.48dRnd0000000124_Ne.4Si50_Cr.0Bi-02.00-5SBi-08.00-5nA160Am0.0Sm0.25mT0.001No0Al0.1Be0eT0eA160eS0eFS0eFa0.out,-2.0,-8.0,50.0,17.0,319.5,0.09810809,-63.600163,-65.33486,-52.35666,386.89417,-98.0407,32.3704,0.2807962,10.79446,1.628267,12.48892,52.014015,37.389206,24.165625,13.223579,13.166951,16.692945,66.49367,52.877037,159.75,106.11553,53.634468,53.634468,106.11553,633.3333,5.477699,37.121212,0.0,9.694271,29.887453,43.085037,55.0902,82.42415,187.6963,61.125946,51.610844,46.48698,66.23215,0.0
RTSIsc1.48dRnd0000000905_Ne.4Si50_Cr.0Bi-40.00-5SBi08.00-5nA160Am0.0Sm0.25mT0.001No0Al0.1Be0eT0eA160eS0eFS0eFa0.out,-40.0,8.0,50.0,17.0,319.5,0.49954057,66.771194,27.393066,15.8598385,299.69733,-51.065456,72.90087,0.30362287,50.409374,38.879356,11.084754,15.076752,39.52874,25.33376,14.194981,14.1356535,18.338684,29.706104,18.065805,159.75,101.39262,58.357388,58.357388,101.39262,632.7879,5.560038,36.878788,0.0,8.979782,30.31984,48.509945,61.239536,89.55327,185.5989,60.49678,49.24853,41.016712,57.824574,0.0
RTSIsc1.48dRnd0000000424_Ne.4Si50_Cr.0Bi-02.00-5SBi-02.00-5nA160Am0.0Sm0.25mT0.001No0Al0.1Be0eT0eA160eS0eFS0eFa0.out,-2.0,-2.0,50.0,17.0,319.5,0.18407223,-16.704542,-18.616953,-10.004421,286.63828,-65.83614,62.413536,0.33485508,6.780303,1.6803504,8.3439865,10.165057,42.220882,26.691572,15.529308,15.466762,20.538162,23.102768,14.39802,159.75,95.03319,64.71681,64.71681,95.03319,630.9091,5.5234375,36.78788,0.0,6.308428,29.615767,54.132767,70.323105,97.46122,183.33083,60.913685,46.36236,36.899765,45.561172,0.0
RTSIsc1.48dRnd0000000926_Ne.4Si50_Cr.0Bi02.00-5SBi08.00-5nA160Am0.0Sm0.25mT0.001No0Al0.1Be0eT0eA160eS0eFS0eFa0.out,2.0,8.0,50.0,17.0,319.5,0.37631708,64.62794,66.34266,53.2511,391.08496,-31.61993,100.49502,0.28246596,10.936032,1.7243844,12.607623,52.434708,36.942093,23.71179,13.230303,13.175047,17.166052,67.06099,53.45073,159.75,105.54754,54.20246,54.20246,105.54754,631.2727,5.492519,37.030304,0.0,9.448532,30.221874,44.99531,55.38551,80.4259,186.14124,61.113445,51.795547,46.01676,65.7286,0.0
RTSIsc1.48dRnd0000000843_Ne.4Si50_Cr.0Bi36.00-5SBi06.00-5nA160Am0.0Sm0.25mT0.001No0Al0.1Be0eT0eA160eS0eFS0eFa0.out,36.0,6.0,50.0,17.0,319.5,0.30794674,48.535416,83.04501,70.21069,425.82855,-22.76726,109.40537,0.28093833,21.618702,34.01288,12.352604,69.42273,36.70478,23.3634,13.341383,13.285701,16.78177,83.692314,70.31048,159.75,106.054306,53.69569,53.69569,106.054306,631.3939,5.50857,36.909092,0.0,8.447064,29.867472,44.968987,56.04872,83.13646,185.40668,60.11662,51.02107,46.14905,66.23182,0.0
RTSIsc1.48dRnd0000000439_Ne.4Si50_Cr.0Bi28.00-5SBi-02.00-5nA160Am0.0Sm0.25mT0.001No0Al0.1Be0eT0eA160eS0eFS0eFa0.out,28.0,-2.0,50.0,17.0,319.5,0.26384786,-15.037434,12.3736,5.9568763,278.61737,-62.269238,65.01894,0.3504876,20.527037,26.91037,6.2862687,5.886979,43.907246,27.463873,16.44337,16.374905,21.102983,19.111425,11.662413,159.75,92.17429,67.57571,67.57571,92.17429,631.8182,5.5004263,37.151516,0.0,5.076468,27.693277,54.902367,74.78215,102.769554,186.7893,61.500473,45.45308,33.951183,38.90033,0.0
RTSIsc1.48dRnd0000000307_Ne.4Si50_Cr.0Bi-36.00-5SBi-04.00-5nA160Am0.0Sm0.25mT0.001No0Al0.1Be0eT0eA160eS0eFS0eFa0.out,-36.0,-4.0,50.0,17.0,319.5,0.6369413,-33.182987,-68.468636,-57.16244,396.16876,-99.438965,33.437485,0.300883,23.747965,34.78608,10.816194,57.329876,39.146496,25.204025,13.9424715,13.8785515,19.087643,70.084885,58.405052,159.75,101.36955,58.380444,58.380444,101.36955,632.42426,5.484659,36.969696,0.0,10.829404,33.61591,48.16018,58.14124,82.821304,185.21317,60.064014,50.331722,43.763256,59.484043,0.0
RTSIsc1.48dRnd0000000803_Ne.4Si50_Cr.0Bi-44.00-5SBi06.00-5nA160Am0.0Sm0.25mT0.001No0Al0.1Be0eT0eA160eS0eFS0eFa0.out,-44.0,6.0,50.0,17.0,319.5,0.14688815,48.89661,5.6959925,2.573091,267.50684,-60.865963,65.604485,0.36049107,45.826042,42.70218,5.434943,4.191004,44.852226,28.14143,16.710796,16.64304,22.015436,17.7351,10.670707,159.75,90.00019,69.74981,69.74981,90.00019,632.36365,5.3487215,36.78788,0.0,5.3505683,29.21837,56.498344,77.86231,104.652794,186.89313,60.358288,43.16193,32.02699,36.340908,0.0
RTSIsc1.48dRnd0000000401_Ne.4Si50_Cr.0Bi-48.00-5SBi-02.00-5nA160Am0.0Sm0.25mT0.001No0Al0.1Be0eT0eA160eS0eFS0eFa0.out,-48.0,-2.0,50.0,17.0,319.5,0.4436794,-15.174896,-62.22361,-50.6963,400.20685,-95.52742,41.592678,0.29909906,35.12235,46.54986,11.0456915,50.658474,38.96842,24.86752,14.1009,14.041146,18.342709,63.772434,51.799767,159.75,102.14114,57.608852,57.608852,102.14114,630.7273,5.575426,37.121212,0.0,10.327652,31.187311,47.33788,58.918846,85.54176,182.68973,60.665768,50.68897,44.16056,59.208805,0.0
RTSIsc1.48dRnd0000000228_Ne.4Si50_Cr.0Bi06.00-5SBi-06.00-5nA160Am0.0Sm0.25mT0.001No0Al0.1Be0eT0eA160eS0eFS0eFa0.out,6.0,-6.0,50.0,17.0,319.5,0.6259558,-49.91359,-43.919346,-31.00546,328.98682,-82.93573,46.389107,0.28554457,18.426893,5.494318,12.4509,31.222017,37.5902,24.144886,13.4453125,13.386269,17.7384,45.838974,32.427376,159.75,104.637024,55.112972,55.112972,104.637024,631.63635,5.446638,36.969696,0.0,9.490483,31.462927,45.987785,56.797398,81.68518,185.73456,59.37514,50.747158,44.551327,65.804405,0.0
RTSIsc1.48dRnd0000000532_Ne.4Si50_Cr.0Bi14.00-5SBi00.00-5nA160Am0.0Sm0.25mT0.001No0Al0.1Be0eT0eA160eS0eFS0eFa0.out,14.0,0.0,50.0,17.0,319.5,0.2764958,-0.6039386,13.25461,6.8438215,276.67337,-60.459892,65.27979,0.35282594,7.5380206,13.360416,6.4572444,6.8599906,44.341667,27.966335,16.375332,16.309565,21.751137,19.55544,12.18059,159.75,91.42145,68.32855,68.32855,91.42145,630.5455,5.6056347,36.363636,0.0,6.024006,29.366003,55.89801,75.15331,101.217186,184.784,60.607338,44.667328,34.07055,38.757717,0.0
RTSIsc1.48dRnd0000000135_Ne.4Si50_Cr.0Bi20.00-5SBi-08.00-5nA160Am0.0Sm0.25mT0.001No0Al0.1Be0eT0eA160eS0eFS0eFa0.out,20.0,-8.0,50.0,17.0,319.5,-0.10990763,-62.16711,-42.712784,-30.4791,359.92105,-83.0156,46.6893,0.29618883,31.188257,18.95592,11.754261,29.947964,38.677746,24.909044,13.7687025,13.714347,18.524338,44.09271,31.478779,159.75,102.57178,57.17822,57.17822,102.57178,631.51514,5.3704543,36.969696,0.0,10.620739,32.011696,46.42031,56.63878,83.20985,186.65411,59.879593,50.19214,44.991714,60.896214,0.0
RTSIsc1.48dRnd0000000027_Ne.4Si50_Cr.0Bi04.00-5SBi-10.00-5nA160Am0.0Sm0.25mT0.001No0Al0.1Be0eT0eA160eS0eFS0eFa0.out,4.0,-10.0,50.0,17.0,319.5,0.1169287,-79.523895,-76.166245,-63.57315,446.34454,-104.60651,27.39419,0.2926551,15.454687,2.9314868,12.104261,63.24697,38.877888,25.249811,13.6280775,13.567756,19.208712,77.325935,64.2503,159.75,102.66236,57.087643,57.087643,102.66236,632.7273,5.530303,36.969696,0.0,15.208759,34.925285,45.696827,53.232624,78.223015,184.56165,58.729214,51.030968,46.299904,64.81903,0.0
RTSIsc1.48dRnd0000000105_Ne.4Si50_Cr.0Bi-40.00-5SBi-08.00-5nA160Am0.0Sm0.25mT0.001No0Al0.1Be0eT0eA160eS0eFS0eFa0.out,-40.0,-8.0,50.0,17.0,319.5,0.4791599,-68.118675,-99.63244,-93.58172,423.91122,-109.71919,21.949131,0.39145404,25.34285,31.013874,5.7108903,93.57022,44.9393,26.66359,18.275711,18.204594,32.49195,101.16194,94.342285,159.75,78.66714,81.08286,81.08286,78.66714,631.8182,5.484517,36.878788,0.0,38.778503,63.14768,70.09716,70.34304,86.49294,154.43266,47.391003,36.9303,31.001514,33.20336,0.0
RTSIsc1.48dRnd0000000229_Ne.4Si50_Cr.0Bi08.00-5SBi-06.00-5nA160Am0.0Sm0.25mT0.001No0Al0.1Be0eT0eA160eS0eFS0eFa0.out,8.0,-6.0,50.0,17.0,319.5,0.11287131,-44.315174,-36.349186,-24.988127,331.67712,-77.47508,52.866055,0.30593157,18.836647,7.467756,10.893845,24.700851,39.498154,25.218987,14.279166,14.216288,18.92571,38.146217,26.665134,159.75,100.63404,59.115955,59.115955,100.63404,632.5455,5.5004263,37.242424,0.0,9.097632,32.93982,49.44763,60.223866,85.12097,186.58797,59.69768,49.677746,42.148483,57.603645,0.0
RTSIsc1.48dRnd0000000434_Ne.4Si50_Cr.0Bi18.00-5SBi-02.00-5nA160Am0.0Sm0.25mT0.001No0Al0.1Be0eT0eA160eS0eFS0eFa0.out,18.0,-2.0,50.0,17.0,319.5,0.1476935,-15.576392,1.9700903,1.1524854,256.56943,-62.649433,62.980423,0.37310025,16.267708,17.047112,4.170218,3.741714,46.647823,29.09498,17.552841,17.481817,22.555397,16.257639,10.260266,159.75,87.66851,72.08149,72.08149,87.66851,631.2727,5.673911,37.030304,0.0,4.3644886,28.30071,58.1964,81.59564,110.23504,183.4714,62.14124,42.409565,29.719887,30.838352,0.0
RTSIsc1.48dRnd0000000550_Ne.4Si50_Cr.0Bi50.00-5SBi00.00-5nA160Am0.0Sm0.25mT0.001No0Al0.1Be0eT0eA160eS0eFS0eFa0.out,50.0,0.0,50.0,17.0,319.5,-0.031191817,0.5475415,49.711544,37.4065,394.51212,-48.275185,87.748405,0.29706898,36.469933,48.662785,11.829877,37.03523,38.823296,24.889063,13.934233,13.8733425,18.287926,51.04812,38.60017,159.75,102.48835,57.261646,57.261646,102.48835,632.6667,5.347822,37.363636,0.0,9.398011,32.383286,47.36463,58.723816,85.35199,182.73778,60.98376,51.547016,44.100758,60.075615,0.0
RTSIsc1.48dRnd0000000707_Ne.4Si50_Cr.0Bi-36.00-5SBi04.00-5nA160Am0.0Sm0.25mT0.001No0Al0.1Be0eT0eA160eS0eFS0eFa0.out,-36.0,4.0,50.0,17.0,319.5,0.15345882,31.852423,-3.6714706,-1.6803433,274.3002,-62.13683,65.72983,0.3677006,33.039677,35.024715,4.7727747,4.4729166,45.658382,28.512405,17.145975,17.075758,22.387547,17.26613,10.929497,159.75,88.60928,71.14072,71.14072,88.60928,633.69696,5.3485794,37.0,0.0,5.217661,28.722727,57.321117,79.60483,106.81766,185.83348,61.79176,43.292377,31.87571,33.21965,0.0
RTSIsc1.48dRnd0000000328_Ne.4Si50_Cr.0Bi06.00-5SBi-04.00-5nA160Am0.0Sm0.25mT0.001No0Al0.1Be0eT0eA160eS0eFS0eFa0.out,6.0,-4.0,50.0,17.0,319.5,0.7182597,-30.589321,-24.944609,-14.482097,305.30984,-68.89467,57.166443,0.31275707,15.610228,5.1559186,9.987642,14.9344225,40.71283,26.085464,14.627367,14.563399,18.7027,28.326784,18.013914,159.75,99.685745,60.06425,60.06425,99.685745,633.3333,5.3937025,36.757576,0.0,8.474384,31.789536,49.943466,63.78641,92.446594,182.19196,60.13911,49.13267,41.258286,54.17093,0.0
RTSIsc1.48dRnd0000000610_Ne.4Si50_Cr.0Bi-30.00-5SBi02.00-5nA160Am0.0Sm0.25mT0.001No0Al0.1Be0eT0eA160eS0eFS0eFa0.out,-30.0,2.0,50.0,17.0,319.5,0.31314278,15.044356,-14.479898,-8.308774,287.0341,-64.946144,64.85797,0.34690663,22.903788,29.025047,6.791383,9.009612,44.440105,28.114016,16.32609,16.25838,20.71572,21.301817,13.670967,159.75,92.99233,66.75767,66.75767,92.99233,632.42426,5.4545927,36.78788,0.0,5.9240055,29.20232,55.129215,74.23963,102.59991,181.8805,61.58944,46.674053,35.29787,39.88731,0.0
RTSIsc1.48dRnd0000000420_Ne.4Si50_Cr.0Bi-10.00-5SBi-02.00-5nA160Am0.0Sm0.25mT0.001No0Al0.1Be0eT0eA160eS0eFS0eFa0.out,-10.0,-2.0,50.0,17.0,319.5,0.5752811,-15.591171,-25.32228,-14.140376,306.31467,-67.38589,59.82998,0.3050564,4.1161933,9.232765,10.703457,14.4405775,38.938114,24.67178,14.2663355,14.2080965,18.256628,28.259863,17.609333,159.75,101.231064,58.51894,58.51894,101.231064,631.2121,5.521875,37.0,0.0,6.53215,28.661175,48.445312,63.258995,89.69048,186.61264,60.4795,49.641476,41.594887,56.2955,0.0
RTSIsc1.48dRnd0000000842_Ne.4Si50_Cr.0Bi34.00-5SBi06.00-5nA160Am0.0Sm0.25mT0.001No0Al0.1Be0eT0eA160eS0eFS0eFa0.out,34.0,6.0,50.0,17.0,319.5,0.57396287,47.821484,80.36133,69.098,431.11517,-26.890167,108.186226,0.30074722,21.216572,32.036034,10.7805395,68.04872,39.126705,25.140673,13.9860325,13.927888,18.97822,80.8138,69.22123,159.75,101.51004,58.239964,58.239964,101.51004,631.2727,5.3184657,37.121212,0.0,10.203077,33.0714,48.54593,58.27287,83.26392,184.17136,60.27874,50.47609,43.947823,59.041523,0.0
RTSIsc1.48dRnd0000001048_Ne.4Si50_Cr.0Bi46.00-5SBi10.00-5nA160Am0.0Sm0.25mT0.001No0Al0.1Be0eT0eA160eS0eFS0eFa0.out,46.0,10.0,50.0,17.0,319.5,0.2770885,78.21191,109.55112,106.261635,466.6721,-27.99685,114.81989,0.4773243,27.876562,30.837643,3.0705967,105.484566,46.894222,25.844555,21.04967,20.979498,55.533,110.26512,106.6034,159.75,51.06804,108.68196,108.68196,51.06804,632.7273,5.4698863,36.848484,0.0,108.17604,108.99773,87.23811,69.68125,70.39408,108.778694,27.013874,20.559517,16.73125,15.156723,0.0
RTSIsc1.48dRnd0000000917_Ne.4Si50_Cr.0Bi-16.00-5SBi08.00-5nA160Am0.0Sm0.25mT0.001No0Al0.1Be0eT0eA160eS0eFS0eFa0.out,-16.0,8.0,50.0,17.0,319.5,0.42774892,65.67167,50.07939,37.293026,346.95508,-39.961987,89.21667,0.28836584,27.878551,15.0884,12.311127,36.421684,37.58319,24.196686,13.386506,13.327368,18.373531,50.688427,37.428265,159.75,103.84664,55.903362,55.903362,103.84664,631.8788,5.5913825,36.81818,0.0,11.045171,32.42505,45.41283,54.814632,80.496826,188.15341,59.66695,50.6947,44.893085,64.27614,0.0
RTSIsc1.48dRnd0000000006_Ne.4Si50_Cr.0Bi-38.00-5SBi-10.00-5nA160Am0.0Sm0.25mT0.001No0Al0.1Be0eT0eA160eS0eFS0eFa0.out,-38.0,-10.0,50.0,17.0,319.5,0.5424872,-79.31091,-103.293465,-99.3244,436.45966,-109.73733,30.379492,0.4574352,19.861933,23.479593,3.7709754,99.3794,45.0893,24.778692,20.310606,20.243181,54.544083,104.917076,100.43901,159.75,54.987072,104.762924,104.762924,54.987072,631.8182,5.651373,37.333332,0.0,119.587166,96.12277,76.800186,63.142567,69.104164,113.83286,29.338589,23.568844,19.825426,20.495596,0.0
RTSIsc1.48dRnd0000000928_Ne.4Si50_Cr.0Bi06.00-5SBi08.00-5nA160Am0.0Sm0.25mT0.001No0Al0.1Be0eT0eA160eS0eFS0eFa0.out,6.0,8.0,50.0,17.0,319.5,0.33418766,62.32373,67.96386,54.617172,399.4367,-29.889809,101.93086,0.28213912,7.740672,5.145076,12.857481,53.84181,37.933712,24.43821,13.4955015,13.441194,16.870455,68.633255,54.76396,159.75,105.80919,53.940815,53.940815,105.80919,631.51514,5.499716,36.969696,0.0,9.964205,30.534138,43.67571,54.511555,82.38726,185.49309,61.05005,52.152794,46.194553,65.551796,0.0
RTSIsc1.48dRnd0000000032_Ne.4Si50_Cr.0Bi14.00-5SBi-10.00-5nA160Am0.0Sm0.25mT0.001No0Al0.1Be0eT0eA160eS0eFS0eFa0.out,14.0,-10.0,50.0,17.0,319.5,0.37232906,-80.80792,-68.18464,-55.043472,379.687,-99.90556,29.613419,0.27895704,25.26591,12.1214485,12.64929,54.945408,37.527035,24.361742,13.165294,13.108807,17.51856,69.60335,55.67865,159.75,105.90502,53.844982,53.844982,105.90502,631.8182,5.5530777,36.78788,0.0,12.461222,32.724148,44.871544,53.783333,78.36397,182.17604,58.905872,51.263824,47.086315,70.181915,0.0
RTSIsc1.48dRnd0000000933_Ne.4Si50_Cr.0Bi16.00-5SBi08.00-5nA160Am0.0Sm0.25mT0.001No0Al0.1Be0eT0eA160eS0eFS0eFa0.out,16.0,8.0,50.0,17.0,319.5,0.29273635,65.05708,80.13571,68.197075,411.2239,-24.106627,109.21276,0.29094625,5.5658145,14.581534,11.4533615,67.4223,38.68442,25.161411,13.523011,13.462784,18.407434,80.863014,68.38743,159.75,103.38281,56.367188,56.367188,103.38281,632.1212,5.4847536,36.78788,0.0,12.720596,33.805397,46.22282,54.88878,80.21705,184.93774,59.166195,49.609093,45.338116,65.21544,0.0
RTSIsc1.48dRnd0000000828_Ne.4Si50_Cr.0Bi06.00-5SBi06.00-5nA160Am0.0Sm0.25mT0.001No0Al0.1Be0eT0eA160eS0eFS0eFa0.out,6.0,6.0,50.0,17.0,319.5,-0.21134448,48.833263,54.91804,42.35333,363.93457,-40.445244,91.85602,0.2886331,6.564536,5.589915,12.082339,42.1045,38.702038,25.213495,13.488542,13.428314,17.769176,56.189453,43.11513,159.75,104.15928,55.59072,55.59072,104.15928,634.1818,5.5985794,36.848484,0.0,10.7199335,31.96302,46.106014,55.833664,83.00582,186.1295,60.01307,50.91539,45.13267,64.36274,0.0
RTSIsc1.48dRnd0000000820_Ne.4Si50_Cr.0Bi-10.00-5SBi06.00-5nA160Am0.0Sm0.25mT0.001No0Al0.1Be0eT0eA160eS0eFS0eFa0.out,-10.0,6.0,50.0,17.0,319.5,0.29606545,49.074955,38.99423,27.525837,328.14917,-49.2479,80.6705,0.29978833,21.052605,9.583286,10.9860325,26.824762,39.01392,24.923437,14.090483,14.029924,18.510086,40.101654,28.398764,159.75,101.94209,57.807907,57.807907,101.94209,631.75757,5.47732,36.909092,0.0,9.385369,30.538162,46.343704,59.363873,84.115486,188.30473,61.22443,50.65218,43.32216,58.50748,0.0
RTSIsc1.48dRnd0000000832_Ne.4Si50_Cr.0Bi14.00-5SBi06.00-5nA160Am0.0Sm0.25mT0.001No0Al0.1Be0eT0eA160eS0eFS0eFa0.out,14.0,6.0,50.0,17.0,319.5,0.42473972,49.676632,63.207367,50.078262,373.04166,-34.0499,97.99579,0.2838553,5.4241004,13.03286,12.650568,49.224243,37.197727,23.938494,13.2592325,13.205209,17.271118,63.780956,50.0948,159.75,105.29285,54.45715,54.45715,105.29285,632.9091,5.3562975,36.81818,0.0,9.421827,30.502699,44.505825,54.6947,82.85701,189.2573,59.789158,51.17443,45.658855,65.0473,0.0
RTSIsc1.48dRnd0000000235_Ne.4Si50_Cr.0Bi20.00-5SBi-06.00-5nA160Am0.0Sm0.25mT0.001No0Al0.1Be0eT0eA160eS0eFS0eFa0.out,20.0,-6.0,50.0,17.0,319.5,-0.3380868,-48.359863,-28.61482,-17.46381,316.63614,-72.52544,56.43031,0.30758417,30.399054,19.243372,10.7308235,16.866903,40.409187,25.995123,14.4140625,14.3506155,18.868893,30.825317,19.578894,159.75,100.3982,59.3518,59.3518,100.3982,632.36365,5.4394884,37.121212,0.0,9.5120735,31.819082,49.313496,61.58234,88.76539,182.54521,60.60412,48.93679,42.271305,57.013824,0.0
RTSIsc1.48dRnd0000000927_Ne.4Si50_Cr.0Bi04.00-5SBi08.00-5nA160Am0.0Sm0.25mT0.001No0Al0.1Be0eT0eA160eS0eFS0eFa0.out,4.0,8.0,50.0,17.0,319.5,0.5037286,64.16807,67.88791,54.877056,389.18777,-31.17489,101.13761,0.282893,8.926657,3.2642992,12.5234375,53.90592,37.198673,24.00123,13.197443,13.135843,18.04678,68.3613,54.737396,159.75,104.9117,54.838306,54.838306,104.9117,631.3333,5.4553504,36.727272,0.0,12.252462,32.109093,44.134518,52.94058,79.34115,185.95288,59.934235,51.485703,46.196213,66.9865,0.0
RTSIsc1.48dRnd0000000225_Ne.4Si50_Cr.0Bi00.00-5SBi-06.00-5nA160Am0.0Sm0.25mT0.001No0Al0.1Be0eT0eA160eS0eFS0eFa0.out,0.0,-6.0,50.0,17.0,319.5,0.15735467,-47.318405,-47.2361,-35.052917,362.65594,-85.63918,46.94845,0.2971203,11.794887,1.0201231,11.700616,34.79588,39.02467,25.112453,13.912216,13.850568,18.703882,48.611176,36.17578,159.75,102.222115,57.52789,57.52789,102.222115,633.9394,5.606818,37.030304,0.0,10.863021,33.940624,47.872063,57.703884,83.54404,183.66814,59.05412,50.873768,44.501846,61.917896,0.0
RTSIsc1.48dRnd0000000719_Ne.4Si50_Cr.0Bi-12.00-5SBi04.00-5nA160Am0.0Sm0.25mT0.001No0Al0.1Be0eT0eA160eS0eFS0eFa0.out,-12.0,4.0,50.0,17.0,319.5,0.7091186,34.192158,22.410507,12.599337,287.3458,-56.33045,69.910675,0.32323822,21.09124,11.280397,9.347727,11.6318655,41.108902,26.059422,15.0494795,14.9898205,19.798674,24.930958,15.26558,159.75,97.35744,62.392567,62.392567,97.35744,632.48486,5.5987687,37.151516,0.0,7.702178,31.727652,52.286366,67.42358,93.184135,181.4106,60.647915,48.337975,39.118797,50.645645,0.0
RTSIsc1.48dRnd0000001042_Ne.4Si50_Cr.0Bi34.00-5SBi10.00-5nA160Am0.0Sm0.25mT0.001No0Al0.1Be0eT0eA160eS0eFS0eFa0.out,34.0,10.0,50.0,17.0,319.5,0.6184206,81.7062,105.818855,100.243866,456.14163,-20.851976,114.72098,0.41496474,18.452604,23.611221,5.231534,99.127556,45.993183,26.980114,19.013067,18.942802,37.57803,106.13897,99.9354,159.75,71.82822,87.92178,87.92178,71.82822,632.6061,5.544129,36.666668,0.0,50.198486,78.26899,78.490814,73.0786,82.80303,139.83229,39.793797,32.603645,27.792141,29.74427,0.0
RTSIsc1.48dRnd0000000446_Ne.4Si50_Cr.0Bi42.00-5SBi-02.00-5nA160Am0.0Sm0.25mT0.001No0Al0.1Be0eT0eA160eS0eFS0eFa0.out,42.0,-2.0,50.0,17.0,319.5,0.38404903,-16.053957,25.225275,15.181179,322.84296,-60.103886,71.44741,0.31691232,30.754782,40.777225,9.672396,14.616098,41.306393,26.546827,14.759564,14.699858,19.524479,28.292923,18.199846,159.75,98.59356,61.15644,61.15644,98.59356,631.75757,5.416193,37.454544,0.0,8.3482485,31.610085,50.968845,65.58059,90.81662,182.24597,60.361507,49.082245,40.5,52.243465,0.0
RTSIsc1.48dRnd0000000823_Ne.4Si50_Cr.0Bi-04.00-5SBi06.00-5nA160Am0.0Sm0.25mT0.001No0Al0.1Be0eT0eA160eS0eFS0eFa0.out,-4.0,6.0,50.0,17.0,319.5,0.5178195,51.247086,47.480145,35.002003,352.99173,-43.498394,86.646355,0.29001537,15.751515,3.2902462,12.004687,34.047726,38.249718,24.635323,13.614394,13.554735,18.089914,48.12042,35.204594,159.75,103.74436,56.005634,56.005634,103.74436,631.1515,5.6738634,36.909092,0.0,10.70412,32.146164,46.14863,56.094128,81.17912,185.48073,60.236694,51.05521,44.863777,63.242947,0.0
RTSIsc1.48dRnd0000000728_Ne.4Si50_Cr.0Bi06.00-5SBi04.00-5nA160Am0.0Sm0.25mT0.001No0Al0.1Be0eT0eA160eS0eFS0eFa0.out,6.0,4.0,50.0,17.0,319.5,0.32252753,31.45248,37.24375,25.157698,342.97437,-51.765152,78.75481,0.29830053,6.5022726,5.293892,11.6072445,24.484375,39.13679,25.194412,13.942377,13.882907,18.057102,38.611042,26.5582,159.75,102.429596,57.320408,57.320408,102.429596,632.42426,5.469792,36.878788,0.0,9.099432,30.621637,47.96861,59.67661,86.6456,185.13986,59.971924,50.378834,43.48253,59.439205,0.0
RTSIsc1.48dRnd0000000408_Ne.4Si50_Cr.0Bi-34.00-5SBi-02.00-5nA160Am0.0Sm0.25mT0.001No0Al0.1Be0eT0eA160eS0eFS0eFa0.out,-34.0,-2.0,50.0,17.0,319.5,0.66837156,-17.292465,-50.605213,-37.317955,375.16238,-86.085335,45.89049,0.28136006,20.229687,32.811504,12.810038,37.67827,36.800426,23.39072,13.409706,13.355539,16.97661,52.47869,39.0675,159.75,105.84749,53.902508,53.902508,105.84749,632.0606,5.5530305,36.878788,0.0,9.3842325,29.933617,44.159897,54.910465,83.70677,186.71454,61.03551,51.43021,44.8839,65.90147,0.0
RTSIsc1.48dRnd0000000617_Ne.4Si50_Cr.0Bi-16.00-5SBi02.00-5nA160Am0.0Sm0.25mT0.001No0Al0.1Be0eT0eA160eS0eFS0eFa0.out,-16.0,2.0,50.0,17.0,319.5,0.2284646,16.77685,0.9082305,0.3115874,269.15012,-60.955822,63.96029,0.3566708,16.031345,15.366098,5.428172,4.492424,44.6696,28.026846,16.642756,16.575378,21.248816,17.645678,10.686667,159.75,91.13367,68.61633,68.61633,91.13367,629.69696,5.5380683,36.848484,0.0,5.560464,27.70966,54.607624,77.35952,105.88532,183.24223,61.56558,44.415245,32.591667,36.75966,0.0
RTSIsc1.48dRnd0000000718_Ne.4Si50_Cr.0Bi-14.00-5SBi04.00-5nA160Am0.0Sm0.25mT0.001No0Al0.1Be0eT0eA160eS0eFS0eFa0.out,-14.0,4.0,50.0,17.0,319.5,0.23829961,33.379974,19.411825,9.976504,277.13495,-57.693604,67.97809,0.32557514,22.900616,13.4689865,9.150047,9.838731,41.450756,26.254309,15.196449,15.132955,19.457293,23.776459,14.212152,159.75,97.18688,62.563114,62.563114,97.18688,632.1818,5.4781723,37.030304,0.0,5.9730115,28.367708,51.91184,69.04067,95.438255,186.57988,61.13807,46.791477,37.482197,49.458714,0.0
RTSIsc1.48dRnd0000000019_Ne.4Si50_Cr.0Bi-12.00-5SBi-10.00-5nA160Am0.0Sm0.25mT0.001No0Al0.1Be0eT0eA160eS0eFS0eFa0.out,-12.0,-10.0,50.0,17.0,319.5,0.21983248,-78.39374,-88.119774,-76.897995,418.94867,-108.04108,20.228611,0.29518926,4.712216,9.2256155,10.737642,76.65497,38.630634,24.504593,14.126041,14.066951,18.64143,89.395676,77.30109,159.75,102.6339,57.1161,57.1161,102.6339,632.7879,5.5454545,36.696968,0.0,14.324243,34.563164,46.580635,55.607433,80.83859,184.00085,58.307907,49.943657,45.76146,62.859943,0.0
RTSIsc1.48dRnd0000001016_Ne.4Si50_Cr.0Bi-18.00-5SBi10.00-5nA160Am0.0Sm0.25mT0.001No0Al0.1Be0eT0eA160eS0eFS0eFa0.out,-18.0,10.0,50.0,17.0,319.5,0.43443853,80.91725,63.74017,50.413887,373.0685,-32.062283,99.3679,0.28393894,30.006723,16.6732,12.838494,49.509327,37.26449,24.005018,13.25947,13.202604,18.514915,64.3108,50.339622,159.75,104.507484,55.24252,55.24252,104.507484,632.9091,5.515578,37.303032,0.0,12.1020355,32.88196,44.739773,53.613636,79.1045,188.0688,58.682102,50.5955,46.279972,66.84081,0.0
RTSIsc1.48dRnd0000000108_Ne.4Si50_Cr.0Bi-34.00-5SBi-08.00-5nA160Am0.0Sm0.25mT0.001No0Al0.1Be0eT0eA160eS0eFS0eFa0.out,-34.0,-8.0,50.0,17.0,319.5,0.51317066,-63.167366,-92.525276,-83.02592,430.79788,-109.14236,21.33923,0.32667997,19.92694,28.858381,9.045786,83.07462,41.039017,25.585037,15.453978,15.3894415,22.393372,94.05413,83.99853,159.75,95.24124,64.50876,64.50876,95.24124,633.75757,5.5153885,36.575756,0.0,16.776136,43.75824,56.035748,63.08551,85.491714,172.5116,56.37585,46.507103,40.480873,52.734802,0.0
RTSIsc1.48dRnd0000000323_Ne.4Si50_Cr.0Bi-04.00-5SBi-04.00-5nA160Am0.0Sm0.25mT0.001No0Al0.1Be0eT0eA160eS0eFS0eFa0.out,-4.0,-4.0,50.0,17.0,319.5,0.03405956,-31.767513,-35.71986,-24.983223,329.23615,-77.33778,55.04458,0.31165257,6.560038,3.4780302,10.254687,24.597443,40.356678,25.826231,14.530445,14.468324,19.585512,37.489655,26.552494,159.75,99.3597,60.390293,60.390293,99.3597,631.2121,5.484659,37.0,0.0,8.935416,32.939915,50.146637,62.270172,87.13253,183.47917,60.56979,49.66766,41.621307,54.449528,0.0
RTSIsc1.48dRnd0000000918_Ne.4Si50_Cr.0Bi-14.00-5SBi08.00-5nA160Am0.0Sm0.25mT0.001No0Al0.1Be0eT0eA160eS0eFS0eFa0.out,-14.0,8.0,50.0,17.0,319.5,0.26148474,66.151436,52.350906,39.178402,366.0867,-40.55563,91.258156,0.28557235,26.472206,13.301704,12.684233,38.46477,38.507717,24.960558,13.547159,13.4869795,17.958427,53.137264,39.482037,159.75,104.56089,55.18911,55.18911,104.56089,631.9394,5.613589,36.878788,0.0,11.914394,33.559376,44.903694,53.265293,79.703316,185.45848,58.92197,51.846165,46.237972,66.12874,0.0
RTSIsc1.48dRnd0000000821_Ne.4Si50_Cr.0Bi-08.00-5SBi06.00-5nA160Am0.0Sm0.25mT0.001No0Al0.1Be0eT0eA160eS0eFS0eFa0.out,-8.0,6.0,50.0,17.0,319.5,0.036500853,46.533447,38.84164,26.62469,340.9921,-49.50655,81.11306,0.29613405,19.404215,7.1917615,11.731155,26.220833,38.465576,24.535654,13.929924,13.872253,17.855255,40.215168,27.823626,159.75,102.94801,56.80199,56.80199,102.94801,631.57574,5.5224433,37.0,0.0,7.781534,30.052698,46.58968,58.94394,86.52874,186.35786,60.893845,51.285652,44.140247,59.001564,0.0
RTSIsc1.48dRnd0000000710_Ne.4Si50_Cr.0Bi-30.00-5SBi04.00-5nA160Am0.0Sm0.25mT0.001No0Al0.1Be0eT0eA160eS0eFS0eFa0.out,-30.0,4.0,50.0,17.0,319.5,0.33046374,29.059338,-0.56255496,-0.21088524,257.94458,-61.517334,64.31261,0.37176403,28.773342,29.119223,4.471875,3.7096117,46.363117,28.798721,17.564394,17.494461,22.551563,16.265442,10.16511,159.75,87.89375,71.85625,71.85625,87.89375,631.2121,5.5457387,36.909092,0.0,4.378646,27.852083,58.464535,81.7697,108.746544,184.04115,61.502983,43.082104,30.156866,31.21752,0.0
RTSIsc1.48dRnd0000000500_Ne.4Si50_Cr.0Bi-50.00-5SBi00.00-5nA160Am0.0Sm0.25mT0.001No0Al0.1Be0eT0eA160eS0eFS0eFa0.out,-50.0,0.0,50.0,17.0,319.5,0.05425415,-0.9691708,-50.228844,-38.628464,385.24924,-87.26389,48.58482,0.30201238,37.271355,48.763165,11.119792,38.266903,38.977463,24.818703,14.158759,14.101941,18.216051,51.435085,39.47037,159.75,101.79536,57.95464,57.95464,101.79536,633.51514,5.4322443,37.060608,0.0,9.081723,30.8741,48.153267,58.659706,87.2857,185.35582,61.63215,51.32808,43.871685,57.272915,0.0
RTSIsc1.48dRnd0000001025_Ne.4Si50_Cr.0Bi00.00-5SBi10.00-5nA160Am0.0Sm0.25mT0.001No0Al0.1Be0eT0eA160eS0eFS0eFa0.out,0.0,10.0,50.0,17.0,319.5,0.5439889,81.616516,81.83517,68.899765,418.44736,-19.116518,109.57993,0.2789798,12.228599,0.9456913,12.445265,67.89858,36.793324,23.779167,13.014157,12.958949,17.332197,82.26427,68.76802,159.75,106.02519,53.72481,53.72481,106.02519,633.3333,5.621307,37.18182,0.0,10.706345,32.013874,43.812737,53.68996,80.77126,186.33134,59.139393,51.689392,47.294792,67.88423,0.0
RTSIsc1.48dRnd0000000527_Ne.4Si50_Cr.0Bi04.00-5SBi00.00-5nA160Am0.0Sm0.25mT0.001No0Al0.1Be0eT0eA160eS0eFS0eFa0.out,4.0,0.0,50.0,17.0,319.5,0.16958833,1.5801393,5.3823357,2.459518,248.34996,-61.02328,63.341908,0.37227958,3.4749053,3.3166666,4.043371,3.607623,46.298107,28.948957,17.349148,17.276657,22.444082,15.931963,9.895847,159.75,87.84626,71.90374,71.90374,87.84626,632.36365,5.386127,36.696968,0.0,4.611032,27.727415,56.739014,80.80668,109.77997,185.26189,62.375664,43.333805,30.493181,31.234991,0.0
RTSIsc1.48dRnd0000000909_Ne.4Si50_Cr.0Bi-32.00-5SBi08.00-5nA160Am0.0Sm0.25mT0.001No0Al0.1Be0eT0eA160eS0eFS0eFa0.out,-32.0,8.0,50.0,17.0,319.5,0.36588383,68.83071,37.589775,24.35074,329.52078,-47.98663,80.36848,0.28470683,43.982624,30.741571,12.760511,23.53485,37.88627,24.479403,13.406865,13.351799,17.892803,38.689342,25.150457,159.75,104.75526,54.994743,54.994743,104.75526,631.69696,5.4242897,37.121212,0.0,10.693703,31.455683,45.172157,54.909992,80.71079,187.40141,59.626846,51.3411,45.385654,64.99962,0.0
RTSIsc1.48dRnd0000000440_Ne.4Si50_Cr.0Bi30.00-5SBi-02.00-5nA160Am0.0Sm0.25mT0.001No0Al0.1Be0eT0eA160eS0eFS0eFa0.out,30.0,-2.0,50.0,17.0,319.5,0.5272259,-14.981585,14.852605,8.034293,269.0318,-58.86978,65.44913,0.33895436,22.548105,29.335321,7.023106,7.8001895,43.149857,27.147774,16.002083,15.938163,20.239914,21.10679,12.874246,159.75,94.56795,65.18205,65.18205,94.56795,633.2727,5.4856534,36.78788,0.0,5.401089,28.220123,54.059612,73.17074,100.44332,184.75795,61.76198,46.413635,35.566334,43.477936,0.0
RTSIsc1.48dRnd0000000101_Ne.4Si50_Cr.0Bi-48.00-5SBi-08.00-5nA160Am0.0Sm0.25mT0.001No0Al0.1Be0eT0eA160eS0eFS0eFa0.out,-48.0,-8.0,50.0,17.0,319.5,0.304569,-63.85399,-101.4724,-96.29149,446.16595,-109.80379,24.489231,0.42054892,32.23944,37.123486,4.873153,96.107574,45.89981,26.729925,19.169886,19.098154,38.457623,102.792816,96.98588,159.75,70.26785,89.48215,89.48215,70.26785,630.24243,5.3707385,36.81818,0.0,50.41141,81.02912,78.9455,71.77239,81.70379,140.96022,39.821495,31.374195,26.414251,27.810038,0.0
RTSIsc1.48dRnd0000000547_Ne.4Si50_Cr.0Bi44.00-5SBi00.00-5nA160Am0.0Sm0.25mT0.001No0Al0.1Be0eT0eA160eS0eFS0eFa0.out,44.0,0.0,50.0,17.0,319.5,-0.094890065,0.7524621,43.99181,31.965515,371.18774,-50.37377,83.4422,0.2982892,30.778503,42.737263,11.552225,31.601658,38.557198,24.621164,13.936032,13.875048,18.16463,45.35308,33.134922,159.75,102.34768,57.40232,57.40232,102.34768,630.7879,5.5682764,36.939392,0.0,8.39285,31.756344,47.939487,60.137405,86.079216,183.37741,60.424053,50.090435,43.326515,59.264156,0.0
RTSIsc1.48dRnd0000000514_Ne.4Si50_Cr.0Bi-22.00-5SBi00.00-5nA160Am0.0Sm0.25mT0.001No0Al0.1Be0eT0eA160eS0eFS0eFa0.out,-22.0,0.0,50.0,17.0,319.5,0.19704399,0.7656748,-20.964533,-12.179776,304.10614,-66.91554,60.61173,0.3254584,12.751942,21.233429,8.529262,12.348485,41.828598,26.510086,15.318513,15.252841,19.134281,25.259108,16.221886,159.75,97.39972,62.350285,62.350285,97.39972,632.42426,5.47732,37.0,0.0,5.4883995,27.814867,51.277462,68.87869,96.84205,184.13853,62.590103,48.78196,39.483948,47.12822,0.0
RTSIsc1.48dRnd0000000222_Ne.4Si50_Cr.0Bi-06.00-5SBi-06.00-5nA160Am0.0Sm0.25mT0.001No0Al0.1Be0eT0eA160eS0eFS0eFa0.out,-6.0,-6.0,50.0,17.0,319.5,0.71343833,-48.170864,-54.14521,-41.646027,365.52655,-90.465866,39.83466,0.2864324,6.5775566,5.4766097,12.0120735,41.913067,38.019695,24.574242,13.445455,13.389726,17.409422,55.893818,42.806824,159.75,104.82121,54.928787,54.928787,104.82121,631.8788,5.58357,36.848484,0.0,10.368939,30.071875,43.97107,55.462406,83.585655,186.13263,60.430115,51.661694,45.93016,64.26425,0.0
RTSIsc1.48dRnd0000000626_Ne.4Si50_Cr.0Bi02.00-5SBi02.00-5nA160Am0.0Sm0.25mT0.001No0Al0.1Be0eT0eA160eS0eFS0eFa0.out,2.0,2.0,50.0,17.0,319.5,0.4411356,18.282116,20.317102,11.93087,290.13165,-58.001713,68.76868,0.32982638,6.644981,1.7268466,8.319318,11.500521,42.301327,26.841335,15.4599905,15.393466,19.710558,24.516191,15.433745,159.75,96.32396,63.42604,63.42604,96.32396,633.63635,5.491619,36.696968,0.0,6.7946496,29.897917,51.594696,68.68949,97.31851,185.02576,61.111362,47.796402,38.332245,47.075333,0.0
RTSIsc1.48dRnd0000000340_Ne.4Si50_Cr.0Bi30.00-5SBi-04.00-5nA160Am0.0Sm0.25mT0.001No0Al0.1Be0eT0eA160eS0eFS0eFa0.out,30.0,-4.0,50.0,17.0,319.5,-0.054720998,-31.883577,-2.1418717,-0.9831024,270.21948,-63.03255,64.45094,0.36680833,30.406155,29.241478,4.7366004,3.7226326,45.76965,28.64929,17.12036,17.047775,22.142471,16.83363,10.371447,159.75,88.90999,70.84001,70.84001,88.90999,632.0,5.5905304,36.969696,0.0,4.507623,27.741524,58.523106,81.49025,108.078835,182.18446,61.63177,43.394413,31.209564,33.238445,0.0
RTSIsc1.48dRnd0000000147_Ne.4Si50_Cr.0Bi44.00-5SBi-08.00-5nA160Am0.0Sm0.25mT0.001No0Al0.1Be0eT0eA160eS0eFS0eFa0.out,44.0,-8.0,50.0,17.0,319.5,0.8453729,-63.717155,-20.710495,-11.073134,293.49063,-68.04916,58.215347,0.3260393,52.14498,42.506866,9.240104,11.716193,41.257053,26.377935,14.879119,14.817992,20.237926,25.222698,15.487696,159.75,96.63987,63.110134,63.110134,96.63987,631.4545,5.5080967,36.78788,0.0,7.9057765,31.43125,52.29801,67.78949,93.60431,183.17253,59.46771,47.40156,38.38409,49.99981,0.0
RTSIsc1.48dRnd0000000937_Ne.4Si50_Cr.0Bi24.00-5SBi08.00-5nA160Am0.0Sm0.25mT0.001No0Al0.1Be0eT0eA160eS0eFS0eFa0.out,24.0,8.0,50.0,17.0,319.5,0.6219805,68.01648,89.760376,77.796196,452.93146,-19.75789,111.74116,0.29306585,10.836032,21.243372,11.4866,76.699715,38.654167,24.753836,13.9003315,13.83982,18.256014,90.07505,77.595856,159.75,103.17055,56.579453,56.579453,103.17055,632.48486,5.673722,36.78788,0.0,13.530918,35.12178,47.12102,55.668797,81.503975,178.83698,58.43982,50.999477,47.136223,64.125854,0.0
RTSIsc1.48dRnd0000000325_Ne.4Si50_Cr.0Bi00.00-5SBi-04.00-5nA160Am0.0Sm0.25mT0.001No0Al0.1Be0eT0eA160eS0eFS0eFa0.out,0.0,-4.0,50.0,17.0,319.5,-0.18247232,-30.7211,-30.913855,-19.65667,338.83603,-74.03165,56.184208,0.3109055,10.594887,0.9375,10.780824,19.17732,40.774906,26.180824,14.594082,14.534896,19.058855,32.749268,21.900776,159.75,99.832054,59.917946,59.917946,99.832054,630.5455,5.6740055,37.151516,0.0,9.315956,32.091476,50.202793,61.517567,87.502365,181.79309,61.095596,50.364582,41.72609,54.935936,0.0
RTSIsc1.48dRnd0000000613_Ne.4Si50_Cr.0Bi-24.00-5SBi02.00-5nA160Am0.0Sm0.25mT0.001No0Al0.1Be0eT0eA160eS0eFS0eFa0.out,-24.0,2.0,50.0,17.0,319.5,0.29972202,18.038258,-5.688892,-2.2106779,262.47116,-61.318214,64.371216,0.3640122,19.77055,23.226042,5.072538,4.0619793,45.012596,27.959044,17.05355,16.984043,21.733618,16.932844,10.412881,159.75,89.61979,70.13021,70.13021,89.61979,631.8788,5.6060133,37.030304,0.0,4.222443,26.456297,55.68518,79.58688,107.01236,188.23035,61.75805,43.854546,31.189299,33.88338,0.0
RTSIsc1.48dRnd0000000441_Ne.4Si50_Cr.0Bi32.00-5SBi-02.00-5nA160Am0.0Sm0.25mT0.001No0Al0.1Be0eT0eA160eS0eFS0eFa0.out,32.0,-2.0,50.0,17.0,319.5,0.52930695,-15.819204,15.625635,9.391801,297.45154,-61.32483,67.472435,0.34824997,24.741808,30.943466,6.8091383,9.291193,44.245453,27.858854,16.3866,16.320408,21.465672,22.254738,14.360756,159.75,92.33428,67.41572,67.41572,92.33428,631.75757,5.538873,37.060608,0.0,6.429356,30.564583,54.9241,73.34465,99.94432,184.94176,59.94825,45.518654,35.44408,40.697823,0.0
RTSIsc1.48dRnd0000000134_Ne.4Si50_Cr.0Bi18.00-5SBi-08.00-5nA160Am0.0Sm0.25mT0.001No0Al0.1Be0eT0eA160eS0eFS0eFa0.out,18.0,-8.0,50.0,17.0,319.5,0.52046025,-64.39527,-46.90576,-34.494274,346.2094,-84.978836,44.891617,0.291299,29.405445,16.990437,11.9235325,34.577602,38.069225,24.546543,13.52268,13.464536,18.800238,48.588028,35.752228,159.75,103.10109,56.64891,56.64891,103.10109,631.3939,5.5684185,37.0,0.0,12.815199,33.390152,46.02893,55.01051,79.66724,186.09972,58.39219,50.945595,44.49271,64.551704,0.0
RTSIsc1.48dRnd0000000510_Ne.4Si50_Cr.0Bi-30.00-5SBi00.00-5nA160Am0.0Sm0.25mT0.001No0Al0.1Be0eT0eA160eS0eFS0eFa0.out,-30.0,0.0,50.0,17.0,319.5,0.513917,-0.43517348,-29.641197,-19.239004,333.68445,-72.41856,58.05025,0.31566504,18.479498,28.703173,9.918655,19.487595,40.863873,26.081013,14.78286,14.722017,18.85554,32.82154,22.61258,159.75,99.166,60.583996,60.583996,99.166,633.1515,5.3259945,36.575756,0.0,7.0218277,30.127367,50.211506,65.051895,92.28636,184.73087,61.86695,49.242615,40.60161,52.01051,0.0
RTSIsc1.48d2022.05.23.16.42.26.0930_Ne.4Si50_Cr.0Bi-50.00-5SBi-10.00-5nA160Am0.0Sm0.25mT0.001No0Al0.1Be0eT0eA160eS0eFS0eFa0.out,-50.0,-10.0,50.0,17.0,319.5,0.3348882,-79.60572,-106.67441,-105.41791,396.84164,-109.828125,35.091896,0.5314268,25.599384,26.570454,1.2982955,105.253075,40.821354,19.37126,21.450094,21.398153,87.12306,108.056015,106.60311,159.75,24.262074,135.48793,135.48793,24.262074,631.69696,5.447443,37.121212,0.0,248.77094,120.5143,72.465675,47.43016,44.08968,69.66511,10.976799,7.7329073,5.7155304,4.3358903,0.0
RTSIsc1.48dRnd0000000704_Ne.4Si50_Cr.0Bi-42.00-5SBi04.00-5nA160Am0.0Sm0.25mT0.001No0Al0.1Be0eT0eA160eS0eFS0eFa0.out,-42.0,4.0,50.0,17.0,319.5,0.27624148,33.683514,-7.6765385,-3.533254,275.62024,-62.36709,64.34829,0.3575952,36.71946,40.862026,5.2520833,4.7339487,45.513733,28.752462,16.761269,16.690624,21.178741,17.997395,11.107973,159.75,90.95942,68.79058,68.79058,90.95942,633.3939,5.5685606,37.333332,0.0,4.9932294,28.553314,56.034138,77.111176,106.5866,183.57675,62.094032,44.947018,33.100662,36.39702,0.0
RTSIsc1.48dRnd0000000703_Ne.4Si50_Cr.0Bi-44.00-5SBi04.00-5nA160Am0.0Sm0.25mT0.001No0Al0.1Be0eT0eA160eS0eFS0eFa0.out,-44.0,4.0,50.0,17.0,319.5,0.15403508,36.253147,-7.3595476,-3.7566562,259.7674,-62.126675,62.995815,0.35768116,39.510464,43.11359,4.986269,5.0200286,45.425472,28.528883,16.896591,16.825663,21.291193,17.788582,10.939269,159.75,90.87742,68.87258,68.87258,90.87742,631.2727,5.5750947,36.454544,0.0,4.7964487,27.979546,55.77642,77.54593,104.80469,183.43755,62.256157,45.37003,33.66198,35.643986,0.0
RTSIsc1.48dRnd0000000545_Ne.4Si50_Cr.0Bi40.00-5SBi00.00-5nA160Am0.0Sm0.25mT0.001No0Al0.1Be0eT0eA160eS0eFS0eFa0.out,40.0,0.0,50.0,17.0,319.5,0.0027006897,0.42011556,39.81082,27.697811,359.53445,-51.576733,80.33478,0.2979841,26.861837,38.890766,11.645266,27.278883,39.18016,25.12325,14.056912,13.999716,17.65535,41.161777,28.995188,159.75,102.76468,56.98532,56.98532,102.76468,632.7879,5.553267,37.121212,0.0,8.726705,31.75284,48.087738,61.101845,88.02571,180.51875,60.752274,50.7732,43.533237,59.51558,0.0
RTSIsc1.48dRnd0000000831_Ne.4Si50_Cr.0Bi12.00-5SBi06.00-5nA160Am0.0Sm0.25mT0.001No0Al0.1Be0eT0eA160eS0eFS0eFa0.out,12.0,6.0,50.0,17.0,319.5,0.4338609,45.248066,57.097076,44.64065,381.10727,-38.168613,93.685036,0.2910051,4.9535036,11.345975,11.9765625,43.775475,38.22268,24.539299,13.683381,13.627747,17.819649,57.66123,44.867043,159.75,103.82093,55.929073,55.929073,103.82093,630.1212,5.5677085,36.545456,0.0,9.501942,29.99877,44.912407,56.76837,83.55,186.30122,61.123344,51.578835,44.71056,61.67576,0.0
RTSIsc1.48dRnd0000000645_Ne.4Si50_Cr.0Bi40.00-5SBi02.00-5nA160Am0.0Sm0.25mT0.001No0Al0.1Be0eT0eA160eS0eFS0eFa0.out,40.0,2.0,50.0,17.0,319.5,0.25273216,17.48819,56.764412,45.21419,380.097,-42.12363,92.30661,0.29778773,27.441904,38.77557,11.068797,44.54697,39.40767,25.250616,14.157055,14.096591,18.287548,57.62898,45.728653,159.75,102.402794,57.347206,57.347206,102.402794,630.24243,5.583712,36.878788,0.0,9.941098,31.969696,46.68513,57.437405,83.6945,183.79266,61.352463,51.42576,44.510323,59.43338,0.0
RTSIsc1.48dRnd0000000930_Ne.4Si50_Cr.0Bi10.00-5SBi08.00-5nA160Am0.0Sm0.25mT0.001No0Al0.1Be0eT0eA160eS0eFS0eFa0.out,10.0,8.0,50.0,17.0,319.5,0.17284225,66.67031,75.88539,63.34568,417.07492,-26.604918,106.938354,0.2886965,5.2000475,8.719507,12.055729,62.702652,37.585747,24.204355,13.3813925,13.323769,18.663258,76.72358,63.68433,159.75,103.63887,56.111126,56.111126,103.63887,632.9091,5.491619,37.060608,0.0,13.337595,33.601753,44.596592,53.436222,78.69441,187.08461,59.528553,51.43144,45.63319,65.56473,0.0
RTSIsc1.48dRnd0000000203_Ne.4Si50_Cr.0Bi-44.00-5SBi-06.00-5nA160Am0.0Sm0.25mT0.001No0Al0.1Be0eT0eA160eS0eFS0eFa0.out,-44.0,-6.0,50.0,17.0,319.5,0.48407215,-49.10252,-89.01286,-79.57909,449.09528,-108.239296,26.10109,0.33008125,30.24787,39.41217,8.980303,79.57855,41.98196,26.387169,15.594791,15.529498,22.549906,90.49979,80.513695,159.75,94.5893,65.1607,65.1607,94.5893,633.3333,5.3332386,37.18182,0.0,15.4694605,43.01875,56.32713,63.274197,85.566475,175.34778,55.939537,46.838306,40.542328,51.009377,0.0
RTSIsc1.48dRnd0000000816_Ne.4Si50_Cr.0Bi-18.00-5SBi06.00-5nA160Am0.0Sm0.25mT0.001No0Al0.1Be0eT0eA160eS0eFS0eFa0.out,-18.0,6.0,50.0,17.0,319.5,0.74294174,48.909286,31.270618,19.222898,320.25616,-52.097527,75.41821,0.2979706,29.187973,17.13944,11.569176,18.094934,39.08556,24.975142,14.110416,14.050237,18.108475,32.17505,20.259953,159.75,102.45085,57.29915,57.29915,102.45085,633.57574,5.6813445,36.848484,0.0,8.498769,30.662642,47.441525,60.13674,86.69314,185.74005,60.330967,50.717804,43.69896,59.655163,0.0
RTSIsc1.48dRnd0000000103_Ne.4Si50_Cr.0Bi-44.00-5SBi-08.00-5nA160Am0.0Sm0.25mT0.001No0Al0.1Be0eT0eA160eS0eFS0eFa0.out,-44.0,-8.0,50.0,17.0,319.5,0.38414282,-66.85715,-100.56148,-95.37852,440.0108,-109.74521,24.250896,0.41597286,28.337643,33.202415,4.865199,95.269936,45.74304,26.838211,18.904829,18.835228,39.32874,101.94953,96.2409,159.75,70.693985,89.056015,89.056015,70.693985,632.0,5.453977,37.090908,0.0,61.014206,73.3571,72.95441,68.69181,80.1027,145.18494,41.788162,33.30284,27.429356,28.174479,0.0
RTSIsc1.48dRnd0000000724_Ne.4Si50_Cr.0Bi-02.00-5SBi04.00-5nA160Am0.0Sm0.25mT0.001No0Al0.1Be0eT0eA160eS0eFS0eFa0.out,-2.0,4.0,50.0,17.0,319.5,0.4147818,31.773489,29.977877,18.989723,310.21115,-53.786507,74.01139,0.30707285,12.299668,1.649053,10.511885,18.28073,39.23267,24.937832,14.294839,14.233428,18.890673,32.021145,20.88666,159.75,100.492615,59.257385,59.257385,100.492615,630.9697,5.2725377,36.727272,0.0,8.611175,31.164394,49.360226,61.261314,87.59778,186.08163,60.07997,49.3571,41.235653,56.220455,0.0
RTSIsc1.48dRnd0000000938_Ne.4Si50_Cr.0Bi26.00-5SBi08.00-5nA160Am0.0Sm0.25mT0.001No0Al0.1Be0eT0eA160eS0eFS0eFa0.out,26.0,8.0,50.0,17.0,319.5,0.24962568,63.63274,87.91068,76.66843,447.4543,-22.97465,111.97984,0.2971762,13.387169,23.775236,10.755019,75.91951,39.07514,25.103172,13.97197,13.912405,19.221308,88.68105,76.99395,159.75,101.95232,57.79768,57.79768,101.95232,632.0606,5.605682,36.60606,0.0,13.258854,34.521782,47.47434,56.800804,81.385704,182.2864,57.889015,50.40805,45.858902,62.17675,0.0
RTSIsc1.48dRnd0000000418_Ne.4Si50_Cr.0Bi-14.00-5SBi-02.00-5nA160Am0.0Sm0.25mT0.001No0Al0.1Be0eT0eA160eS0eFS0eFa0.out,-14.0,-2.0,50.0,17.0,319.5,0.7077441,-18.330952,-31.95335,-20.577154,330.24133,-73.07872,56.87025,0.30253357,5.059896,13.122349,10.910086,20.85232,39.791336,25.52713,14.264205,14.202084,18.198675,34.502365,23.06951,159.75,101.63234,58.11766,58.11766,101.63234,630.42426,5.6666193,36.303032,0.0,8.377509,31.285795,49.51837,61.173676,86.63494,182.26141,60.36094,49.718372,42.888638,58.204594,0.0
RTSIsc1.48dRnd0000000240_Ne.4Si50_Cr.0Bi30.00-5SBi-06.00-5nA160Am0.0Sm0.25mT0.001No0Al0.1Be0eT0eA160eS0eFS0eFa0.out,30.0,-6.0,50.0,17.0,319.5,0.22309841,-50.05402,-20.358526,-10.536113,286.65762,-66.664154,59.02968,0.32226118,39.020454,29.192425,9.383523,10.5821495,41.155872,26.084375,15.071496,15.009896,19.644793,24.13218,14.356377,159.75,97.61283,62.13717,62.13717,97.61283,630.7879,5.447964,37.151516,0.0,8.1242895,29.178219,51.13163,66.470924,91.777985,185.86311,61.008713,47.749386,39.323486,50.160133,0.0
RTSIsc1.48dRnd0000000618_Ne.4Si50_Cr.0Bi-14.00-5SBi02.00-5nA160Am0.0Sm0.25mT0.001No0Al0.1Be0eT0eA160eS0eFS0eFa0.out,-14.0,2.0,50.0,17.0,319.5,0.050057516,16.517597,2.8551333,1.0957876,245.5396,-60.18386,62.688686,0.36806577,14.943845,13.1654825,4.360985,3.4474432,45.844696,28.696165,17.148533,17.082386,22.182812,15.91226,9.746918,159.75,88.72832,71.02168,71.02168,88.72832,631.8788,5.545028,36.39394,0.0,4.302036,27.233238,56.958996,80.9393,110.18556,185.51529,61.462643,42.794415,30.330683,32.156628,0.0
RTSIsc1.48dRnd0000000224_Ne.4Si50_Cr.0Bi-02.00-5SBi-06.00-5nA160Am0.0Sm0.25mT0.001No0Al0.1Be0eT0eA160eS0eFS0eFa0.out,-2.0,-6.0,50.0,17.0,319.5,0.36785665,-47.746933,-49.883392,-37.644707,346.00833,-87.115585,44.45984,0.29088792,9.684849,1.9066288,11.758428,37.56766,38.282764,24.64356,13.639205,13.579024,18.193987,51.417435,38.546394,159.75,103.51094,56.239063,56.239063,103.51094,631.0303,5.538305,37.090908,0.0,10.2999525,31.372774,45.42666,56.693275,83.16075,185.23381,60.62254,50.583096,44.812927,62.824528,0.0
RTSIsc1.48dRnd0000001040_Ne.4Si50_Cr.0Bi30.00-5SBi10.00-5nA160Am0.0Sm0.25mT0.001No0Al0.1Be0eT0eA160eS0eFS0eFa0.out,30.0,10.0,50.0,17.0,319.5,0.055768546,81.521576,103.767365,96.58663,474.80145,-20.311666,114.646545,0.37382653,15.108996,21.744413,6.785085,96.03002,44.347584,26.95483,17.392756,17.327793,30.353645,104.66804,96.8096,159.75,82.94242,76.80758,76.80758,82.94242,631.63635,5.4849434,37.242424,0.0,35.062218,61.41539,67.29872,68.42936,83.278694,154.1322,47.54214,39.67784,34.877083,39.922726,0.0
RTSIsc1.48dRnd0000000734_Ne.4Si50_Cr.0Bi18.00-5SBi04.00-5nA160Am0.0Sm0.25mT0.001No0Al0.1Be0eT0eA160eS0eFS0eFa0.out,18.0,4.0,50.0,17.0,319.5,0.5553574,34.69028,52.35661,40.53907,358.04507,-41.70451,89.98702,0.2960601,7.2860794,17.172728,11.333475,39.533096,39.052605,25.061316,13.991288,13.933428,18.375994,52.92095,40.658833,159.75,102.64664,57.103363,57.103363,102.64664,632.1212,5.2494316,37.0,0.0,9.388779,32.236885,47.674953,57.881725,85.427605,183.61174,60.415104,51.51804,43.662785,60.3036,0.0
RTSIsc1.48dRnd0000000133_Ne.4Si50_Cr.0Bi16.00-5SBi-08.00-5nA160Am0.0Sm0.25mT0.001No0Al0.1Be0eT0eA160eS0eFS0eFa0.out,16.0,-8.0,50.0,17.0,319.5,0.5414103,-63.603054,-48.252697,-36.376328,367.6552,-87.39857,43.773933,0.29788238,26.725142,14.8510895,11.387358,36.447964,40.012215,26.04304,13.969176,13.909896,19.3884,49.98268,37.67609,159.75,101.732956,58.017044,58.017044,101.732956,632.6667,5.4618845,37.272728,0.0,14.02803,34.98769,47.619366,55.119366,78.87945,184.82056,59.09342,50.330635,45.50696,62.281204,0.0
RTSIsc1.48dRnd0000000341_Ne.4Si50_Cr.0Bi32.00-5SBi-04.00-5nA160Am0.0Sm0.25mT0.001No0Al0.1Be0eT0eA160eS0eFS0eFa0.out,32.0,-4.0,50.0,17.0,319.5,0.14923225,-32.94545,-1.4136521,-0.44099143,257.5465,-61.722458,63.5244,0.36584905,32.027462,31.033049,4.720928,4.060559,45.88897,28.658333,17.230635,17.164062,21.876846,16.748928,10.316076,159.75,89.25582,70.49418,70.49418,89.25582,632.42426,5.371733,37.060608,0.0,4.9166193,28.287216,57.37576,79.75682,108.32969,183.19621,61.674194,43.79664,31.703789,33.38731,0.0
RTSIsc1.48dRnd0000000045_Ne.4Si50_Cr.0Bi40.00-5SBi-10.00-5nA160Am0.0Sm0.25mT0.001No0Al0.1Be0eT0eA160eS0eFS0eFa0.out,40.0,-10.0,50.0,17.0,319.5,0.6560907,-77.51762,-38.88894,-25.691689,344.4417,-80.08214,48.41099,0.28376314,51.32448,38.129402,12.712121,26.01804,37.869602,24.388731,13.480871,13.425047,17.187595,41.038433,27.605959,159.75,105.34001,54.409992,54.409992,105.34001,632.48486,5.3633523,36.909092,0.0,9.965341,30.917566,44.086033,54.813587,81.62301,186.82594,59.581062,52.39039,46.6705,65.61141,0.0
RTSIsc1.48dRnd0000000512_Ne.4Si50_Cr.0Bi-26.00-5SBi00.00-5nA160Am0.0Sm0.25mT0.001No0Al0.1Be0eT0eA160eS0eFS0eFa0.out,-26.0,0.0,50.0,17.0,319.5,-0.10897303,1.6795241,-23.897936,-14.687053,322.60864,-68.88254,61.351463,0.33092284,16.088495,25.080824,8.750284,14.2786455,42.377274,26.922916,15.454356,15.3889675,20.408665,27.046219,17.928251,159.75,95.74223,64.00777,64.00777,95.74223,632.5455,5.2570076,36.81818,0.0,6.7807765,31.933807,52.945835,68.28329,93.45847,184.60829,61.125282,47.503456,38.50819,47.39806,0.0
RTSIsc1.48dRnd0000000117_Ne.4Si50_Cr.0Bi-16.00-5SBi-08.00-5nA160Am0.0Sm0.25mT0.001No0Al0.1Be0eT0eA160eS0eFS0eFa0.out,-16.0,-8.0,50.0,17.0,319.5,0.53273994,-63.425037,-78.49925,-67.19831,433.48535,-105.303566,26.79244,0.29852468,5.8993845,14.571591,10.807481,67.27178,39.32126,25.201847,14.119412,14.062406,18.578598,80.070366,68.25661,159.75,102.14124,57.60876,57.60876,102.14124,631.57574,5.417424,37.272728,0.0,10.761837,33.218086,47.519936,56.38982,83.01373,183.00824,60.690483,50.82003,45.602413,60.551186,0.0
RTSIsc1.48dRnd0000000114_Ne.4Si50_Cr.0Bi-22.00-5SBi-08.00-5nA160Am0.0Sm0.25mT0.001No0Al0.1Be0eT0eA160eS0eFS0eFa0.out,-22.0,-8.0,50.0,17.0,319.5,0.29796636,-63.522854,-83.263885,-72.22371,438.20535,-106.395485,26.2896,0.30492723,9.640293,19.24266,10.551657,72.03831,39.83291,25.43357,14.399337,14.336837,19.423674,84.651054,72.885155,159.75,100.56709,59.182907,59.182907,100.56709,631.69696,5.514631,37.484848,0.0,14.069176,34.96638,47.77197,57.615387,83.26771,181.05421,58.097965,50.177746,45.0232,59.65322,0.0
RTSIsc1.48dRnd0000000913_Ne.4Si50_Cr.0Bi-24.00-5SBi08.00-5nA160Am0.0Sm0.25mT0.001No0Al0.1Be0eT0eA160eS0eFS0eFa0.out,-24.0,8.0,50.0,17.0,319.5,0.6891273,66.5482,43.1844,30.87923,339.2835,-44.330433,84.53317,0.29541585,35.169083,22.864252,11.823011,29.80355,38.82159,25.158808,13.662784,13.604451,18.95464,43.833103,31.307442,159.75,102.38277,57.367233,57.367233,102.38277,630.9697,5.500095,36.969696,0.0,12.1133995,34.49304,47.541573,56.25644,81.44503,182.94948,58.529877,49.82003,44.156013,63.66482,0.0
RTSIsc1.48dRnd0000000250_Ne.4Si50_Cr.0Bi50.00-5SBi-06.00-5nA160Am0.0Sm0.25mT0.001No0Al0.1Be0eT0eA160eS0eFS0eFa0.out,50.0,-6.0,50.0,17.0,319.5,0.31115252,-50.729366,-1.5964662,-0.1751109,265.61035,-63.43169,63.042004,0.3696678,50.055397,48.63106,4.507339,3.5972064,46.412594,29.113258,17.299337,17.226515,22.313353,16.505627,10.243002,159.75,88.318794,71.431206,71.431206,88.318794,634.0,5.2125473,37.21212,0.0,4.9499526,28.767992,58.47912,81.13783,107.52239,184.18347,61.103695,43.881393,31.172539,32.80161,0.0
RTSIsc1.48dRnd0000000822_Ne.4Si50_Cr.0Bi-06.00-5SBi06.00-5nA160Am0.0Sm0.25mT0.001No0Al0.1Be0eT0eA160eS0eFS0eFa0.out,-6.0,6.0,50.0,17.0,319.5,0.5944505,48.179676,42.11728,30.2093,337.53763,-44.4536,83.36141,0.29947588,17.470644,5.563589,11.418608,29.192614,38.56714,24.661222,13.905918,13.850189,18.596497,42.738163,30.607126,159.75,101.95961,57.79039,57.79039,101.95961,633.0303,5.3481536,37.121212,0.0,8.5490055,31.440104,47.56695,59.082054,84.2964,189.43768,60.254402,50.36425,43.47888,58.56056,0.0
RTSIsc1.48dRnd0000000715_Ne.4Si50_Cr.0Bi-20.00-5SBi04.00-5nA160Am0.0Sm0.25mT0.001No0Al0.1Be0eT0eA160eS0eFS0eFa0.out,-20.0,4.0,50.0,17.0,319.5,0.665319,32.567596,12.692213,6.4845843,268.19272,-59.35918,65.2734,0.35062677,25.589489,19.375237,6.502888,6.2321024,44.531487,28.043608,16.487879,16.418135,21.108381,19.05327,11.530667,159.75,92.129074,67.620926,67.620926,92.129074,632.1818,5.552604,36.78788,0.0,5.4143467,28.744886,55.519127,76.933716,103.584946,182.83186,60.99091,44.828693,33.95246,39.38087,0.0
RTSIsc1.48dRnd0000000543_Ne.4Si50_Cr.0Bi36.00-5SBi00.00-5nA160Am0.0Sm0.25mT0.001No0Al0.1Be0eT0eA160eS0eFS0eFa0.out,36.0,0.0,50.0,17.0,319.5,0.16100997,-0.059521582,35.482445,24.22083,329.98123,-52.641624,76.254005,0.30145395,23.863068,35.042473,10.786032,23.657387,39.213966,25.027462,14.186505,14.129924,17.754734,37.01839,25.704582,159.75,102.15095,57.599052,57.599052,102.15095,632.7273,5.536932,36.909092,0.0,7.3688445,29.473864,48.027508,62.259945,90.08598,184.10933,61.090008,50.538826,42.855778,56.917187,0.0
RTSIsc1.48dRnd0000000239_Ne.4Si50_Cr.0Bi28.00-5SBi-06.00-5nA160Am0.0Sm0.25mT0.001No0Al0.1Be0eT0eA160eS0eFS0eFa0.out,28.0,-6.0,50.0,17.0,319.5,0.2750547,-47.76484,-20.257133,-9.939748,289.56528,-65.75568,58.00435,0.3153275,37.326324,27.010132,10.060038,10.188637,40.399242,25.545929,14.853314,14.791667,19.242945,24.702913,14.240116,159.75,98.92443,60.82557,60.82557,98.92443,634.0606,5.7120266,37.060608,0.0,7.349574,30.398012,50.830822,65.27235,91.811035,186.95659,60.329403,47.97377,39.70838,53.430683,0.0
RTSIsc1.48dRnd0000000519_Ne.4Si50_Cr.0Bi-12.00-5SBi00.00-5nA160Am0.0Sm0.25mT0.001No0Al0.1Be0eT0eA160eS0eFS0eFa0.out,-12.0,0.0,50.0,17.0,319.5,0.45285106,1.4405209,-10.46452,-4.714297,268.74698,-62.841984,63.617584,0.35957924,6.5852275,11.402983,5.7381153,5.3654356,45.156773,28.392046,16.764725,16.696827,21.764536,18.110863,11.151773,159.75,90.33783,69.41217,69.41217,90.33783,632.24243,5.394034,37.21212,0.0,4.7983427,28.376514,56.213875,77.20076,105.97718,186.04053,61.671543,44.300804,32.146873,35.516003,0.0
RTSIsc1.48dRnd0000000904_Ne.4Si50_Cr.0Bi-42.00-5SBi08.00-5nA160Am0.0Sm0.25mT0.001No0Al0.1Be0eT0eA160eS0eFS0eFa0.out,-42.0,8.0,50.0,17.0,319.5,0.06402765,66.41786,25.35855,14.222051,297.51556,-53.900032,70.95358,0.3078145,51.69588,40.555115,10.683523,13.8143,40.03717,25.831297,14.205872,14.146922,19.098532,27.667486,16.592613,159.75,100.28575,59.464252,59.464252,100.28575,632.24243,5.423674,37.0,0.0,8.893087,32.027225,49.59432,62.25483,88.232956,184.06908,59.802555,49.276752,41.41804,56.67358,0.0
RTSIsc1.48dRnd0000000537_Ne.4Si50_Cr.0Bi24.00-5SBi00.00-5nA160Am0.0Sm0.25mT0.001No0Al0.1Be0eT0eA160eS0eFS0eFa0.out,24.0,0.0,50.0,17.0,319.5,0.30788478,0.9140317,24.584166,14.324066,310.4474,-57.953064,70.75798,0.3178504,13.272254,23.168987,9.794602,13.792898,41.074623,26.234848,14.839773,14.777036,19.4625,27.60889,17.368334,159.75,98.439064,61.310936,61.310936,98.439064,630.6061,5.469555,37.272728,0.0,7.6254263,30.195265,50.75303,66.06359,92.142944,184.74811,60.017567,48.11643,38.57159,52.372112,0.0
RTSIsc1.48dRnd0000000739_Ne.4Si50_Cr.0Bi28.00-5SBi04.00-5nA160Am0.0Sm0.25mT0.001No0Al0.1Be0eT0eA160eS0eFS0eFa0.out,28.0,4.0,50.0,17.0,319.5,0.3274638,32.392235,59.89882,48.32867,395.2159,-38.92012,95.75751,0.30278614,16.022017,27.006014,11.08428,47.567093,39.080822,24.9866,14.094223,14.035606,19.46392,60.61227,48.70135,159.75,100.92344,58.82656,58.82656,100.92344,631.57574,5.5828123,36.848484,0.0,11.071686,33.226467,47.329926,57.62964,84.30038,185.50388,59.917614,50.74754,43.710415,58.13821,0.0
RTSIsc1.48dRnd0000000300_Ne.4Si50_Cr.0Bi-50.00-5SBi-04.00-5nA160Am0.0Sm0.25mT0.001No0Al0.1Be0eT0eA160eS0eFS0eFa0.out,-50.0,-4.0,50.0,17.0,319.5,0.17329416,-32.574104,-80.80653,-69.45315,404.11453,-105.46432,27.023375,0.28972134,36.546402,47.73433,10.865483,69.13854,37.948296,24.128977,13.819318,13.7625,17.806345,81.98068,70.09663,159.75,103.98613,55.763874,55.763874,103.98613,631.8182,5.4168563,36.515152,0.0,10.107481,31.019129,45.834232,56.803978,82.903694,185.37466,60.837265,51.889725,44.63906,62.408947,0.0
RTSIsc1.48dRnd0000001033_Ne.4Si50_Cr.0Bi16.00-5SBi10.00-5nA160Am0.0Sm0.25mT0.001No0Al0.1Be0eT0eA160eS0eFS0eFa0.out,16.0,10.0,50.0,17.0,319.5,0.59598416,79.90282,93.41942,82.11656,450.86896,-15.310374,113.46036,0.2956797,5.2898674,13.0130205,10.8212595,81.041336,38.687073,24.675852,14.011222,13.953882,18.773722,93.79736,81.883484,159.75,102.49787,57.252132,57.252132,102.49787,631.8788,5.4241476,36.78788,0.0,14.280113,35.236176,47.564487,56.991905,82.95076,177.86368,58.332672,49.939156,45.409847,63.30999,0.0
RTSIsc1.48dRnd0000000343_Ne.4Si50_Cr.0Bi36.00-5SBi-04.00-5nA160Am0.0Sm0.25mT0.001No0Al0.1Be0eT0eA160eS0eFS0eFa0.out,36.0,-4.0,50.0,17.0,319.5,0.21439226,-31.157328,4.3787575,2.9278102,259.38165,-62.086555,63.216984,0.36192256,33.587357,35.03556,5.4309187,5.304119,45.05644,28.101894,16.954546,16.883429,22.340387,17.87758,11.148823,159.75,89.56681,70.18319,70.18319,89.56681,632.1212,5.606771,36.757576,0.0,4.9984374,28.757717,57.335983,78.24597,104.39574,186.22183,61.06752,43.890484,31.866478,35.341053,0.0
RTSIsc1.48dRnd0000000535_Ne.4Si50_Cr.0Bi20.00-5SBi00.00-5nA160Am0.0Sm0.25mT0.001No0Al0.1Be0eT0eA160eS0eFS0eFa0.out,20.0,0.0,50.0,17.0,319.5,0.30240238,-3.198498,16.486277,8.803624,283.63565,-60.515064,66.24199,0.3412161,11.763447,19.18338,7.484517,8.502793,43.739204,27.50052,16.238684,16.17069,20.334469,21.336893,13.225828,159.75,94.10976,65.64024,65.64024,94.10976,632.36365,5.5382104,36.939392,0.0,6.0982957,28.622017,54.051468,73.83418,101.59332,182.15886,61.703266,46.27557,35.741337,42.28532,0.0
RTSIsc1.48dRnd0000000042_Ne.4Si50_Cr.0Bi34.00-5SBi-10.00-5nA160Am0.0Sm0.25mT0.001No0Al0.1Be0eT0eA160eS0eFS0eFa0.out,34.0,-10.0,50.0,17.0,319.5,0.4673632,-77.4071,-44.74614,-32.077847,349.49136,-84.601234,45.04319,0.2909444,44.829876,32.16463,12.184469,32.111267,38.37642,24.74626,13.630161,13.575142,18.79607,46.46359,33.246998,159.75,103.21501,56.534992,56.534992,103.21501,631.2121,5.636695,36.60606,0.0,12.223201,34.42609,46.39465,54.959282,79.520836,184.56088,59.254734,50.4982,45.220596,64.15365,0.0
RTSIsc1.48dRnd0000000813_Ne.4Si50_Cr.0Bi-24.00-5SBi06.00-5nA160Am0.0Sm0.25mT0.001No0Al0.1Be0eT0eA160eS0eFS0eFa0.out,-24.0,6.0,50.0,17.0,319.5,0.23132889,51.05312,27.625664,16.17092,309.3494,-54.00177,73.070045,0.30483702,34.380493,22.929592,10.978787,15.6337595,40.167377,25.877178,14.290199,14.230445,18.699858,29.960255,18.506311,159.75,101.00616,58.743843,58.743843,101.00616,633.0909,5.5984373,37.0,0.0,8.46482,30.413874,49.955822,62.189583,89.08963,184.32358,58.81056,49.52429,42.588684,57.730064,0.0
RTSIsc1.48dRnd0000000741_Ne.4Si50_Cr.0Bi32.00-5SBi04.00-5nA160Am0.0Sm0.25mT0.001No0Al0.1Be0eT0eA160eS0eFS0eFa0.out,32.0,4.0,50.0,17.0,319.5,0.6920717,31.53824,62.815327,50.82073,380.57965,-36.84116,97.42555,0.29588953,19.192661,30.7759,11.509849,49.68324,39.0098,25.002888,14.006913,13.946212,18.193987,63.196976,50.75111,159.75,102.74484,57.00516,57.00516,102.74484,631.75757,5.492708,36.666668,0.0,9.492756,32.18163,46.836174,58.524715,83.76809,184.54323,60.062263,50.53684,44.643986,61.167896,0.0
RTSIsc1.48dRnd0000000538_Ne.4Si50_Cr.0Bi26.00-5SBi00.00-5nA160Am0.0Sm0.25mT0.001No0Al0.1Be0eT0eA160eS0eFS0eFa0.out,26.0,0.0,50.0,17.0,319.5,-0.06096054,-0.40905204,25.273088,15.303739,304.92938,-58.621147,70.76207,0.31815782,15.354214,25.181534,9.51108,15.048721,41.750946,26.638874,15.112074,15.049148,19.027462,28.1462,18.239298,159.75,98.63873,61.111267,61.111267,98.63873,632.7273,5.4085703,37.0,0.0,7.527699,30.871544,50.77694,65.17812,93.093605,181.90553,62.275993,49.43163,40.36908,51.29711,0.0
RTSIsc1.48dRnd0000000047_Ne.4Si50_Cr.0Bi44.00-5SBi-10.00-5nA160Am0.0Sm0.25mT0.001No0Al0.1Be0eT0eA160eS0eFS0eFa0.out,44.0,-10.0,50.0,17.0,319.5,0.5871581,-78.747765,-36.818794,-23.30481,338.67813,-78.97139,49.140896,0.28292558,54.941666,41.428837,13.026941,23.51198,37.80985,24.502083,13.307765,13.249621,17.381014,38.952854,25.258322,159.75,105.27997,54.470028,54.470028,105.27997,633.2727,5.446686,36.909092,0.0,11.727699,31.967424,44.31108,54.575047,80.33703,185.86136,59.83158,51.147064,46.28068,67.23376,0.0
RTSIsc1.48dRnd0000000426_Ne.4Si50_Cr.0Bi02.00-5SBi-02.00-5nA160Am0.0Sm0.25mT0.001No0Al0.1Be0eT0eA160eS0eFS0eFa0.out,2.0,-2.0,50.0,17.0,319.5,0.069400184,-16.798004,-14.810532,-7.3273396,283.5557,-65.13609,62.77312,0.3422229,9.238069,1.6942708,7.507576,7.7999525,43.601135,27.695738,15.905397,15.83982,20.960321,21.209879,12.820355,159.75,93.55114,66.19886,66.19886,93.55114,631.2727,5.4018464,36.60606,0.0,6.5464487,28.900711,54.209045,73.23963,98.15743,186.72888,60.03144,45.500427,35.01553,42.94318,0.0
RTSIsc1.48dRnd0000000317_Ne.4Si50_Cr.0Bi-16.00-5SBi-04.00-5nA160Am0.0Sm0.25mT0.001No0Al0.1Be0eT0eA160eS0eFS0eFa0.out,-16.0,-4.0,50.0,17.0,319.5,0.5531768,-35.42237,-51.335594,-38.739872,375.96564,-88.11418,45.04973,0.29148555,6.011553,15.411932,12.114963,38.86193,38.145832,24.50909,13.636743,13.580966,17.819223,53.023155,40.012688,159.75,103.74072,56.00928,56.00928,103.74072,631.63635,5.5914297,36.939392,0.0,8.984848,31.209991,45.93035,57.483047,84.73253,184.92827,59.775,51.23911,44.804924,62.548294,0.0
RTSIsc1.48dRnd0000000232_Ne.4Si50_Cr.0Bi14.00-5SBi-06.00-5nA160Am0.0Sm0.25mT0.001No0Al0.1Be0eT0eA160eS0eFS0eFa0.out,14.0,-6.0,50.0,17.0,319.5,0.1864934,-52.066578,-38.4954,-26.148779,340.17175,-78.52487,51.117016,0.29515585,25.429024,13.071686,11.897301,25.947586,38.508663,24.823248,13.685416,13.625899,18.369034,40.155838,27.661171,159.75,102.74195,57.00805,57.00805,102.74195,632.9091,5.461553,37.090908,0.0,11.035086,32.17609,47.00057,57.261223,83.67065,186.51369,60.00516,49.68395,43.43352,62.129166,0.0
RTSIsc1.48dRnd0000000002_Ne.4Si50_Cr.0Bi-46.00-5SBi-10.00-5nA160Am0.0Sm0.25mT0.001No0Al0.1Be0eT0eA160eS0eFS0eFa0.out,-46.0,-10.0,50.0,17.0,319.5,0.17382513,-80.1447,-105.85191,-103.901634,394.64716,-109.82553,29.947666,0.511907,23.571354,25.205208,1.9217803,103.576706,42.13381,20.980019,21.153788,21.099052,78.56312,106.9953,104.79088,159.75,32.32263,127.42737,127.42737,32.32263,631.75757,5.537926,37.21212,0.0,215.74829,114.05734,71.79224,50.35999,50.298294,83.13504,16.311222,12.113542,9.62107,8.320549,0.0
RTSIsc1.48dRnd0000000230_Ne.4Si50_Cr.0Bi10.00-5SBi-06.00-5nA160Am0.0Sm0.25mT0.001No0Al0.1Be0eT0eA160eS0eFS0eFa0.out,10.0,-6.0,50.0,17.0,319.5,0.0788007,-50.07527,-40.139477,-28.378313,350.15134,-81.426865,51.595463,0.30278316,21.200994,9.434044,11.291051,28.04981,40.00407,25.713211,14.290862,14.23376,19.13196,41.63225,29.539839,159.75,101.10459,58.64541,58.64541,101.10459,632.6667,5.219555,37.272728,0.0,11.177841,33.560986,49.10942,59.411884,84.648155,181.47073,60.686886,50.57467,42.981915,59.044178,0.0
RTSIsc1.48dRnd0000000641_Ne.4Si50_Cr.0Bi32.00-5SBi02.00-5nA160Am0.0Sm0.25mT0.001No0Al0.1Be0eT0eA160eS0eFS0eFa0.out,32.0,2.0,50.0,17.0,319.5,0.0024952777,15.1881,46.60932,33.38678,371.67178,-47.322086,84.602295,0.28333625,18.060133,30.923248,12.733618,33.00407,36.7768,23.37377,13.40303,13.3487215,16.90573,47.86413,34.660397,159.75,105.55705,54.192944,54.192944,105.55705,630.48486,5.552604,36.848484,0.0,8.497775,29.448391,44.671165,55.5723,83.241714,186.31274,61.361412,51.159092,45.613495,64.60677,0.0
RTSIsc1.48dRnd0000000216_Ne.4Si50_Cr.0Bi-18.00-5SBi-06.00-5nA160Am0.0Sm0.25mT0.001No0Al0.1Be0eT0eA160eS0eFS0eFa0.out,-18.0,-6.0,50.0,17.0,319.5,0.25456706,-51.68424,-69.05947,-57.60614,409.38483,-99.83384,35.595787,0.29758596,7.2046876,16.876373,10.9625,57.389297,38.940105,25.086126,13.853977,13.793655,18.376514,70.46513,58.48365,159.75,102.33722,57.412785,57.412785,102.33722,632.48486,5.5756154,37.151516,0.0,10.587074,32.67997,46.761646,56.576893,83.91458,186.07988,60.45696,50.525093,44.730255,60.17249,0.0
RTSIsc1.48dRnd0000000827_Ne.4Si50_Cr.0Bi04.00-5SBi06.00-5nA160Am0.0Sm0.25mT0.001No0Al0.1Be0eT0eA160eS0eFS0eFa0.out,4.0,6.0,50.0,17.0,319.5,0.4099807,51.517147,55.3336,43.09021,365.56522,-39.308395,92.74009,0.29333284,8.146875,3.4106061,11.760464,42.228363,38.75412,24.985844,13.768276,13.709848,18.92552,56.001186,43.33796,159.75,102.70786,57.04214,57.04214,102.70786,631.3333,5.553125,36.969696,0.0,12.238352,33.48594,47.196686,55.095078,81.73982,183.82324,59.41501,50.331913,44.789963,63.21733,0.0
RTSIsc1.48dRnd0000000817_Ne.4Si50_Cr.0Bi-16.00-5SBi06.00-5nA160Am0.0Sm0.25mT0.001No0Al0.1Be0eT0eA160eS0eFS0eFa0.out,-16.0,6.0,50.0,17.0,319.5,0.01788339,49.071373,33.200706,21.52631,303.81723,-48.958683,75.549675,0.29923365,27.050095,15.367708,11.238636,21.193323,38.960323,24.948484,14.011837,13.951089,18.451656,35.146107,23.187372,159.75,102.034,57.716003,57.716003,102.034,632.9697,5.4462123,36.636364,0.0,9.369318,31.836506,47.40928,60.235794,86.707436,184.60147,60.269413,50.467094,42.08158,59.99181,0.0
RTSIsc1.48dRnd0000000231_Ne.4Si50_Cr.0Bi12.00-5SBi-06.00-5nA160Am0.0Sm0.25mT0.001No0Al0.1Be0eT0eA160eS0eFS0eFa0.out,12.0,-6.0,50.0,17.0,319.5,0.47359008,-48.75301,-37.11106,-25.775902,336.84348,-78.46354,51.749718,0.30402347,22.481771,11.142377,10.867424,25.844175,40.04006,25.576563,14.463494,14.403219,18.830444,38.948864,27.37226,159.75,101.017944,58.732056,58.732056,101.017944,633.3333,5.2808237,37.030304,0.0,10.375521,33.362595,48.7205,59.666195,85.089066,182.34958,60.63745,50.738636,44.054356,58.33944,0.0
RTSIsc1.48dRnd0000000326_Ne.4Si50_Cr.0Bi02.00-5SBi-04.00-5nA160Am0.0Sm0.25mT0.001No0Al0.1Be0eT0eA160eS0eFS0eFa0.out,2.0,-4.0,50.0,17.0,319.5,-0.106212355,-35.526367,-33.68546,-22.03951,333.36267,-74.89515,55.489178,0.29986864,13.003977,1.6053977,11.173959,21.574953,38.845078,24.759327,14.085748,14.023011,18.233618,35.523716,23.846087,159.75,102.06293,57.687073,57.687073,102.06293,632.48486,5.7264676,37.21212,0.0,8.606486,31.290813,48.00928,60.272205,86.996635,184.22917,60.456203,50.688683,43.14214,58.79323,0.0
RTSIsc1.48dRnd0000001011_Ne.4Si50_Cr.0Bi-28.00-5SBi10.00-5nA160Am0.0Sm0.25mT0.001No0Al0.1Be0eT0eA160eS0eFS0eFa0.out,-28.0,10.0,50.0,17.0,319.5,0.33506313,78.58317,52.0804,39.476856,342.77597,-37.558792,91.65033,0.28999972,38.610275,25.99962,12.124005,38.677605,38.192375,24.631062,13.5613165,13.500094,18.68925,52.83427,39.536263,159.75,103.38414,56.36586,56.36586,103.38414,632.9697,5.477699,37.0,0.0,13.2256155,33.552887,45.066715,53.45303,78.81122,187.69768,59.19219,51.085464,46.080635,64.80426,0.0
RTSIsc1.48dRnd0000000633_Ne.4Si50_Cr.0Bi16.00-5SBi02.00-5nA160Am0.0Sm0.25mT0.001No0Al0.1Be0eT0eA160eS0eFS0eFa0.out,16.0,2.0,50.0,17.0,319.5,0.7454243,15.599797,31.430214,20.249628,320.6759,-53.29617,74.42206,0.3065881,6.253267,15.330113,10.708475,19.168655,39.745453,25.377415,14.36804,14.308618,18.915861,32.584057,21.574434,159.75,100.60961,59.14039,59.14039,100.60961,631.75757,5.537879,36.484848,0.0,9.163258,31.929167,48.843845,61.08911,87.19958,183.27846,60.302605,50.39659,42.7366,56.81837,0.0
RTSIsc1.48dRnd0000000338_Ne.4Si50_Cr.0Bi26.00-5SBi-04.00-5nA160Am0.0Sm0.25mT0.001No0Al0.1Be0eT0eA160eS0eFS0eFa0.out,26.0,-4.0,50.0,17.0,319.5,0.4160819,-31.000868,-5.400554,-2.1539266,265.15247,-63.131283,63.087383,0.36539447,28.347538,25.103504,4.9526515,4.277604,45.63982,28.54465,17.095171,17.023153,21.865814,17.291582,10.608862,159.75,89.279594,70.470406,70.470406,89.279594,632.1818,5.5687027,37.21212,0.0,4.391525,26.93466,56.729168,80.689865,109.01601,185.53447,61.279922,42.631157,31.202225,33.772823,0.0
RTSIsc1.48dRnd0000000005_Ne.4Si50_Cr.0Bi-40.00-5SBi-10.00-5nA160Am0.0Sm0.25mT0.001No0Al0.1Be0eT0eA160eS0eFS0eFa0.out,-40.0,-10.0,50.0,17.0,319.5,0.28471985,-77.98723,-104.04758,-100.44376,416.32666,-109.82351,26.167742,0.461124,22.294508,25.560085,3.4087594,100.229164,45.100143,25.081108,20.019033,19.9518,54.00999,105.364265,101.205605,159.75,54.689774,105.06023,105.06023,54.689774,632.0606,5.4234376,36.78788,0.0,113.3723,100.93186,78.42126,64.41582,68.43347,116.38272,28.995407,22.69588,18.767519,19.644365,0.0
RTSIsc1.48dRnd0000000708_Ne.4Si50_Cr.0Bi-34.00-5SBi04.00-5nA160Am0.0Sm0.25mT0.001No0Al0.1Be0eT0eA160eS0eFS0eFa0.out,-34.0,4.0,50.0,17.0,319.5,0.29605076,32.09188,-1.5249442,-0.8448151,258.2352,-61.081093,64.071815,0.37265188,32.436413,33.113445,4.408807,3.777462,45.610607,28.323437,17.287169,17.217566,22.88556,16.348513,10.258632,159.75,87.53215,72.21785,72.21785,87.53215,631.2121,5.4249053,36.575756,0.0,4.527462,28.520313,57.94304,81.36856,108.39299,186.27362,60.52429,42.68281,29.938778,31.040247,0.0
RTSIsc1.48dRnd0000000836_Ne.4Si50_Cr.0Bi22.00-5SBi06.00-5nA160Am0.0Sm0.25mT0.001No0Al0.1Be0eT0eA160eS0eFS0eFa0.out,22.0,6.0,50.0,17.0,319.5,0.18637523,46.35421,68.020935,55.85986,404.01373,-33.607185,101.96531,0.29509208,10.096023,21.165956,11.671354,55.194603,39.075188,25.190815,13.884375,13.8217325,18.87713,68.86669,56.264263,159.75,102.4598,57.2902,57.2902,102.4598,630.36365,5.612879,37.151516,0.0,11.248769,33.432198,46.80327,57.04105,81.33428,183.2154,60.35104,50.805447,44.133144,61.999054,0.0
RTSIsc1.48dRnd0000000015_Ne.4Si50_Cr.0Bi-20.00-5SBi-10.00-5nA160Am0.0Sm0.25mT0.001No0Al0.1Be0eT0eA160eS0eFS0eFa0.out,-20.0,-10.0,50.0,17.0,319.5,0.28324407,-77.68662,-93.15367,-83.852745,420.98196,-108.96386,19.526587,0.33159372,7.525426,14.966288,8.860274,83.657005,41.477745,25.662832,15.814915,15.749527,23.15412,94.5012,84.38287,159.75,93.95748,65.79252,65.79252,93.95748,632.1818,5.7274146,36.909092,0.0,18.986885,47.34432,59.05327,63.895172,85.09081,166.9001,54.329544,45.219837,39.697964,51.66392,0.0
RTSIsc1.48dRnd0000000024_Ne.4Si50_Cr.0Bi-02.00-5SBi-10.00-5nA160Am0.0Sm0.25mT0.001No0Al0.1Be0eT0eA160eS0eFS0eFa0.out,-2.0,-10.0,50.0,17.0,319.5,0.33887494,-79.110146,-80.61921,-68.91314,418.67694,-106.34863,24.228107,0.2938946,9.7578125,1.5682292,11.217803,68.75914,39.214725,25.234138,13.980587,13.921118,18.486694,82.00241,69.57104,159.75,102.906296,56.843704,56.843704,102.906296,631.63635,5.6216855,37.333332,0.0,12.889015,34.185986,46.07012,55.049572,80.90028,181.75554,59.447254,51.59072,46.519695,63.228172,0.0
RTSIsc1.48dRnd0000000126_Ne.4Si50_Cr.0Bi02.00-5SBi-08.00-5nA160Am0.0Sm0.25mT0.001No0Al0.1Be0eT0eA160eS0eFS0eFa0.out,2.0,-8.0,50.0,17.0,319.5,0.21440823,-65.137825,-63.22739,-50.17198,375.4554,-96.42318,33.22249,0.28106174,14.46856,1.6977273,12.568845,49.942757,37.00057,23.786364,13.214205,13.159517,17.700142,64.51476,50.83423,159.75,105.45345,54.296543,54.296543,105.45345,632.5455,5.530445,36.939392,0.0,12.243703,32.32557,44.42031,53.310986,78.20208,186.8859,59.258335,51.3536,46.31146,68.23352,0.0
RTSIsc1.48dRnd0000000619_Ne.4Si50_Cr.0Bi-12.00-5SBi02.00-5nA160Am0.0Sm0.25mT0.001No0Al0.1Be0eT0eA160eS0eFS0eFa0.out,-12.0,2.0,50.0,17.0,319.5,0.6318348,17.174347,5.4578996,3.092375,251.19525,-60.60515,64.00224,0.36550882,13.6607485,11.212263,4.6493845,4.288636,45.8678,28.575521,17.292282,17.221497,21.76392,16.620102,10.207943,159.75,89.37221,70.37779,70.37779,89.37221,630.5455,5.6429453,36.878788,0.0,4.474858,27.342329,56.526375,79.715485,107.853264,183.20056,62.594223,43.858047,31.749384,33.23092,0.0
RTSIsc1.48dRnd0000000320_Ne.4Si50_Cr.0Bi-10.00-5SBi-04.00-5nA160Am0.0Sm0.25mT0.001No0Al0.1Be0eT0eA160eS0eFS0eFa0.out,-10.0,-4.0,50.0,17.0,319.5,0.29348007,-30.968206,-40.843956,-29.305384,350.9143,-80.423225,52.5812,0.3023025,4.3441286,9.378314,11.056203,29.168135,38.983047,25.114157,13.868892,13.809801,19.266289,42.58536,30.814394,159.75,101.06913,58.68087,58.68087,101.06913,631.1515,5.674432,37.303032,0.0,10.219223,33.047348,48.73499,58.92737,84.95838,184.48987,58.266525,50.353836,43.522633,58.631344,0.0
RTSIsc1.48dRnd0000000321_Ne.4Si50_Cr.0Bi-08.00-5SBi-04.00-5nA160Am0.0Sm0.25mT0.001No0Al0.1Be0eT0eA160eS0eFS0eFa0.out,-8.0,-4.0,50.0,17.0,319.5,0.32062137,-33.206936,-40.91309,-29.067469,356.5727,-80.71629,51.656395,0.29868555,5.224479,7.2062025,11.362406,28.96662,39.3634,25.329403,14.033997,13.974905,18.123531,42.538185,30.537374,159.75,102.34062,57.409374,57.409374,102.34062,630.7879,5.4397254,37.18182,0.0,8.909754,31.34337,47.475567,58.799904,84.79678,183.61748,61.182575,50.874905,44.547348,59.2402,0.0
RTSIsc1.48dRnd0000000242_Ne.4Si50_Cr.0Bi34.00-5SBi-06.00-5nA160Am0.0Sm0.25mT0.001No0Al0.1Be0eT0eA160eS0eFS0eFa0.out,34.0,-6.0,50.0,17.0,319.5,-0.08795905,-50.294563,-16.830778,-7.875729,275.21317,-65.085304,59.155304,0.33314276,41.918182,32.960747,8.601989,7.975,41.93191,26.456533,15.475379,15.411838,20.287878,21.796675,12.664578,159.75,95.44617,64.30383,64.30383,95.44617,632.7879,5.5453596,37.333332,0.0,6.606771,29.783476,53.946877,71.36193,96.91302,185.68484,60.024242,45.597633,35.58783,47.28125,0.0
RTSIsc1.48dRnd0000001017_Ne.4Si50_Cr.0Bi-16.00-5SBi10.00-5nA160Am0.0Sm0.25mT0.001No0Al0.1Be0eT0eA160eS0eFS0eFa0.out,-16.0,10.0,50.0,17.0,319.5,0.09008179,81.597466,66.57389,53.93498,384.95334,-31.015882,101.44419,0.28959554,27.161505,14.5220175,12.153741,53.365623,37.838448,24.491951,13.346497,13.291383,18.718182,67.526184,54.20737,159.75,103.511696,56.238304,56.238304,103.511696,629.9394,5.500852,37.21212,0.0,12.095502,32.84517,45.85611,55.427414,80.966576,183.88158,58.414253,50.28887,45.290104,64.87382,0.0
RTSIsc1.48dRnd0000000109_Ne.4Si50_Cr.0Bi-32.00-5SBi-08.00-5nA160Am0.0Sm0.25mT0.001No0Al0.1Be0eT0eA160eS0eFS0eFa0.out,-32.0,-8.0,50.0,17.0,319.5,0.24135605,-63.43099,-91.66493,-82.200226,434.429,-108.760994,21.270388,0.3193348,18.73963,27.732718,8.995549,81.949524,41.177177,25.990341,15.186837,15.122916,20.668844,92.94759,82.82225,159.75,97.46175,62.288258,62.288258,97.46175,632.1818,5.4701233,37.060608,0.0,14.121212,37.90857,51.402935,61.029972,85.94224,178.94545,57.95085,48.49574,42.361458,54.02339,0.0
RTSIsc1.48dRnd0000000640_Ne.4Si50_Cr.0Bi30.00-5SBi02.00-5nA160Am0.0Sm0.25mT0.001No0Al0.1Be0eT0eA160eS0eFS0eFa0.out,30.0,2.0,50.0,17.0,319.5,0.09779342,16.316572,45.726852,33.854652,368.32437,-47.6443,85.215935,0.30030048,17.324621,28.909895,11.396354,33.315624,39.909138,25.739677,14.16946,14.110464,18.321686,46.807644,34.66355,159.75,101.97448,57.77552,57.77552,101.97448,631.3939,5.530019,37.090908,0.0,9.230445,32.670643,48.382954,58.250805,84.60701,183.23618,61.372112,51.18807,44.13016,58.32557,0.0
RTSIsc1.48dRnd0000000902_Ne.4Si50_Cr.0Bi-46.00-5SBi08.00-5nA160Am0.0Sm0.25mT0.001No0Al0.1Be0eT0eA160eS0eFS0eFa0.out,-46.0,8.0,50.0,17.0,319.5,0.62993956,63.92584,18.764774,9.13872,287.16653,-56.13725,68.803055,0.32506156,54.28532,44.659515,9.312168,8.615625,41.358475,26.219175,15.139299,15.072633,19.897728,23.118225,13.222823,159.75,96.9349,62.815105,62.815105,96.9349,632.30304,5.280398,36.484848,0.0,7.0131154,30.657291,52.656914,68.14479,95.42396,184.33963,59.93717,46.97225,37.001892,50.156013,0.0
RTSIsc1.48dRnd0000000624_Ne.4Si50_Cr.0Bi-02.00-5SBi02.00-5nA160Am0.0Sm0.25mT0.001No0Al0.1Be0eT0eA160eS0eFS0eFa0.out,-2.0,2.0,50.0,17.0,319.5,0.65221184,15.996337,14.212045,7.627492,270.22037,-60.394802,65.58305,0.3519879,8.019792,1.5436553,6.5150566,7.2307763,44.17301,27.866762,16.30625,16.238447,21.808191,19.734388,12.346022,159.75,91.52486,68.22514,68.22514,91.52486,632.1212,5.657907,37.090908,0.0,5.6825757,29.793703,55.563164,74.89825,102.64091,185.61993,60.409943,44.99001,33.782246,38.740482,0.0
RTSIsc1.48dRnd0000000631_Ne.4Si50_Cr.0Bi12.00-5SBi02.00-5nA160Am0.0Sm0.25mT0.001No0Al0.1Be0eT0eA160eS0eFS0eFa0.out,12.0,2.0,50.0,17.0,319.5,0.35002464,16.196285,28.012709,17.724415,316.1288,-55.598553,72.91069,0.31857315,4.375947,11.317614,9.830303,17.052605,41.66932,26.827509,14.841808,14.781392,19.619698,30.060848,20.035038,159.75,98.229164,61.520832,61.520832,98.229164,634.42426,5.523106,36.727272,0.0,8.255776,32.952084,52.786507,65.9848,92.11785,181.0509,60.09593,48.66056,40.423676,52.096165,0.0
RTSIsc1.48dRnd0000000944_Ne.4Si50_Cr.0Bi38.00-5SBi08.00-5nA160Am0.0Sm0.25mT0.001No0Al0.1Be0eT0eA160eS0eFS0eFa0.out,38.0,8.0,50.0,17.0,319.5,0.06175477,66.117836,99.04013,89.72357,465.5139,-16.347273,113.9654,0.32852033,23.617897,32.42031,8.872727,89.16563,41.56236,25.930256,15.632102,15.567377,21.566668,99.91637,90.0177,159.75,95.4563,64.2937,64.2937,95.4563,632.48486,5.394129,37.030304,0.0,16.10573,42.10104,56.300804,64.94413,87.96742,170.0295,55.040436,46.195408,41.71875,52.081627,0.0
RTSIsc1.48dRnd0000000646_Ne.4Si50_Cr.0Bi42.00-5SBi02.00-5nA160Am0.0Sm0.25mT0.001No0Al0.1Be0eT0eA160eS0eFS0eFa0.out,42.0,2.0,50.0,17.0,319.5,0.33630997,20.131115,61.083916,48.58432,391.0284,-39.189644,96.07063,0.2915827,28.142376,40.454594,12.013873,47.802795,38.585274,24.852509,13.732765,13.671827,17.538353,61.835587,48.952015,159.75,103.814064,55.935936,55.935936,103.814064,633.1515,5.2044506,36.878788,0.0,8.766714,31.551657,47.238304,58.628315,85.27287,183.44986,60.65966,50.888824,44.768562,61.92675,0.0
RTSIsc1.48dRnd0000000215_Ne.4Si50_Cr.0Bi-20.00-5SBi-06.00-5nA160Am0.0Sm0.25mT0.001No0Al0.1Be0eT0eA160eS0eFS0eFa0.out,-20.0,-6.0,50.0,17.0,319.5,0.1146751,-45.984306,-65.613754,-53.844852,412.68246,-98.61771,36.361008,0.29808286,8.706723,19.130398,11.280351,53.494556,39.223152,25.18698,14.036174,13.979972,18.644981,66.78865,54.678383,159.75,102.19186,57.558144,57.558144,102.19186,633.8788,5.4617424,36.60606,0.0,10.544981,32.38736,47.174812,58.424053,85.48002,184.58499,59.921024,50.845455,44.233334,60.282764,0.0
RTSIsc1.48dRnd0000000123_Ne.4Si50_Cr.0Bi-04.00-5SBi-08.00-5nA160Am0.0Sm0.25mT0.001No0Al0.1Be0eT0eA160eS0eFS0eFa0.out,-4.0,-8.0,50.0,17.0,319.5,0.2527959,-63.117485,-66.906624,-54.305,374.05222,-99.3776,30.61366,0.28477558,8.536364,3.3577652,12.116572,54.095596,38.26908,24.752794,13.516288,13.463636,17.365294,68.16554,54.943222,159.75,105.103264,54.646732,54.646732,105.103264,631.8788,5.340909,36.575756,0.0,10.711553,30.95284,44.36534,55.244884,82.07107,184.49129,60.959282,52.324337,45.865387,64.8928,0.0
RTSIsc1.48dRnd0000000247_Ne.4Si50_Cr.0Bi44.00-5SBi-06.00-5nA160Am0.0Sm0.25mT0.001No0Al0.1Be0eT0eA160eS0eFS0eFa0.out,44.0,-6.0,50.0,17.0,319.5,0.40881628,-50.68744,-7.5584526,-3.1135354,263.64706,-64.30089,60.65746,0.353157,47.069603,42.6285,5.8370266,5.1409564,44.7268,28.067709,16.65909,16.59091,21.098343,18.209229,10.934224,159.75,91.73897,68.01103,68.01103,91.73897,632.6061,5.530398,36.878788,0.0,5.226752,27.875095,55.028313,76.863686,103.9669,186.01619,61.38144,45.580585,32.950993,37.7161,0.0
RTSIsc1.48dRnd0000001005_Ne.4Si50_Cr.0Bi-40.00-5SBi10.00-5nA160Am0.0Sm0.25mT0.001No0Al0.1Be0eT0eA160eS0eFS0eFa0.out,-40.0,10.0,50.0,17.0,319.5,0.35697865,79.57092,40.690895,28.008686,340.89114,-45.724293,83.15021,0.29341146,51.0643,38.383713,12.196354,27.235796,38.37514,24.797869,13.577272,13.516904,18.992283,41.62167,28.601572,159.75,102.64176,57.10824,57.10824,102.64176,632.6061,5.6132574,36.60606,0.0,12.249385,33.484943,46.17514,55.59465,81.81695,186.0456,58.71146,50.27145,44.25161,64.004875,0.0
RTSIsc1.48dRnd0000000846_Ne.4Si50_Cr.0Bi42.00-5SBi06.00-5nA160Am0.0Sm0.25mT0.001No0Al0.1Be0eT0eA160eS0eFS0eFa0.out,42.0,6.0,50.0,17.0,319.5,0.18025056,46.35891,86.275215,74.88478,425.4654,-22.98331,110.68563,0.296343,28.363825,39.41799,10.915057,74.228264,38.568985,24.45625,14.112737,14.0508995,18.366098,87.071236,75.22325,159.75,102.56619,57.183807,57.183807,102.56619,629.51514,5.6509943,36.909092,0.0,10.36018,33.631298,47.742283,57.779686,83.46169,181.21458,59.87841,50.766808,43.67533,61.004875,0.0
RTSIsc1.48dRnd0000001049_Ne.4Si50_Cr.0Bi48.00-5SBi10.00-5nA160Am0.0Sm0.25mT0.001No0Al0.1Be0eT0eA160eS0eFS0eFa0.out,48.0,10.0,50.0,17.0,319.5,0.40019807,80.554535,110.15895,107.36229,439.73203,-27.166544,114.81958,0.49378428,26.699905,29.1116,2.6493845,106.48092,45.31075,24.033049,21.277699,21.214441,64.95942,110.700745,107.606316,159.75,42.982574,116.767426,116.767426,42.982574,633.9394,5.4170456,36.636364,0.0,155.57481,117.90009,83.58963,62.265198,61.176277,89.36704,21.421543,16.681486,13.675379,12.287926,0.0
RTSIsc1.48dRnd0000001029_Ne.4Si50_Cr.0Bi08.00-5SBi10.00-5nA160Am0.0Sm0.25mT0.001No0Al0.1Be0eT0eA160eS0eFS0eFa0.out,8.0,10.0,50.0,17.0,319.5,0.35347718,80.15034,87.274704,75.123985,411.16837,-17.331724,111.17355,0.28707018,5.8716383,6.627746,11.668039,74.31302,38.0741,24.467756,13.606344,13.548863,17.805113,87.8785,75.12091,159.75,104.39053,55.35947,55.35947,104.39053,630.7879,5.552983,37.18182,0.0,12.280445,33.78035,46.16932,56.178123,80.4875,180.87846,59.0697,50.432575,45.39574,66.11567,0.0
RTSIsc1.48dRnd0000001039_Ne.4Si50_Cr.0Bi28.00-5SBi10.00-5nA160Am0.0Sm0.25mT0.001No0Al0.1Be0eT0eA160eS0eFS0eFa0.out,28.0,10.0,50.0,17.0,319.5,0.31573123,80.38354,102.41273,93.80365,470.46246,-16.325039,114.59731,0.34499326,13.730208,21.527983,8.179545,92.99436,42.63144,26.248531,16.382908,16.320833,24.836695,103.08824,93.794304,159.75,90.88594,68.86406,68.86406,90.88594,632.48486,5.659517,36.696968,0.0,20.721165,50.48622,62.69673,68.076,87.61013,162.30815,51.3929,42.56979,37.827652,48.796116,0.0
RTSIsc1.48dRnd0000001034_Ne.4Si50_Cr.0Bi18.00-5SBi10.00-5nA160Am0.0Sm0.25mT0.001No0Al0.1Be0eT0eA160eS0eFS0eFa0.out,18.0,10.0,50.0,17.0,319.5,0.36241123,80.32025,95.18848,84.45512,450.27896,-15.330893,113.685715,0.30595237,6.648627,14.3657675,10.261458,83.61146,39.598625,25.151136,14.447491,14.383996,19.399858,95.79535,84.42724,159.75,100.41392,59.33608,59.33608,100.41392,631.2727,5.5152464,36.848484,0.0,13.022112,36.433617,50.57235,59.83409,84.94271,175.83513,57.59716,49.103504,44.375046,59.557007,0.0
RTSIsc1.48dRnd0000000800_Ne.4Si50_Cr.0Bi-50.00-5SBi06.00-5nA160Am0.0Sm0.25mT0.001No0Al0.1Be0eT0eA160eS0eFS0eFa0.out,-50.0,6.0,50.0,17.0,319.5,0.20002733,50.005936,0.7513952,0.21367872,269.1038,-60.73606,65.43604,0.36214262,49.293846,48.757576,4.877699,3.7094223,45.87926,28.792946,17.086317,17.013494,21.77377,17.227543,10.504103,159.75,89.8348,69.9152,69.9152,89.8348,632.9697,5.5673294,36.575756,0.0,5.227178,28.600237,56.74664,78.73996,105.87708,185.15175,60.972916,43.85876,32.265293,35.529877,0.0
RTSIsc1.48dRnd0000000308_Ne.4Si50_Cr.0Bi-34.00-5SBi-04.00-5nA160Am0.0Sm0.25mT0.001No0Al0.1Be0eT0eA160eS0eFS0eFa0.out,-34.0,-4.0,50.0,17.0,319.5,0.378043,-31.90286,-65.24466,-53.790348,409.2326,-97.9464,38.873596,0.29813036,21.69981,32.840153,10.967993,53.701893,39.604828,25.39555,14.20928,14.149432,17.9625,66.71275,54.835213,159.75,102.55606,57.19394,57.19394,102.55606,631.8788,5.416998,37.030304,0.0,8.70947,30.486979,46.30251,58.170265,85.71695,186.5668,61.630302,52.04252,44.542473,57.71051,0.0
RTSIsc1.48dRnd0000000642_Ne.4Si50_Cr.0Bi34.00-5SBi02.00-5nA160Am0.0Sm0.25mT0.001No0Al0.1Be0eT0eA160eS0eFS0eFa0.out,34.0,2.0,50.0,17.0,319.5,0.029793128,17.758787,51.175278,39.09943,394.97205,-46.90601,89.97728,0.30003893,21.083334,32.91771,11.588873,38.62557,39.90876,25.599289,14.309469,14.246402,18.70928,52.26451,39.935436,159.75,101.755775,57.994225,57.994225,101.755775,632.6667,5.552604,37.484848,0.0,10.768418,33.003124,47.54749,57.76302,84.53116,184.1241,60.564583,50.682716,44.114914,59.56714,0.0
RTSIsc1.48dRnd0000000316_Ne.4Si50_Cr.0Bi-18.00-5SBi-04.00-5nA160Am0.0Sm0.25mT0.001No0Al0.1Be0eT0eA160eS0eFS0eFa0.out,-18.0,-4.0,50.0,17.0,319.5,0.111013375,-33.974354,-51.667202,-39.49184,383.3126,-88.46092,46.77845,0.29478365,7.371449,17.192234,11.6872635,39.203407,38.53461,24.596922,13.93769,13.880588,18.383997,52.99019,40.56307,159.75,102.80999,56.94001,56.94001,102.80999,631.75757,5.521875,36.696968,0.0,10.945455,33.57495,47.577793,57.705208,83.07306,181.5705,60.149338,50.518845,44.787025,61.855396,0.0
RTSIsc1.48dRnd0000000405_Ne.4Si50_Cr.0Bi-40.00-5SBi-02.00-5nA160Am0.0Sm0.25mT0.001No0Al0.1Be0eT0eA160eS0eFS0eFa0.out,-40.0,-2.0,50.0,17.0,319.5,0.3684586,-15.051712,-54.379677,-42.329628,398.95837,-89.59922,45.606556,0.29580382,26.97268,38.826183,11.564773,42.272064,39.24555,25.308996,13.936553,13.874479,17.895359,55.890167,43.574024,159.75,102.909424,56.840576,56.840576,102.909424,632.42426,5.5685134,36.727272,0.0,10.341572,32.796684,47.1116,58.821117,86.20426,179.67264,60.76468,51.632008,44.470406,60.60928,0.0
RTSIsc1.48dRnd0000000548_Ne.4Si50_Cr.0Bi46.00-5SBi00.00-5nA160Am0.0Sm0.25mT0.001No0Al0.1Be0eT0eA160eS0eFS0eFa0.out,46.0,0.0,50.0,17.0,319.5,0.2531965,0.042290762,45.422085,33.262466,364.39175,-48.70466,84.79843,0.2964216,32.776848,44.87732,11.680871,32.59782,38.81146,24.78035,14.031108,13.971875,17.828266,46.37586,34.068054,159.75,102.883095,56.866905,56.866905,102.883095,632.8485,5.417235,37.151516,0.0,8.48125,30.718702,47.747158,59.434803,86.34901,184.68163,60.943607,50.99607,44.169697,59.32656,0.0
RTSIsc1.48dRnd0000000344_Ne.4Si50_Cr.0Bi38.00-5SBi-04.00-5nA160Am0.0Sm0.25mT0.001No0Al0.1Be0eT0eA160eS0eFS0eFa0.out,38.0,-4.0,50.0,17.0,319.5,0.37948573,-31.875343,5.546941,3.161474,280.39066,-63.197567,65.107285,0.36100546,34.542187,36.924385,5.360275,4.7497635,44.678787,27.950663,16.728125,16.657907,22.14091,17.98997,11.188042,159.75,89.84583,69.90417,69.90417,89.84583,631.0303,5.5306344,37.21212,0.0,4.6502366,28.33731,56.79683,78.14792,105.643654,184.21017,61.17869,44.43996,32.132008,35.493515,0.0
RTSIsc1.48dRnd0000000249_Ne.4Si50_Cr.0Bi48.00-5SBi-06.00-5nA160Am0.0Sm0.25mT0.001No0Al0.1Be0eT0eA160eS0eFS0eFa0.out,48.0,-6.0,50.0,17.0,319.5,-0.013532495,-48.61888,-1.2045026,0.3765838,270.1801,-62.91276,63.38119,0.36770242,48.495502,46.914536,4.8466854,4.1765623,46.496544,29.195217,17.301325,17.229925,22.33788,17.191483,10.740228,159.75,88.62481,71.12519,71.12519,88.62481,632.6061,5.575379,36.78788,0.0,5.5318184,29.550047,57.744934,79.53599,108.05653,182.54214,60.765057,43.519604,31.811222,33.54872,0.0
RTSIsc1.48dRnd0000000403_Ne.4Si50_Cr.0Bi-44.00-5SBi-02.00-5nA160Am0.0Sm0.25mT0.001No0Al0.1Be0eT0eA160eS0eFS0eFa0.out,-44.0,-2.0,50.0,17.0,319.5,0.50064373,-15.49325,-58.872063,-46.02689,386.54312,-92.343925,41.672012,0.28609046,30.242046,42.88125,12.35876,46.09967,37.51572,23.983522,13.532197,13.477273,17.612974,60.45626,47.24435,159.75,104.68007,55.069935,55.069935,104.68007,632.6667,5.522964,37.121212,0.0,9.60876,30.850758,45.38717,56.15933,84.13135,184.558,60.394367,52.02964,45.1339,64.4134,0.0
RTSIsc1.48dRnd0000000502_Ne.4Si50_Cr.0Bi-46.00-5SBi00.00-5nA160Am0.0Sm0.25mT0.001No0Al0.1Be0eT0eA160eS0eFS0eFa0.out,-46.0,0.0,50.0,17.0,319.5,0.36139232,2.7482622,-42.52211,-31.306347,367.3889,-82.15639,52.3344,0.30713677,33.63788,44.771305,10.752983,31.308287,39.90857,25.573675,14.334896,14.274242,18.693182,44.583626,33.042305,159.75,100.63082,59.119175,59.119175,100.63082,631.3333,5.682055,37.030304,0.0,9.0267515,31.95232,49.266666,60.66127,87.574814,182.46382,61.226135,50.229214,42.894318,56.03802,0.0
RTSIsc1.48dRnd0000000425_Ne.4Si50_Cr.0Bi00.00-5SBi-02.00-5nA160Am0.0Sm0.25mT0.001No0Al0.1Be0eT0eA160eS0eFS0eFa0.out,0.0,-2.0,50.0,17.0,319.5,0.12233789,-17.474787,-17.485596,-8.83677,276.31433,-64.734665,61.442326,0.331324,8.258428,0.8679451,8.276941,8.869602,41.95947,26.552273,15.407197,15.339583,19.920597,21.924326,13.17936,159.75,95.93362,63.816383,63.816383,95.93362,632.48486,5.4849906,37.272728,0.0,5.8755207,29.078693,52.79986,70.81525,97.78608,184.21956,60.669415,46.872017,37.23163,47.136837,0.0
RTSIsc1.48dRnd0000000319_Ne.4Si50_Cr.0Bi-12.00-5SBi-04.00-5nA160Am0.0Sm0.25mT0.001No0Al0.1Be0eT0eA160eS0eFS0eFa0.out,-12.0,-4.0,50.0,17.0,319.5,0.5715375,-31.65924,-43.455856,-30.847952,363.95267,-82.54389,50.229816,0.29256126,4.6678977,11.297348,12.114016,31.009848,38.498722,24.928694,13.570028,13.512784,17.959469,45.28088,32.35245,159.75,103.42595,56.324055,56.324055,103.42595,631.8788,5.4463544,37.18182,0.0,9.572112,32.235226,47.27519,57.442898,82.1795,184.35043,59.872585,51.129734,44.66709,63.154026,0.0
RTSIsc1.48dRnd0000000009_Ne.4Si50_Cr.0Bi-32.00-5SBi-10.00-5nA160Am0.0Sm0.25mT0.001No0Al0.1Be0eT0eA160eS0eFS0eFa0.out,-32.0,-10.0,50.0,17.0,319.5,0.30393082,-81.09171,-102.19985,-97.73045,426.14883,-109.81485,23.108587,0.4322713,16.576704,20.607056,4.1852274,97.53617,45.751846,26.193655,19.558191,19.491999,43.993702,103.49874,98.446945,159.75,65.307106,94.442894,94.442894,65.307106,631.69696,5.500142,37.242424,0.0,75.83854,85.2019,75.74991,67.938545,77.63466,133.23651,37.244884,29.64072,24.586079,24.625237,0.0
RTSIsc1.48dRnd0000000725_Ne.4Si50_Cr.0Bi00.00-5SBi04.00-5nA160Am0.0Sm0.25mT0.001No0Al0.1Be0eT0eA160eS0eFS0eFa0.out,0.0,4.0,50.0,17.0,319.5,-3.4889427E-4,31.276688,31.192572,20.10805,316.77316,-53.407326,74.51244,0.30813906,10.6905775,0.86652464,10.602083,19.787357,39.498154,25.238684,14.25947,14.197159,19.369318,32.97731,21.97942,159.75,100.03314,59.716858,59.716858,100.03314,633.0303,5.4848485,36.969696,0.0,9.599242,33.063023,49.676514,60.899765,85.70298,185.70227,60.257576,49.347916,41.911648,56.869366,0.0
RTSIsc1.48dRnd0000000834_Ne.4Si50_Cr.0Bi18.00-5SBi06.00-5nA160Am0.0Sm0.25mT0.001No0Al0.1Be0eT0eA160eS0eFS0eFa0.out,18.0,6.0,50.0,17.0,319.5,0.4226332,51.65959,69.12941,57.63583,393.05185,-32.50829,102.35199,0.30550677,7.7733426,16.972918,11.0035515,56.738968,39.80573,25.53234,14.27339,14.216193,20.015057,69.714134,57.818176,159.75,100.12296,59.627037,59.627037,100.12296,631.0909,5.636411,37.0,0.0,11.784754,35.000473,49.47093,59.55805,83.38996,182.1,58.64285,48.82552,43.289677,59.028694,0.0
RTSIsc1.48dRnd0000000701_Ne.4Si50_Cr.0Bi-48.00-5SBi04.00-5nA160Am0.0Sm0.25mT0.001No0Al0.1Be0eT0eA160eS0eFS0eFa0.out,-48.0,4.0,50.0,17.0,319.5,0.2526077,31.668444,-15.508712,-8.44051,299.69373,-65.40719,64.78623,0.34583282,39.625282,46.679497,7.093892,8.668892,44.365295,28.054783,16.31051,16.242613,20.922821,21.519558,13.672145,159.75,93.038635,66.711365,66.711365,93.038635,632.0,5.545786,36.939392,0.0,6.3807764,30.76179,55.192047,73.258194,100.94853,180.15105,61.338493,46.95786,35.946545,41.064724,0.0
RTSIsc1.48dRnd0000000233_Ne.4Si50_Cr.0Bi16.00-5SBi-06.00-5nA160Am0.0Sm0.25mT0.001No0Al0.1Be0eT0eA160eS0eFS0eFa0.out,16.0,-6.0,50.0,17.0,319.5,0.068978645,-47.0683,-31.161074,-19.380707,322.42786,-73.041595,54.4295,0.3006759,27.186506,15.406723,11.302131,19.135323,39.294888,25.192945,14.101941,14.040578,18.463448,33.25187,21.350924,159.75,101.82055,57.92945,57.92945,101.82055,632.9091,5.492661,37.272728,0.0,9.497964,31.265009,48.655113,60.661457,85.48764,185.23438,60.75251,49.369648,42.280304,59.705067,0.0
RTSIsc1.48dRnd0000000730_Ne.4Si50_Cr.0Bi10.00-5SBi04.00-5nA160Am0.0Sm0.25mT0.001No0Al0.1Be0eT0eA160eS0eFS0eFa0.out,10.0,4.0,50.0,17.0,319.5,0.3901237,32.99709,42.82468,30.94122,335.5932,-46.017277,82.20307,0.2956664,4.7347064,9.327793,11.401042,30.139252,38.73177,24.93002,13.801752,13.7440815,18.180777,43.59234,31.540451,159.75,102.84375,56.90625,56.90625,102.84375,630.7879,5.5832386,37.151516,0.0,9.395691,31.61856,46.674007,57.514442,84.5402,184.36694,61.075993,51.31657,43.836838,60.448627,0.0
RTSIsc1.48dRnd0000000004_Ne.4Si50_Cr.0Bi-42.00-5SBi-10.00-5nA160Am0.0Sm0.25mT0.001No0Al0.1Be0eT0eA160eS0eFS0eFa0.out,-42.0,-10.0,50.0,17.0,319.5,0.02734297,-81.13625,-105.40998,-102.75273,417.17484,-109.82704,29.91552,0.49455822,21.451468,23.773438,2.5541193,102.27732,45.121403,23.819412,21.301989,21.240482,65.96203,106.46277,103.40163,159.75,42.26657,117.48343,117.48343,42.26657,632.30304,5.3711176,37.272728,0.0,158.58911,115.81274,80.69934,60.135273,59.753174,95.4446,20.988068,15.855635,12.897443,12.127651,0.0
RTSIsc1.48dRnd0000000013_Ne.4Si50_Cr.0Bi-24.00-5SBi-10.00-5nA160Am0.0Sm0.25mT0.001No0Al0.1Be0eT0eA160eS0eFS0eFa0.out,-24.0,-10.0,50.0,17.0,319.5,0.08371838,-78.84941,-96.69765,-88.35003,441.85864,-109.51119,19.822115,0.35769033,10.2134,17.349289,7.957765,87.93977,42.04181,25.462643,16.579166,16.513968,28.07107,97.795166,88.64258,159.75,86.79479,72.95521,72.95521,86.79479,631.3333,5.4544034,37.060608,0.0,28.125048,56.95573,63.26733,64.7706,81.70753,165.1188,48.367283,41.147728,36.353504,45.51979,0.0
RTSIsc1.48dRnd0000000908_Ne.4Si50_Cr.0Bi-34.00-5SBi08.00-5nA160Am0.0Sm0.25mT0.001No0Al0.1Be0eT0eA160eS0eFS0eFa0.out,-34.0,8.0,50.0,17.0,319.5,0.34411842,64.67871,31.20566,18.6475,311.75845,-50.083733,75.13265,0.29483297,45.533333,32.97301,12.10322,18.023012,38.617756,24.758759,13.858996,13.80393,18.694223,32.96878,20.382582,159.75,102.639206,57.110794,57.110794,102.639206,631.0303,5.317235,37.090908,0.0,9.879924,32.37926,47.34446,57.79006,83.53063,185.46529,59.255493,49.997868,42.879875,62.507435,0.0
RTSIsc1.48dRnd0000000541_Ne.4Si50_Cr.0Bi32.00-5SBi00.00-5nA160Am0.0Sm0.25mT0.001No0Al0.1Be0eT0eA160eS0eFS0eFa0.out,32.0,0.0,50.0,17.0,319.5,0.23689023,1.9388279,33.281376,21.719877,334.40997,-54.210114,75.28966,0.30086765,19.413874,30.842093,11.107387,21.1366,39.17211,25.126421,14.0456915,13.9883995,18.155966,34.903225,23.405287,159.75,102.01165,57.738354,57.738354,102.01165,632.0606,5.522917,37.272728,0.0,8.20232,30.233002,48.2884,60.936413,88.10232,183.7912,60.706345,50.402084,43.301563,58.09697,0.0
RTSIsc1.48dRnd0000000906_Ne.4Si50_Cr.0Bi-38.00-5SBi08.00-5nA160Am0.0Sm0.25mT0.001No0Al0.1Be0eT0eA160eS0eFS0eFa0.out,-38.0,8.0,50.0,17.0,319.5,0.42639026,67.94505,30.599113,18.22911,323.77505,-52.36761,75.57601,0.29550117,49.216667,36.847775,11.8946495,17.536505,38.12003,24.55341,13.566619,13.510701,18.948011,32.587246,20.146263,159.75,102.38182,57.368183,57.368183,102.38182,630.36365,5.4839015,37.060608,0.0,10.012027,31.365294,46.34285,57.175663,82.67661,188.9831,59.641193,49.966335,42.885323,61.315247,0.0
RTSIsc1.48dRnd0000000811_Ne.4Si50_Cr.0Bi-28.00-5SBi06.00-5nA160Am0.0Sm0.25mT0.001No0Al0.1Be0eT0eA160eS0eFS0eFa0.out,-28.0,6.0,50.0,17.0,319.5,0.070821196,50.464012,23.285902,12.822812,283.95767,-53.82049,70.03723,0.31486526,37.13892,26.674385,9.991572,12.458901,40.8545,26.25374,14.600758,14.540341,19.617424,26.306793,15.794805,159.75,98.82093,60.929073,60.929073,98.82093,632.5455,5.76553,37.242424,0.0,8.81108,32.533,50.89541,62.93821,88.49981,185.9849,59.742424,48.20909,40.33035,54.601185,0.0
RTSIsc1.48dRnd0000000104_Ne.4Si50_Cr.0Bi-42.00-5SBi-08.00-5nA160Am0.0Sm0.25mT0.001No0Al0.1Be0eT0eA160eS0eFS0eFa0.out,-42.0,-8.0,50.0,17.0,319.5,0.33250916,-64.52229,-98.61497,-92.03176,451.48596,-109.684654,23.957142,0.38402626,27.407434,33.5955,6.204924,91.87865,45.55658,27.480019,18.076563,18.006203,30.749054,99.984726,92.7674,159.75,80.90488,78.84512,78.84512,80.90488,631.69696,5.4242425,36.78788,0.0,32.411743,62.392994,69.532906,69.7277,85.163734,156.22836,47.721874,39.057625,33.32964,36.130398,0.0
RTSIsc1.48dRnd0000000608_Ne.4Si50_Cr.0Bi-34.00-5SBi02.00-5nA160Am0.0Sm0.25mT0.001No0Al0.1Be0eT0eA160eS0eFS0eFa0.out,-34.0,2.0,50.0,17.0,319.5,0.21498445,14.002158,-19.282429,-10.239715,300.86465,-65.31743,62.503197,0.32458016,23.78769,32.78518,8.841241,10.43428,41.158333,26.098627,15.059707,14.997491,19.20483,24.103971,14.886094,159.75,97.51434,62.235653,62.235653,97.51434,632.42426,5.356534,36.696968,0.0,6.354877,28.195976,51.428837,68.21027,96.12097,186.06061,61.29195,48.280163,38.054733,48.425854,0.0
RTSIsc1.48dRnd0000000919_Ne.4Si50_Cr.0Bi-12.00-5SBi08.00-5nA160Am0.0Sm0.25mT0.001No0Al0.1Be0eT0eA160eS0eFS0eFa0.out,-12.0,8.0,50.0,17.0,319.5,0.5988081,64.08358,52.177734,39.081257,375.99603,-40.94891,90.81543,0.28849646,24.506628,11.4093275,12.6138735,38.068798,37.774242,24.25213,13.522112,13.464394,18.277935,52.74578,39.369183,159.75,103.902794,55.847206,55.847206,103.902794,630.9091,5.643466,36.969696,0.0,11.636506,32.50625,45.721542,55.692898,80.096405,184.87946,59.269413,51.006912,45.10914,64.99058,0.0
RTSIsc1.48dRnd0000000747_Ne.4Si50_Cr.0Bi44.00-5SBi04.00-5nA160Am0.0Sm0.25mT0.001No0Al0.1Be0eT0eA160eS0eFS0eFa0.out,44.0,4.0,50.0,17.0,319.5,-0.031351652,33.911755,76.69625,64.36743,414.25742,-28.053272,106.40581,0.28722042,30.199196,42.28272,11.848437,63.921116,37.562782,24.095976,13.466808,13.407007,17.996592,77.691696,64.89549,159.75,104.2634,55.4866,55.4866,104.2634,631.9394,5.5987215,36.39394,0.0,10.776136,31.893797,45.070976,55.13788,82.570694,185.94333,59.690388,50.832813,45.025143,64.998245,0.0
RTSIsc1.48dRnd0000000415_Ne.4Si50_Cr.0Bi-20.00-5SBi-02.00-5nA160Am0.0Sm0.25mT0.001No0Al0.1Be0eT0eA160eS0eFS0eFa0.out,-20.0,-2.0,50.0,17.0,319.5,-0.082274735,-14.460398,-34.22344,-22.844704,341.0483,-75.04904,54.788795,0.3047345,8.950236,19.263447,10.901705,22.372301,39.777035,25.594175,14.182859,14.1176605,19.06463,35.79965,24.491396,159.75,100.757385,58.992615,58.992615,100.757385,630.5455,5.599195,36.333332,0.0,9.691667,33.087074,49.718227,60.182148,85.97216,181.0348,60.72107,50.11823,42.46799,57.552082,0.0
RTSIsc1.48dRnd0000000830_Ne.4Si50_Cr.0Bi10.00-5SBi06.00-5nA160Am0.0Sm0.25mT0.001No0Al0.1Be0eT0eA160eS0eFS0eFa0.out,10.0,6.0,50.0,17.0,319.5,0.056603525,47.047905,56.742496,44.145077,361.38013,-38.28934,93.23201,0.2864229,4.8697443,9.197254,12.1086645,43.615055,38.108997,24.689774,13.419224,13.360274,18.552177,57.694668,44.565716,159.75,104.06975,55.680256,55.680256,104.06975,631.2727,5.6290245,36.515152,0.0,12.92249,32.70464,44.3027,53.964157,78.55786,186.38281,60.206535,51.3473,45.729404,65.15483,0.0
RTSIsc1.48dRnd0000000650_Ne.4Si50_Cr.0Bi50.00-5SBi02.00-5nA160Am0.0Sm0.25mT0.001No0Al0.1Be0eT0eA160eS0eFS0eFa0.out,50.0,2.0,50.0,17.0,319.5,0.14352322,19.515396,68.6024,56.6845,417.6175,-33.917164,101.5683,0.30390003,36.851326,48.583332,11.433712,56.09432,39.596592,25.324621,14.27197,14.214015,18.95303,69.440834,57.23943,159.75,101.014206,58.735794,58.735794,101.014206,632.7879,5.3793087,36.81818,0.0,9.316382,32.92121,49.68944,59.633713,84.216286,184.56734,60.22538,50.53963,43.758286,57.92022,0.0
RTSIsc1.48dRnd0000000835_Ne.4Si50_Cr.0Bi20.00-5SBi06.00-5nA160Am0.0Sm0.25mT0.001No0Al0.1Be0eT0eA160eS0eFS0eFa0.out,20.0,6.0,50.0,17.0,319.5,0.5729758,50.397907,69.881195,57.168137,391.26382,-31.160423,102.95838,0.2881978,8.338873,18.984516,12.225095,56.1464,37.7321,24.263968,13.468135,13.40857,18.08589,70.33114,57.065838,159.75,104.03537,55.71463,55.71463,104.03537,632.1818,5.568229,37.272728,0.0,10.530824,31.892614,45.839016,55.158382,80.3383,188.88461,58.787357,51.187973,45.152367,64.41037,0.0
RTSIsc1.48dRnd0000000411_Ne.4Si50_Cr.0Bi-28.00-5SBi-02.00-5nA160Am0.0Sm0.25mT0.001No0Al0.1Be0eT0eA160eS0eFS0eFa0.out,-28.0,-2.0,50.0,17.0,319.5,0.009519445,-15.589184,-43.332527,-30.987274,361.03583,-81.64653,50.083023,0.2940444,15.636553,27.24413,11.880256,30.608429,39.10573,24.994982,14.110748,14.051042,17.494366,44.7147,32.173683,159.75,103.48267,56.26733,56.26733,103.48267,631.3939,5.5307765,37.0,0.0,8.71501,30.825474,46.621826,58.598106,85.87017,185.38821,60.5223,50.488922,43.444508,60.919415,0.0
RTSIsc1.48dRnd0000000010_Ne.4Si50_Cr.0Bi-30.00-5SBi-10.00-5nA160Am0.0Sm0.25mT0.001No0Al0.1Be0eT0eA160eS0eFS0eFa0.out,-30.0,-10.0,50.0,17.0,319.5,0.86489,-80.07022,-100.81606,-94.68155,431.41232,-109.7856,20.035854,0.39747834,14.796923,20.246733,5.8054924,95.073105,45.295074,26.695738,18.599337,18.532103,34.341145,102.67979,95.80524,159.75,76.601135,83.148865,83.148865,76.601135,633.3939,5.6126895,36.878788,0.0,45.61198,70.75331,72.987595,70.39929,83.704735,146.70474,44.24782,35.508286,30.287264,33.18892,0.0
RTSIsc1.48dRnd0000000923_Ne.4Si50_Cr.0Bi-04.00-5SBi08.00-5nA160Am0.0Sm0.25mT0.001No0Al0.1Be0eT0eA160eS0eFS0eFa0.out,-4.0,8.0,50.0,17.0,319.5,0.41865677,65.20197,61.395657,48.554028,373.25848,-34.73836,97.6034,0.28849843,16.155825,3.355161,12.358428,47.66018,38.139442,24.558475,13.580966,13.522064,18.37983,62.04099,48.571545,159.75,103.82178,55.92822,55.92822,103.82178,632.30304,5.386837,37.303032,0.0,10.763258,32.99754,45.848343,54.735416,80.20166,188.19322,59.124386,50.157764,45.182056,65.09939,0.0
RTSIsc1.48dRnd0000000507_Ne.4Si50_Cr.0Bi-36.00-5SBi00.00-5nA160Am0.0Sm0.25mT0.001No0Al0.1Be0eT0eA160eS0eFS0eFa0.out,-36.0,0.0,50.0,17.0,319.5,0.33187756,1.5389942,-34.149586,-22.846361,336.2489,-74.66317,57.032253,0.30185926,23.998959,35.18925,10.828219,22.838163,39.160038,24.991383,14.168655,14.10999,18.609516,36.265865,25.066534,159.75,101.55,58.2,58.2,101.55,631.9394,5.507623,36.848484,0.0,7.994602,30.989962,48.1366,59.757576,87.2348,186.84067,60.80431,49.728695,42.99825,57.45393,0.0
RTSIsc1.48dRnd0000000120_Ne.4Si50_Cr.0Bi-10.00-5SBi-08.00-5nA160Am0.0Sm0.25mT0.001No0Al0.1Be0eT0eA160eS0eFS0eFa0.out,-10.0,-8.0,50.0,17.0,319.5,0.39123344,-63.98674,-73.2692,-60.11863,423.5373,-102.558044,29.496017,0.27950054,5.6631627,8.781723,12.658617,60.044033,37.63177,24.294128,13.337642,13.2781725,17.04484,74.77078,61.035107,159.75,106.08783,53.66217,53.66217,106.08783,633.9394,5.416288,37.18182,0.0,11.321638,30.430304,42.98594,54.112312,81.188965,184.90758,61.70857,52.865578,46.841003,67.57751,0.0
RTSIsc1.48dRnd0000000732_Ne.4Si50_Cr.0Bi14.00-5SBi04.00-5nA160Am0.0Sm0.25mT0.001No0Al0.1Be0eT0eA160eS0eFS0eFa0.out,14.0,4.0,50.0,17.0,319.5,0.43497595,33.00683,46.802765,34.14094,357.65292,-45.16396,85.34732,0.2890418,5.582718,13.292566,12.1811075,33.28594,38.244743,24.548626,13.696117,13.639205,17.674242,47.57242,34.725994,159.75,104.1438,55.6062,55.6062,104.1438,632.24243,5.5987687,37.121212,0.0,10.005161,31.63944,46.16856,57.318985,83.00777,183.46278,60.263447,51.619507,45.198154,63.558617,0.0
RTSIsc1.48dRnd0000000207_Ne.4Si50_Cr.0Bi-36.00-5SBi-06.00-5nA160Am0.0Sm0.25mT0.001No0Al0.1Be0eT0eA160eS0eFS0eFa0.out,-36.0,-6.0,50.0,17.0,319.5,0.13685031,-47.130672,-81.53783,-70.25226,433.82993,-106.32639,26.243242,0.2969284,22.984138,33.90431,10.794981,69.91402,39.24825,25.417662,13.830587,13.767187,18.250284,82.70736,70.94856,159.75,102.55213,57.19787,57.19787,102.55213,632.42426,5.591051,36.60606,0.0,11.2677555,33.30374,46.56236,56.393513,81.87903,185.44067,59.68532,51.23272,45.641098,61.01804,0.0
RTSIsc1.48dRnd0000000336_Ne.4Si50_Cr.0Bi22.00-5SBi-04.00-5nA160Am0.0Sm0.25mT0.001No0Al0.1Be0eT0eA160eS0eFS0eFa0.out,22.0,-4.0,50.0,17.0,319.5,0.66994506,-29.91672,-8.311814,-3.242778,260.54333,-61.73175,62.809322,0.361117,26.174479,21.104166,5.6393466,4.73982,44.885227,28.317234,16.567993,16.500946,22.218609,17.576513,10.703134,159.75,89.814064,69.935936,69.935936,89.814064,631.57574,5.6437974,36.636364,0.0,5.795833,29.466856,57.334232,78.343704,105.21984,183.9866,60.06676,43.30284,31.646307,36.412785,0.0
RTSIsc1.48dRnd0000000630_Ne.4Si50_Cr.0Bi10.00-5SBi02.00-5nA160Am0.0Sm0.25mT0.001No0Al0.1Be0eT0eA160eS0eFS0eFa0.out,10.0,2.0,50.0,17.0,319.5,0.48984176,15.483977,25.423307,16.114325,306.56754,-57.01071,72.4673,0.3325832,4.307339,9.436363,8.935558,15.363778,42.362404,26.901232,15.461174,15.392471,20.641335,27.936646,18.582281,159.75,95.300285,64.449715,64.449715,95.300285,631.3333,5.393466,36.848484,0.0,6.9091854,32.598866,54.140198,69.72732,95.17817,180.23503,60.00644,47.69891,38.01572,46.823486,0.0
RTSIsc1.48dRnd0000000122_Ne.4Si50_Cr.0Bi-06.00-5SBi-08.00-5nA160Am0.0Sm0.25mT0.001No0Al0.1Be0eT0eA160eS0eFS0eFa0.out,-6.0,-8.0,50.0,17.0,319.5,0.2792994,-64.308426,-70.1471,-56.983086,414.50998,-100.66585,31.590864,0.28097945,7.3543086,5.3516097,12.6721115,56.803646,37.158997,23.991241,13.167756,13.1062975,17.614868,71.500626,57.86864,159.75,105.456345,54.293655,54.293655,105.456345,631.63635,5.5227275,37.424244,0.0,11.255824,32.230633,44.16643,53.434753,79.24025,187.40242,59.056015,51.729923,45.862404,67.25772,0.0
RTSIsc1.48dRnd0000000210_Ne.4Si50_Cr.0Bi-30.00-5SBi-06.00-5nA160Am0.0Sm0.25mT0.001No0Al0.1Be0eT0eA160eS0eFS0eFa0.out,-30.0,-6.0,50.0,17.0,319.5,0.12655416,-47.07128,-75.85175,-63.152615,432.95795,-103.49066,31.689432,0.28661537,16.410795,28.279308,12.211127,62.806725,37.758713,24.106535,13.652178,13.594697,17.541145,77.060425,63.806984,159.75,104.6759,55.0741,55.0741,104.6759,631.63635,5.6136365,37.151516,0.0,10.384659,31.14891,44.582813,55.755116,82.85412,184.759,60.51411,51.952366,45.07647,64.60881,0.0
RTSIsc1.48dRnd0000000531_Ne.4Si50_Cr.0Bi12.00-5SBi00.00-5nA160Am0.0Sm0.25mT0.001No0Al0.1Be0eT0eA160eS0eFS0eFa0.out,12.0,0.0,50.0,17.0,319.5,-0.008456704,-0.96419966,10.819518,5.849746,260.2775,-59.638046,64.613815,0.35417,7.461411,11.285227,6.312358,6.971875,44.871258,28.24877,16.62249,16.552225,21.242046,19.53113,12.157871,159.75,91.48092,68.26908,68.26908,91.48092,633.1515,5.446875,36.515152,0.0,5.334801,29.063826,56.348957,78.021355,103.89299,182.04276,62.161602,44.494225,33.206154,38.58485,0.0
RTSIsc1.48dRnd0000000131_Ne.4Si50_Cr.0Bi12.00-5SBi-08.00-5nA160Am0.0Sm0.25mT0.001No0Al0.1Be0eT0eA160eS0eFS0eFa0.out,12.0,-8.0,50.0,17.0,319.5,0.37324613,-62.86287,-51.255287,-38.54989,362.90842,-88.95557,42.5419,0.28647107,23.819082,11.108902,12.236221,38.471542,37.670547,24.203882,13.466666,13.408334,17.957718,52.80368,39.509995,159.75,104.413826,55.336174,55.336174,104.413826,631.3939,5.349148,36.848484,0.0,11.237879,32.57732,45.151375,53.97121,79.01614,187.22382,60.30606,51.100048,45.74574,65.06435,0.0
RTSIsc1.48dRnd0000000421_Ne.4Si50_Cr.0Bi-08.00-5SBi-02.00-5nA160Am0.0Sm0.25mT0.001No0Al0.1Be0eT0eA160eS0eFS0eFa0.out,-8.0,-2.0,50.0,17.0,319.5,0.11260275,-16.953793,-24.707424,-14.674783,325.3102,-69.496445,61.52194,0.3223762,4.181155,7.2514677,9.603409,14.608618,42.098248,27.00161,15.096639,15.033192,19.919176,27.791073,17.950718,159.75,97.451,62.299007,62.299007,97.451,632.5455,5.61411,36.81818,0.0,7.9914775,32.136883,52.367283,66.90265,92.32443,181.70294,60.309803,48.193512,39.64929,50.967186,0.0
RTSIsc1.48dRnd0000000107_Ne.4Si50_Cr.0Bi-36.00-5SBi-08.00-5nA160Am0.0Sm0.25mT0.001No0Al0.1Be0eT0eA160eS0eFS0eFa0.out,-36.0,-8.0,50.0,17.0,319.5,0.13778035,-62.4506,-93.52422,-84.51628,436.92206,-109.15155,22.438923,0.32923603,21.94929,30.571875,8.56089,84.17012,41.15876,25.586884,15.571875,15.512926,22.308996,94.75668,84.979065,159.75,94.95388,64.79612,64.79612,94.95388,633.0909,5.2578597,36.969696,0.0,17.578978,42.61823,55.318893,62.76501,84.95379,174.77116,55.96217,47.392044,41.210655,50.51998,0.0
RTSIsc1.48dRnd0000000833_Ne.4Si50_Cr.0Bi16.00-5SBi06.00-5nA160Am0.0Sm0.25mT0.001No0Al0.1Be0eT0eA160eS0eFS0eFa0.out,16.0,6.0,50.0,17.0,319.5,0.033882443,48.218384,63.882496,51.437916,406.9589,-34.970066,98.93187,0.29366678,6.386553,15.164583,11.9616,50.957623,38.42287,24.59697,13.8259,13.767187,18.312595,64.887085,52.0764,159.75,103.0446,56.7054,56.7054,103.0446,631.2727,5.6668563,36.545456,0.0,10.360512,33.0616,46.79176,55.959373,81.59001,184.79897,59.923862,51.45199,45.261364,62.073296,0.0
RTSIsc1.48dRnd0000001045_Ne.4Si50_Cr.0Bi40.00-5SBi10.00-5nA160Am0.0Sm0.25mT0.001No0Al0.1Be0eT0eA160eS0eFS0eFa0.out,40.0,10.0,50.0,17.0,319.5,0.55717564,80.56048,107.94325,103.25113,439.6998,-21.238054,114.81516,0.4357155,22.62462,26.881912,4.4215436,102.192375,45.152035,25.467188,19.684849,19.618986,46.349575,108.30867,103.05287,159.75,63.337784,96.41222,96.41222,63.337784,632.0,5.4848485,36.575756,0.0,86.52841,90.82737,77.835846,67.95483,75.42732,121.51548,34.32216,27.764772,24.115957,25.707859,0.0
RTSIsc1.48dRnd0000000329_Ne.4Si50_Cr.0Bi08.00-5SBi-04.00-5nA160Am0.0Sm0.25mT0.001No0Al0.1Be0eT0eA160eS0eFS0eFa0.out,8.0,-4.0,50.0,17.0,319.5,0.37221488,-32.2045,-24.463251,-13.86017,308.4742,-68.79356,58.62269,0.3119404,17.857481,7.2438445,10.150426,14.054025,40.194317,25.72983,14.464489,14.4008045,18.84285,27.989172,17.521057,159.75,99.72457,60.025425,60.025425,99.72457,631.3333,5.5684185,36.60606,0.0,8.574905,29.433428,49.797302,63.177605,90.35279,183.76501,61.404686,49.42249,41.083286,54.321827,0.0
RTSIsc1.48dRnd0000000536_Ne.4Si50_Cr.0Bi22.00-5SBi00.00-5nA160Am0.0Sm0.25mT0.001No0Al0.1Be0eT0eA160eS0eFS0eFa0.out,22.0,0.0,50.0,17.0,319.5,0.08285619,2.5376713,24.142443,14.314554,306.95065,-59.468952,69.675354,0.31690925,11.548769,21.105919,9.376089,14.004641,40.50057,25.826231,14.674337,14.612973,19.16572,27.456406,17.614824,159.75,98.77623,60.97377,60.97377,98.77623,630.8485,5.507197,36.969696,0.0,7.790578,30.606297,50.188873,64.38101,91.027794,184.92728,60.933002,48.75857,40.055965,52.17912,0.0
RTSIsc1.48dRnd0000000750_Ne.4Si50_Cr.0Bi50.00-5SBi04.00-5nA160Am0.0Sm0.25mT0.001No0Al0.1Be0eT0eA160eS0eFS0eFa0.out,50.0,4.0,50.0,17.0,319.5,0.4146616,31.334703,79.705986,68.4295,453.4807,-31.33764,108.00653,0.30390576,36.792187,47.86823,10.792803,67.526184,39.725426,25.612642,14.112784,14.052604,19.18641,80.33004,68.79361,159.75,100.897446,58.85256,58.85256,100.897446,631.0909,5.6437974,37.21212,0.0,9.846733,33.698578,49.4563,59.2607,84.33778,182.84285,59.129025,49.832436,44.043278,58.64323,0.0
RTSIsc1.48dRnd0000000746_Ne.4Si50_Cr.0Bi42.00-5SBi04.00-5nA160Am0.0Sm0.25mT0.001No0Al0.1Be0eT0eA160eS0eFS0eFa0.out,42.0,4.0,50.0,17.0,319.5,0.47591308,35.785503,76.91768,65.5187,414.94135,-28.381712,106.55351,0.29838207,29.498863,40.63338,10.911079,64.574905,39.85256,25.618608,14.233949,14.175994,18.162737,77.42333,65.56668,159.75,102.38386,57.366146,57.366146,102.38386,632.7273,5.530208,36.545456,0.0,10.232907,32.989582,47.863068,57.31842,84.075424,182.42708,61.396923,51.513874,45.066193,59.843796,0.0
RTSIsc1.48dRnd0000000145_Ne.4Si50_Cr.0Bi40.00-5SBi-08.00-5nA160Am0.0Sm0.25mT0.001No0Al0.1Be0eT0eA160eS0eFS0eFa0.out,40.0,-8.0,50.0,17.0,319.5,0.06897319,-64.93241,-25.77747,-14.341264,299.2942,-70.16492,54.72457,0.30532315,50.093372,38.65554,11.013825,14.119176,39.648483,25.273249,14.3752365,14.315909,18.887121,28.529627,17.028664,159.75,100.80639,58.943607,58.943607,100.80639,632.30304,5.6053977,36.969696,0.0,8.274621,30.851326,49.184895,62.043465,89.43144,184.79602,59.09124,49.038162,41.69631,57.89555,0.0
RTSIsc1.48dRnd0000000942_Ne.4Si50_Cr.0Bi34.00-5SBi08.00-5nA160Am0.0Sm0.25mT0.001No0Al0.1Be0eT0eA160eS0eFS0eFa0.out,34.0,8.0,50.0,17.0,319.5,0.42955747,65.50299,95.49222,86.38063,437.40826,-17.626505,113.36272,0.33089802,20.744555,29.49143,8.647064,85.454216,42.075237,26.319887,15.75535,15.689678,22.465672,96.024254,86.29689,159.75,94.48897,65.26103,65.26103,94.48897,631.4545,5.530019,36.969696,0.0,15.993087,43.310844,57.989582,64.374855,86.87822,169.62746,55.37647,46.23925,40.37424,51.29053,0.0
RTSIsc1.48dRnd0000000505_Ne.4Si50_Cr.0Bi-40.00-5SBi00.00-5nA160Am0.0Sm0.25mT0.001No0Al0.1Be0eT0eA160eS0eFS0eFa0.out,-40.0,0.0,50.0,17.0,319.5,0.40801916,-0.73425066,-40.14275,-28.376495,360.40335,-79.20205,54.81083,0.298229,27.264015,38.910797,11.28357,28.404877,39.261223,25.079782,14.181439,14.123106,17.814205,41.98859,30.173132,159.75,102.61847,57.131535,57.131535,102.61847,632.9091,5.3414297,36.575756,0.0,7.987358,30.883001,48.000473,59.07377,86.232956,184.51497,61.899433,51.687878,44.26378,58.365482,0.0
RTSIsc1.48dRnd0000000414_Ne.4Si50_Cr.0Bi-22.00-5SBi-02.00-5nA160Am0.0Sm0.25mT0.001No0Al0.1Be0eT0eA160eS0eFS0eFa0.out,-22.0,-2.0,50.0,17.0,319.5,0.24185205,-17.686789,-39.14219,-27.822512,337.96844,-78.10133,52.845116,0.3024276,10.584564,20.955872,10.8321495,27.614773,39.614063,25.36179,14.252273,14.190009,18.749811,40.803394,29.299923,159.75,101.33613,58.41387,58.41387,101.33613,632.1818,5.3402934,36.78788,0.0,9.703267,31.72197,48.2679,60.20218,85.68059,182.95715,61.215908,50.856346,43.567993,58.008522,0.0
RTSIsc1.48dRnd0000000509_Ne.4Si50_Cr.0Bi-32.00-5SBi00.00-5nA160Am0.0Sm0.25mT0.001No0Al0.1Be0eT0eA160eS0eFS0eFa0.out,-32.0,0.0,50.0,17.0,319.5,-0.2940873,3.0511804,-28.245028,-17.53395,337.24625,-70.870094,60.400906,0.31088984,20.177794,30.793892,10.250947,16.867756,40.852177,26.308239,14.54394,14.4798765,18.635323,30.498419,20.08413,159.75,100.064156,59.685844,59.685844,100.064156,632.24243,5.46965,36.575756,0.0,8.206534,30.717472,50.054924,63.621685,91.00204,182.10388,61.212593,49.640057,41.864964,53.818275,0.0
RTSIsc1.48dRnd0000000525_Ne.4Si50_Cr.0Bi00.00-5SBi00.00-5nA160Am0.0Sm0.25mT0.001No0Al0.1Be0eT0eA160eS0eFS0eFa0.out,0.0,0.0,50.0,17.0,319.5,-0.068590626,0.5953856,0.70642656,0.3382833,254.5943,-61.26832,63.173588,0.37327453,4.2507577,0.94900566,4.218466,3.5854166,46.718277,29.091003,17.627274,17.554308,22.75748,16.178886,10.064121,159.75,87.48272,72.26728,72.26728,87.48272,631.2727,5.5455966,36.81818,0.0,4.647917,28.882765,58.312973,81.058334,109.064964,184.96861,60.52396,42.334755,30.174574,31.303883,0.0
RTSIsc1.48dRnd0000000721_Ne.4Si50_Cr.0Bi-08.00-5SBi04.00-5nA160Am0.0Sm0.25mT0.001No0Al0.1Be0eT0eA160eS0eFS0eFa0.out,-8.0,4.0,50.0,17.0,319.5,0.6469438,33.171024,25.313297,15.440575,291.89377,-54.159286,71.44931,0.3183295,17.237879,7.355445,9.657765,14.671496,41.394318,26.403646,14.990672,14.927841,19.610085,27.955032,17.72396,159.75,98.21903,61.530968,61.530968,98.21903,632.6061,5.5976324,36.727272,0.0,8.040388,32.114395,51.88087,65.401276,91.241806,182.75862,59.69072,48.282482,39.896923,53.29858,0.0
RTSIsc1.48dRnd0000000949_Ne.4Si50_Cr.0Bi48.00-5SBi08.00-5nA160Am0.0Sm0.25mT0.001No0Al0.1Be0eT0eA160eS0eFS0eFa0.out,48.0,8.0,50.0,17.0,319.5,0.7791405,66.10878,104.58255,97.82618,460.52075,-19.74624,114.63928,0.3909357,31.695549,37.976185,6.4177084,96.592094,44.030968,25.75374,18.277225,18.210701,34.99181,104.75452,97.559875,159.75,77.37391,82.37609,82.37609,77.37391,631.57574,5.567803,36.878788,0.0,51.475048,68.315765,71.784515,69.89517,83.65578,141.43552,43.25881,35.435463,30.620407,35.69929,0.0
RTSIsc1.48dRnd0000000807_Ne.4Si50_Cr.0Bi-36.00-5SBi06.00-5nA160Am0.0Sm0.25mT0.001No0Al0.1Be0eT0eA160eS0eFS0eFa0.out,-36.0,6.0,50.0,17.0,319.5,0.036921486,50.360607,14.989802,7.3756766,280.45178,-59.129463,67.340775,0.33987194,42.486835,34.871735,7.8169036,7.597443,42.77656,27.090199,15.686363,15.620691,21.117235,21.099234,12.543978,159.75,93.869934,65.880066,65.880066,93.869934,631.57574,5.4777937,36.878788,0.0,8.081297,31.124811,54.281155,70.46444,96.78466,183.73177,60.619934,45.887596,36.066147,44.533947,0.0
RTSIsc1.48dRnd0000000711_Ne.4Si50_Cr.0Bi-28.00-5SBi04.00-5nA160Am0.0Sm0.25mT0.001No0Al0.1Be0eT0eA160eS0eFS0eFa0.out,-28.0,4.0,50.0,17.0,319.5,0.22713394,31.144203,3.5135624,1.2676609,262.0341,-61.03698,64.82358,0.36138976,29.384138,27.130539,5.31089,4.102036,45.33769,28.269413,17.068277,16.997822,21.606865,17.18872,10.440249,159.75,90.08253,69.66747,69.66747,90.08253,632.24243,5.545028,37.303032,0.0,4.9027934,28.121685,56.646214,78.19593,105.76913,184.84953,61.76837,44.726894,32.17666,35.085228,0.0
RTSIsc1.48dRnd0000000021_Ne.4Si50_Cr.0Bi-08.00-5SBi-10.00-5nA160Am0.0Sm0.25mT0.001No0Al0.1Be0eT0eA160eS0eFS0eFa0.out,-8.0,-10.0,50.0,17.0,319.5,0.48364154,-78.355606,-85.237755,-74.22625,435.87018,-107.80293,22.14227,0.29938573,5.123769,6.3855586,10.523627,74.232765,38.914017,24.714441,14.1995735,14.136648,19.165104,86.77037,75.203766,159.75,101.61785,58.13215,58.13215,101.61785,632.6667,5.5368843,36.878788,0.0,12.1853695,34.599007,47.162357,56.39607,81.53073,184.90952,59.909565,50.79105,45.14304,60.039963,0.0
RTSIsc1.48dRnd0000000213_Ne.4Si50_Cr.0Bi-24.00-5SBi-06.00-5nA160Am0.0Sm0.25mT0.001No0Al0.1Be0eT0eA160eS0eFS0eFa0.out,-24.0,-6.0,50.0,17.0,319.5,0.7456859,-47.19141,-70.18633,-58.770046,414.20825,-101.231384,35.2864,0.29973727,11.898201,22.496355,10.930492,59.02907,39.46695,25.433807,14.033144,13.973295,18.788021,72.07117,60.105392,159.75,101.81217,57.93783,57.93783,101.81217,632.0606,5.4995737,37.333332,0.0,10.128409,32.49413,47.744648,57.97282,83.044365,186.34256,59.96908,50.467472,44.181866,59.71525,0.0
RTSIsc1.48dRnd0000001008_Ne.4Si50_Cr.0Bi-34.00-5SBi10.00-5nA160Am0.0Sm0.25mT0.001No0Al0.1Be0eT0eA160eS0eFS0eFa0.out,-34.0,10.0,50.0,17.0,319.5,0.2720647,79.54647,46.951675,32.49019,341.60098,-40.62383,86.221016,0.27034715,46.554356,32.096497,13.980729,31.788258,36.502132,23.663305,12.838826,12.787074,16.751846,47.827904,32.837296,159.75,107.76638,51.983616,51.983616,107.76638,631.4545,5.659896,36.909092,0.0,11.540152,31.635796,42.496826,52.716667,78.86809,183.72026,59.144035,52.069366,46.60767,72.655685,0.0
RTSIsc1.48dRnd0000000648_Ne.4Si50_Cr.0Bi46.00-5SBi02.00-5nA160Am0.0Sm0.25mT0.001No0Al0.1Be0eT0eA160eS0eFS0eFa0.out,46.0,2.0,50.0,17.0,319.5,0.4185552,16.070278,61.120403,49.33314,389.3206,-39.158802,96.19608,0.29783973,32.853836,44.552082,11.302367,48.42576,39.156155,25.017899,14.138258,14.079451,18.009327,61.728985,49.50265,159.75,102.522064,57.227936,57.227936,102.522064,633.69696,5.7046404,37.0,0.0,9.080824,31.959232,47.591194,58.927082,85.57893,184.46709,61.473816,51.727795,44.17737,58.713634,0.0
RTSIsc1.48dRnd0000000226_Ne.4Si50_Cr.0Bi02.00-5SBi-06.00-5nA160Am0.0Sm0.25mT0.001No0Al0.1Be0eT0eA160eS0eFS0eFa0.out,2.0,-6.0,50.0,17.0,319.5,0.28160635,-52.01503,-49.778553,-37.009014,365.20764,-87.10375,44.152664,0.2870449,14.5101795,1.8999053,12.284185,36.844696,37.826847,24.455019,13.371828,13.31411,18.458664,51.245213,38.021713,159.75,104.04413,55.70587,55.70587,104.04413,632.48486,5.432055,36.969696,0.0,11.457386,31.93859,45.19749,54.7857,80.03319,188.19196,59.972206,50.49763,45.16108,65.24962,0.0
RTSIsc1.48dRnd0000000432_Ne.4Si50_Cr.0Bi14.00-5SBi-02.00-5nA160Am0.0Sm0.25mT0.001No0Al0.1Be0eT0eA160eS0eFS0eFa0.out,14.0,-2.0,50.0,17.0,319.5,0.44680694,-17.014141,-3.1395302,-1.1648434,259.68924,-61.272263,64.14977,0.36529627,15.394697,13.377983,4.835322,4.3503313,46.129547,29.059517,17.070028,16.997017,21.769224,16.877304,10.372659,159.75,89.40151,70.34849,70.34849,89.40151,631.8788,5.4620266,36.484848,0.0,4.57268,27.740105,56.578884,79.47652,108.64919,184.01283,61.762405,43.785652,31.885275,33.415245,0.0
RTSIsc1.48dRnd0000000043_Ne.4Si50_Cr.0Bi36.00-5SBi-10.00-5nA160Am0.0Sm0.25mT0.001No0Al0.1Be0eT0eA160eS0eFS0eFa0.out,36.0,-10.0,50.0,17.0,319.5,-0.33681586,-82.12486,-48.41845,-34.820034,377.28128,-87.920235,43.3217,0.28586864,46.80663,33.207054,13.116525,34.083664,38.27789,24.752083,13.5258045,13.46714,17.940483,49.369316,35.36956,159.75,104.51297,55.237026,55.237026,104.51297,630.7879,5.674479,37.272728,0.0,11.574195,32.07571,45.610607,54.57017,79.9008,184.36061,59.780872,51.18177,45.563828,66.16932,0.0
RTSIsc1.48dRnd0000000936_Ne.4Si50_Cr.0Bi22.00-5SBi08.00-5nA160Am0.0Sm0.25mT0.001No0Al0.1Be0eT0eA160eS0eFS0eFa0.out,22.0,8.0,50.0,17.0,319.5,0.1537539,66.27529,86.37045,74.22712,423.2574,-20.432716,111.2204,0.28747192,9.384612,19.595785,11.658286,73.62841,38.380116,24.855114,13.525,13.468892,18.233475,87.21175,74.57654,159.75,104.10057,55.649433,55.649433,104.10057,632.42426,5.5605116,37.21212,0.0,12.3619795,32.825047,45.91676,55.309517,82.54011,182.76704,58.208286,50.58977,45.89962,66.00611,0.0
RTSIsc1.48dRnd0000001050_Ne.4Si50_Cr.0Bi50.00-5SBi10.00-5nA160Am0.0Sm0.25mT0.001No0Al0.1Be0eT0eA160eS0eFS0eFa0.out,50.0,10.0,50.0,17.0,319.5,0.12956105,81.34643,110.93865,108.649025,425.7927,-28.227962,114.8194,0.50480765,27.118797,29.093134,2.2049243,108.024055,41.957195,20.885796,21.071402,21.013636,75.828316,111.75156,109.29755,159.75,35.043987,124.70602,124.70602,35.043987,632.1818,5.4012313,37.0,0.0,206.55232,116.54479,74.2785,53.08395,52.07746,79.19598,16.92964,12.8757105,10.438353,10.205113,0.0
RTSIsc1.48dRnd0000000221_Ne.4Si50_Cr.0Bi-08.00-5SBi-06.00-5nA160Am0.0Sm0.25mT0.001No0Al0.1Be0eT0eA160eS0eFS0eFa0.out,-8.0,-6.0,50.0,17.0,319.5,0.09413116,-49.010044,-56.744537,-45.035767,375.87195,-92.70069,40.886032,0.29769483,5.010038,7.233333,11.219082,44.671684,39.342472,25.402178,13.940293,13.883617,19.154593,57.947025,45.68739,159.75,101.925804,57.824196,57.824196,101.925804,630.6667,5.4699335,36.727272,0.0,12.366335,34.994743,47.227036,56.503834,81.846115,182.30421,59.408947,50.248672,44.238495,61.528267,0.0
RTSIsc1.48dRnd0000000632_Ne.4Si50_Cr.0Bi14.00-5SBi02.00-5nA160Am0.0Sm0.25mT0.001No0Al0.1Be0eT0eA160eS0eFS0eFa0.out,14.0,2.0,50.0,17.0,319.5,0.22803341,17.139904,31.048145,19.732285,321.86945,-53.914707,73.76441,0.30576003,5.2019887,13.412216,10.872916,19.191761,38.942234,24.757433,14.184801,14.123106,18.74929,32.786964,21.734182,159.75,100.79948,58.95052,58.95052,100.79948,633.1515,5.5300665,36.333332,0.0,8.159754,30.217566,48.619175,61.524197,87.99143,187.14995,60.73712,50.25881,42.027603,56.465908,0.0
RTSIsc1.48dRnd0000000118_Ne.4Si50_Cr.0Bi-14.00-5SBi-08.00-5nA160Am0.0Sm0.25mT0.001No0Al0.1Be0eT0eA160eS0eFS0eFa0.out,-14.0,-8.0,50.0,17.0,319.5,0.31386364,-62.51136,-75.58785,-62.739826,430.59595,-103.86691,27.587479,0.28436086,5.1493845,12.574195,12.356155,62.607292,37.42661,24.350521,13.076089,13.019461,18.183475,76.95292,63.65375,159.75,104.63968,55.11032,55.11032,104.63968,631.3333,5.553362,36.363636,0.0,11.52983,32.239582,44.522205,53.52159,79.481346,188.18665,58.279213,51.188496,46.06965,66.31477,0.0
RTSIsc1.48dRnd0000000130_Ne.4Si50_Cr.0Bi10.00-5SBi-08.00-5nA160Am0.0Sm0.25mT0.001No0Al0.1Be0eT0eA160eS0eFS0eFa0.out,10.0,-8.0,50.0,17.0,319.5,0.55710495,-62.7502,-52.948288,-39.87229,362.88037,-89.8114,40.954605,0.2834254,22.380919,9.302131,12.600284,40.008003,36.93646,23.678787,13.25767,13.20019,17.8393,54.635807,41.070595,159.75,104.971405,54.7786,54.7786,104.971405,631.69696,5.4241476,36.484848,0.0,10.542661,31.717093,44.58537,54.138256,81.35322,186.6375,59.49304,51.057102,45.39839,66.77434,0.0
RTSIsc1.48dRnd0000000840_Ne.4Si50_Cr.0Bi30.00-5SBi06.00-5nA160Am0.0Sm0.25mT0.001No0Al0.1Be0eT0eA160eS0eFS0eFa0.out,30.0,6.0,50.0,17.0,319.5,0.06746164,51.067966,79.91164,67.31214,427.24423,-25.520617,108.43823,0.28545007,16.55606,28.340626,12.1091385,66.795456,37.996166,24.41624,13.579925,13.523011,17.228977,80.85958,67.77379,159.75,105.009186,54.740814,54.740814,105.009186,633.57574,5.598201,36.939392,0.0,10.678788,30.649479,45.204025,55.16345,81.975,185.28163,60.70644,52.514156,46.732243,64.67055,0.0
RTSIsc1.48dRnd0000000345_Ne.4Si50_Cr.0Bi40.00-5SBi-04.00-5nA160Am0.0Sm0.25mT0.001No0Al0.1Be0eT0eA160eS0eFS0eFa0.out,40.0,-4.0,50.0,17.0,319.5,0.47882992,-31.464214,7.82829,4.3175077,266.1575,-62.21438,63.350975,0.35794696,35.28111,38.794224,5.051089,5.1596117,45.035084,28.370502,16.664583,16.596544,21.764772,17.959637,11.149263,159.75,90.60246,69.14754,69.14754,90.60246,632.0,5.484233,36.575756,0.0,5.2650566,28.405397,55.776657,76.25947,104.72098,184.365,62.403503,45.300854,33.500523,36.002556,0.0
RTSIsc1.48dRnd0000000136_Ne.4Si50_Cr.0Bi22.00-5SBi-08.00-5nA160Am0.0Sm0.25mT0.001No0Al0.1Be0eT0eA160eS0eFS0eFa0.out,22.0,-8.0,50.0,17.0,319.5,0.4248896,-64.376076,-42.757263,-29.991446,355.96332,-82.876045,45.838715,0.28896722,33.88537,21.116003,12.280493,30.035463,37.566288,24.146969,13.419318,13.358096,17.825474,44.43902,31.314772,159.75,104.08191,55.668087,55.668087,104.08191,632.30304,5.5003314,36.878788,0.0,10.1626425,31.084232,45.74181,56.734657,83.30175,184.97643,59.450188,51.67121,45.715958,63.464157,0.0
RTSIsc1.48dRnd0000000801_Ne.4Si50_Cr.0Bi-48.00-5SBi06.00-5nA160Am0.0Sm0.25mT0.001No0Al0.1Be0eT0eA160eS0eFS0eFa0.out,-48.0,6.0,50.0,17.0,319.5,0.47508603,48.60521,1.1296426,0.71652734,258.0928,-60.917286,64.45496,0.36996943,47.38821,46.97467,4.969555,4.358428,46.420597,29.01766,17.402935,17.332338,22.45966,16.629942,10.400177,159.75,88.20521,71.54479,71.54479,88.20521,631.1515,5.4928975,36.666668,0.0,5.025521,29.11501,58.33816,79.88267,108.406296,182.6569,61.16539,43.243465,30.790247,32.52784,0.0
RTSIsc1.48dRnd0000000643_Ne.4Si50_Cr.0Bi36.00-5SBi02.00-5nA160Am0.0Sm0.25mT0.001No0Al0.1Be0eT0eA160eS0eFS0eFa0.out,36.0,2.0,50.0,17.0,319.5,-0.015607329,16.99615,52.40842,40.958076,369.484,-45.83871,90.23292,0.3024033,23.642187,34.910843,10.9803505,40.516953,39.718277,25.554735,14.163542,14.105019,18.635323,53.566315,41.76786,159.75,101.44437,58.305634,58.305634,101.44437,633.0303,5.5685134,37.060608,0.0,9.236553,32.713257,48.93248,60.286648,86.971405,183.41449,59.54124,50.12159,43.58873,58.22391,0.0
RTSIsc1.48dRnd0000000524_Ne.4Si50_Cr.0Bi-02.00-5SBi00.00-5nA160Am0.0Sm0.25mT0.001No0Al0.1Be0eT0eA160eS0eFS0eFa0.out,-2.0,0.0,50.0,17.0,319.5,0.181709,0.87093794,-1.1450678,-0.39654994,254.26892,-61.099033,63.812126,0.36447364,4.941051,1.7321496,4.8761363,3.9868844,45.78821,28.827793,16.960417,16.887547,21.560701,16.487186,10.098622,159.75,89.647156,70.102844,70.102844,89.647156,632.1212,5.5,37.030304,0.0,4.247112,27.167046,56.6259,79.57377,108.781815,185.4275,62.06032,43.67945,31.391478,33.16681,0.0
RTSIsc1.48dRnd0000000614_Ne.4Si50_Cr.0Bi-22.00-5SBi02.00-5nA160Am0.0Sm0.25mT0.001No0Al0.1Be0eT0eA160eS0eFS0eFa0.out,-22.0,2.0,50.0,17.0,319.5,0.3054941,18.543621,-3.0323277,-0.9920746,265.14313,-62.230232,64.79153,0.36737743,19.062359,21.077652,4.758002,3.9443655,46.239395,28.923864,17.31553,17.24143,22.201515,16.767508,10.403873,159.75,88.7553,70.9947,70.9947,88.7553,631.57574,5.408712,36.969696,0.0,4.966809,28.560795,57.597965,80.68712,107.5741,183.274,61.344696,43.376987,31.413921,32.779358,0.0
RTSIsc1.48dRnd0000000148_Ne.4Si50_Cr.0Bi46.00-5SBi-08.00-5nA160Am0.0Sm0.25mT0.001No0Al0.1Be0eT0eA160eS0eFS0eFa0.out,46.0,-8.0,50.0,17.0,319.5,-0.3169404,-63.85097,-18.568542,-9.635949,283.0923,-67.29516,58.657185,0.32594973,53.712738,44.77893,8.846307,9.390719,41.82467,26.579594,15.245076,15.183902,19.70625,23.290703,13.55495,159.75,96.99669,62.753315,62.753315,96.99669,629.8182,5.401752,37.18182,0.0,6.365767,29.770502,51.78532,69.41269,96.02997,181.68987,61.14408,46.932056,37.62088,49.067047,0.0
RTSIsc1.48dRnd0000000244_Ne.4Si50_Cr.0Bi38.00-5SBi-06.00-5nA160Am0.0Sm0.25mT0.001No0Al0.1Be0eT0eA160eS0eFS0eFa0.out,38.0,-6.0,50.0,17.0,319.5,0.5907746,-47.633827,-10.380651,-4.707806,288.16873,-65.4241,62.59133,0.3460686,42.427887,36.75658,7.2328596,6.8435607,43.130444,27.059092,16.071354,16.00464,21.06643,20.28575,12.328859,159.75,92.90265,66.84735,66.84735,92.90265,631.9394,5.469555,36.81818,0.0,5.8174243,29.1402,55.20999,73.37131,100.556625,184.72377,61.010464,46.1161,34.65284,41.34067,0.0
RTSIsc1.48dRnd0000000733_Ne.4Si50_Cr.0Bi16.00-5SBi04.00-5nA160Am0.0Sm0.25mT0.001No0Al0.1Be0eT0eA160eS0eFS0eFa0.out,16.0,4.0,50.0,17.0,319.5,0.2910722,32.08703,47.93178,36.747322,372.0389,-46.891247,87.70573,0.30740649,6.1169033,15.342851,10.697112,36.007385,40.195976,26.002794,14.193182,14.134896,19.584944,48.756653,37.429966,159.75,100.07093,59.679073,59.679073,100.07093,632.6061,5.6063447,37.272728,0.0,11.009564,34.8678,49.60265,60.22912,83.427086,182.5286,60.055115,50.111267,43.78556,56.9893,0.0
RTSIsc1.48dRnd0000000504_Ne.4Si50_Cr.0Bi-42.00-5SBi00.00-5nA160Am0.0Sm0.25mT0.001No0Al0.1Be0eT0eA160eS0eFS0eFa0.out,-42.0,0.0,50.0,17.0,319.5,0.35159293,3.3275247,-38.079098,-26.20654,374.76883,-78.67598,56.611473,0.30143827,29.124195,40.909515,11.409375,26.227036,39.686172,25.37675,14.3094225,14.24626,18.140152,40.20422,28.514744,159.75,101.83149,57.918514,57.918514,101.83149,631.3939,5.4473486,37.060608,0.0,9.414299,31.737831,48.560936,60.133003,86.382,181.35374,60.62822,50.88556,43.409847,58.888493,0.0
RTSIsc1.48dRnd0000000208_Ne.4Si50_Cr.0Bi-34.00-5SBi-06.00-5nA160Am0.0Sm0.25mT0.001No0Al0.1Be0eT0eA160eS0eFS0eFa0.out,-34.0,-6.0,50.0,17.0,319.5,-0.04491374,-46.30253,-78.79391,-67.37704,431.63773,-105.176926,29.95115,0.29808897,21.055777,31.990767,10.930445,66.889915,39.399906,25.259706,14.140199,14.080445,18.779404,79.76455,67.95238,159.75,102.05488,57.69512,57.69512,102.05488,631.0909,5.4625945,36.81818,0.0,12.630871,33.61766,47.115623,56.769604,81.32178,182.00871,59.896687,51.338306,44.975235,61.41643,0.0
RTSIsc1.48dRnd0000000238_Ne.4Si50_Cr.0Bi26.00-5SBi-06.00-5nA160Am0.0Sm0.25mT0.001No0Al0.1Be0eT0eA160eS0eFS0eFa0.out,26.0,-6.0,50.0,17.0,319.5,0.7889149,-50.072685,-24.296316,-13.229013,294.61472,-68.25953,56.085842,0.30600476,36.34195,25.2759,10.730398,13.923675,39.90289,25.59252,14.3103695,14.2459755,18.799574,28.094322,16.98382,159.75,100.71311,59.036884,59.036884,100.71311,630.1212,5.287879,37.0,0.0,7.993703,30.144838,48.639538,62.63215,87.52036,185.80867,59.756298,49.251232,41.67344,56.700993,0.0
RTSIsc1.48dRnd0000000121_Ne.4Si50_Cr.0Bi-08.00-5SBi-08.00-5nA160Am0.0Sm0.25mT0.001No0Al0.1Be0eT0eA160eS0eFS0eFa0.out,-8.0,-8.0,50.0,17.0,319.5,0.6455733,-64.79466,-72.45815,-60.30797,403.9024,-102.14214,29.385185,0.2897748,5.3607006,7.166288,11.659944,60.48769,38.482906,24.953457,13.52945,13.469271,18.15393,74.15825,61.511692,159.75,103.71463,56.03537,56.03537,103.71463,631.51514,5.44768,37.090908,0.0,12.109848,34.340153,46.658474,54.29626,79.5956,184.45416,58.645786,50.602745,45.648106,65.16402,0.0
RTSIsc1.48dRnd0000000310_Ne.4Si50_Cr.0Bi-30.00-5SBi-04.00-5nA160Am0.0Sm0.25mT0.001No0Al0.1Be0eT0eA160eS0eFS0eFa0.out,-30.0,-4.0,50.0,17.0,319.5,0.24947163,-34.47719,-63.80225,-51.867718,414.23196,-96.99931,38.84238,0.29532054,17.37699,28.82107,11.444508,51.662407,38.865482,25.123058,13.742424,13.681345,18.683002,65.1652,52.857986,159.75,102.555916,57.19408,57.19408,102.555916,631.8788,5.424669,37.030304,0.0,11.070455,32.209755,45.189205,56.147915,81.71908,187.35744,60.244507,51.555588,45.19375,61.191097,0.0
RTSIsc1.48dRnd0000000740_Ne.4Si50_Cr.0Bi30.00-5SBi04.00-5nA160Am0.0Sm0.25mT0.001No0Al0.1Be0eT0eA160eS0eFS0eFa0.out,30.0,4.0,50.0,17.0,319.5,0.46431783,31.378328,60.942047,48.534134,389.66965,-38.179016,96.06776,0.2931613,17.1473,29.06212,11.9244795,47.637547,38.30161,24.603031,13.69858,13.641714,18.264063,61.51631,48.7699,159.75,103.20568,56.54432,56.54432,103.20568,632.36365,5.37893,36.727272,0.0,10.016856,31.833427,46.637547,57.687263,84.33883,183.24214,61.259945,50.612217,44.63698,62.09844,0.0
RTSIsc1.48dRnd0000000915_Ne.4Si50_Cr.0Bi-20.00-5SBi08.00-5nA160Am0.0Sm0.25mT0.001No0Al0.1Be0eT0eA160eS0eFS0eFa0.out,-20.0,8.0,50.0,17.0,319.5,0.58369404,66.79867,47.62685,33.47204,368.48013,-42.361164,88.20583,0.27878797,32.829166,18.672821,13.670265,32.480873,37.157578,24.093418,13.0641575,13.006013,17.32249,48.215397,33.79165,159.75,106.018845,53.731155,53.731155,106.018845,633.0909,5.3550663,36.878788,0.0,11.966003,31.703789,43.76411,52.335747,78.87391,187.65128,59.533665,52.16359,46.66449,68.434326,0.0
RTSIsc1.48dRnd0000000716_Ne.4Si50_Cr.0Bi-18.00-5SBi04.00-5nA160Am0.0Sm0.25mT0.001No0Al0.1Be0eT0eA160eS0eFS0eFa0.out,-18.0,4.0,50.0,17.0,319.5,0.3853371,34.326008,16.422098,8.895018,285.9438,-59.16193,67.09684,0.34656513,24.929214,17.401752,7.558665,8.598437,44.34697,28.122822,16.224148,16.157812,20.9,21.528261,13.41056,159.75,92.91288,66.83712,66.83712,92.91288,632.30304,5.4313445,36.78788,0.0,5.650805,30.241762,55.25876,74.23807,101.08163,181.94418,61.002037,45.939064,35.173676,41.77306,0.0
RTSIsc1.48dRnd0000000534_Ne.4Si50_Cr.0Bi18.00-5SBi00.00-5nA160Am0.0Sm0.25mT0.001No0Al0.1Be0eT0eA160eS0eFS0eFa0.out,18.0,0.0,50.0,17.0,319.5,0.66437554,1.2856727,19.133263,10.544389,289.43762,-58.993904,67.40949,0.32863942,9.240625,17.347206,8.205398,9.735228,42.392,26.867235,15.524763,15.456108,19.285606,22.795742,14.011521,159.75,96.74796,63.002037,63.002037,96.74796,634.0606,5.514536,37.0,0.0,6.224242,29.38338,52.33982,69.51852,98.8821,181.81804,63.1178,47.94342,38.419743,46.41354,0.0
RTSIsc1.48dRnd0000000644_Ne.4Si50_Cr.0Bi38.00-5SBi02.00-5nA160Am0.0Sm0.25mT0.001No0Al0.1Be0eT0eA160eS0eFS0eFa0.out,38.0,2.0,50.0,17.0,319.5,0.029315997,18.488916,55.76934,43.34669,378.0686,-40.550037,91.435295,0.29288074,24.797728,36.77784,11.931534,42.941193,37.905254,23.937263,13.967993,13.909043,17.753408,56.782806,44.139034,159.75,103.47386,56.276134,56.276134,103.47386,631.8182,5.530208,36.757576,0.0,8.028883,30.59337,46.898155,58.56747,84.755585,184.33163,61.337406,51.608616,44.65379,61.043278,0.0
RTSIsc1.48dRnd0000000805_Ne.4Si50_Cr.0Bi-40.00-5SBi06.00-5nA160Am0.0Sm0.25mT0.001No0Al0.1Be0eT0eA160eS0eFS0eFa0.out,-40.0,6.0,50.0,17.0,319.5,0.17299084,49.17254,9.578882,4.605881,263.47107,-58.432922,65.457794,0.3540101,44.066193,39.091053,6.029309,5.332055,44.128174,27.67391,16.454262,16.387785,21.596828,18.622738,11.139443,159.75,91.35549,68.39451,68.39451,91.35549,631.57574,5.424669,37.121212,0.0,5.406108,28.027178,55.28783,76.30275,103.904076,185.46535,61.313587,44.282337,33.163494,38.423058,0.0
RTSIsc1.48dRnd0000000023_Ne.4Si50_Cr.0Bi-04.00-5SBi-10.00-5nA160Am0.0Sm0.25mT0.001No0Al0.1Be0eT0eA160eS0eFS0eFa0.out,-4.0,-10.0,50.0,17.0,319.5,0.26235053,-80.65906,-83.89608,-73.11142,425.6996,-107.72922,22.692968,0.30268303,7.2870264,2.8605113,10.299574,72.89138,39.911884,25.787832,14.124053,14.060748,19.752035,85.22022,73.81546,159.75,100.70516,59.044838,59.044838,100.70516,632.30304,5.5837593,37.0,0.0,13.710606,36.349194,47.95322,56.69967,79.52088,183.32452,57.981014,50.725994,45.40554,60.632385,0.0
RTSIsc1.48dRnd0000000726_Ne.4Si50_Cr.0Bi02.00-5SBi04.00-5nA160Am0.0Sm0.25mT0.001No0Al0.1Be0eT0eA160eS0eFS0eFa0.out,2.0,4.0,50.0,17.0,319.5,0.3117106,32.60944,34.813995,23.3144,321.35666,-52.134235,77.431946,0.30130652,8.8790245,1.8903883,11.021638,22.56572,38.921116,24.784233,14.136885,14.076657,18.188353,36.15713,24.455229,159.75,101.89053,57.85947,57.85947,101.89053,631.2727,5.4998107,37.090908,0.0,8.185322,30.208475,47.38016,60.709423,86.78982,185.60365,60.944035,50.850285,42.847443,57.75412,0.0
RTSIsc1.48dRnd0000000026_Ne.4Si50_Cr.0Bi02.00-5SBi-10.00-5nA160Am0.0Sm0.25mT0.001No0Al0.1Be0eT0eA160eS0eFS0eFa0.out,2.0,-10.0,50.0,17.0,319.5,0.34040532,-80.782394,-78.85679,-66.106155,406.59146,-105.50907,22.586956,0.28051224,14.178125,1.6936553,12.257292,65.97315,37.090908,23.880634,13.210275,13.156108,17.937925,80.225685,66.703926,159.75,105.418274,54.331722,54.331722,105.418274,631.4545,5.477746,37.303032,0.0,13.624195,32.536884,42.079876,51.406677,78.01524,189.59404,59.226185,51.591526,45.747444,67.632484,0.0
RTSIsc1.48dRnd0000000350_Ne.4Si50_Cr.0Bi50.00-5SBi-04.00-5nA160Am0.0Sm0.25mT0.001No0Al0.1Be0eT0eA160eS0eFS0eFa0.out,50.0,-4.0,50.0,17.0,319.5,0.08793334,-32.56255,16.735493,8.826154,312.2732,-63.822224,67.920204,0.3429885,40.891384,48.799572,7.587358,8.711506,44.086365,28.002367,16.083996,16.016382,20.725805,22.140043,14.02475,159.75,93.60729,66.14271,66.14271,93.60729,631.0909,5.4929924,37.272728,0.0,5.920123,30.563116,54.698578,72.74839,98.38916,182.87444,61.027985,46.12036,36.6786,42.07017,0.0
RTSIsc1.48dRnd0000000127_Ne.4Si50_Cr.0Bi04.00-5SBi-08.00-5nA160Am0.0Sm0.25mT0.001No0Al0.1Be0eT0eA160eS0eFS0eFa0.out,4.0,-8.0,50.0,17.0,319.5,0.020007942,-64.044266,-60.22243,-47.172554,377.37653,-94.357124,37.039448,0.28142545,16.378645,3.3388731,12.567141,46.72642,36.80838,23.509043,13.299337,13.243703,17.288494,61.363045,47.660706,159.75,105.637024,54.112972,54.112972,105.637024,632.48486,5.4618845,37.303032,0.0,10.07571,31.36605,43.036552,54.832623,81.99138,186.55957,60.17931,51.91681,45.740055,66.78679,0.0
RTSIsc1.48dRnd0000000450_Ne.4Si50_Cr.0Bi50.00-5SBi-02.00-5nA160Am0.0Sm0.25mT0.001No0Al0.1Be0eT0eA160eS0eFS0eFa0.out,50.0,-2.0,50.0,17.0,319.5,0.3288942,-16.652884,32.700985,21.385601,341.7711,-56.178024,75.27011,0.30299917,37.57339,48.85194,10.843371,20.66572,39.29839,25.003124,14.295265,14.23731,18.045738,34.288506,23.02809,159.75,101.713356,58.036648,58.036648,101.713356,632.1212,5.5536933,36.727272,0.0,7.5935135,29.935274,47.748913,60.980778,87.31937,186.39801,61.56321,51.040104,43.125996,56.41605,0.0
RTSIsc1.48dRnd0000000304_Ne.4Si50_Cr.0Bi-42.00-5SBi-04.00-5nA160Am0.0Sm0.25mT0.001No0Al0.1Be0eT0eA160eS0eFS0eFa0.out,-42.0,-4.0,50.0,17.0,319.5,-0.039855637,-35.02618,-75.69921,-64.10773,423.38202,-103.26264,30.804058,0.29674357,28.818466,40.168797,11.10071,63.590103,39.067284,25.12287,13.944413,13.885275,18.671686,76.66156,64.61051,159.75,102.325806,57.424194,57.424194,102.325806,631.8788,5.4995737,36.454544,0.0,11.90303,33.89787,47.144604,56.761837,81.48324,183.38414,59.45625,50.8741,45.18556,61.788162,0.0
RTSIsc1.48dRnd0000000423_Ne.4Si50_Cr.0Bi-04.00-5SBi-02.00-5nA160Am0.0Sm0.25mT0.001No0Al0.1Be0eT0eA160eS0eFS0eFa0.out,-4.0,-2.0,50.0,17.0,319.5,0.061960332,-14.593126,-18.487324,-9.310054,289.51187,-64.60617,61.476524,0.3309949,5.6876893,3.436127,8.798959,9.286364,42.428787,26.99825,15.43054,15.365672,20.08196,22.837759,13.744702,159.75,95.90265,63.847347,63.847347,95.90265,632.9091,5.2567706,36.939392,0.0,7.0738163,30.096828,53.896732,70.96908,96.10237,181.99171,61.356014,46.97429,37.123295,47.32495,0.0
RTSIsc1.48dRnd0000000302_Ne.4Si50_Cr.0Bi-46.00-5SBi-04.00-5nA160Am0.0Sm0.25mT0.001No0Al0.1Be0eT0eA160eS0eFS0eFa0.out,-46.0,-4.0,50.0,17.0,319.5,0.36395732,-30.713514,-75.37202,-64.257225,421.5846,-103.11136,32.531136,0.3002968,33.260605,44.158096,10.6304455,64.15668,39.66449,25.343466,14.321023,14.262736,18.32372,76.83167,65.218956,159.75,101.98447,57.76553,57.76553,101.98447,631.63635,5.439299,36.78788,0.0,10.147348,32.258335,47.158806,58.679165,84.6285,182.79611,61.18693,51.99015,44.63286,58.158142,0.0
RTSIsc1.48dRnd0000000428_Ne.4Si50_Cr.0Bi06.00-5SBi-02.00-5nA160Am0.0Sm0.25mT0.001No0Al0.1Be0eT0eA160eS0eFS0eFa0.out,6.0,-2.0,50.0,17.0,319.5,0.04086038,-17.955475,-11.97958,-5.9398584,262.37564,-62.547325,60.79717,0.3514422,11.566667,5.473106,6.343703,6.383333,44.23949,27.840956,16.398533,16.328978,20.858145,19.102646,11.6388645,159.75,92.13949,67.61051,67.61051,92.13949,633.63635,5.4542613,36.727272,0.0,5.2246685,27.298105,54.498344,75.72263,104.7509,185.69858,61.925663,46.23603,33.78788,38.49356,0.0
RTSIsc1.48dRnd0000000143_Ne.4Si50_Cr.0Bi36.00-5SBi-08.00-5nA160Am0.0Sm0.25mT0.001No0Al0.1Be0eT0eA160eS0eFS0eFa0.out,36.0,-8.0,50.0,17.0,319.5,0.07014806,-63.193172,-27.95108,-15.9615965,301.7858,-70.89398,54.3263,0.29745492,46.730965,34.743843,11.521686,15.768466,38.124195,24.353031,13.771165,13.713542,18.594696,30.285873,18.463387,159.75,102.239204,57.510796,57.510796,102.239204,631.69696,5.561648,36.969696,0.0,8.602841,31.475285,48.567898,60.206722,85.24309,185.2624,60.167805,49.560795,41.796875,60.81326,0.0
RTSIsc1.48dRnd0000000142_Ne.4Si50_Cr.0Bi34.00-5SBi-08.00-5nA160Am0.0Sm0.25mT0.001No0Al0.1Be0eT0eA160eS0eFS0eFa0.out,34.0,-8.0,50.0,17.0,319.5,0.5541159,-64.33724,-30.873175,-19.846544,301.27148,-73.48242,52.109726,0.30621952,43.990295,32.964867,10.559469,20.102652,39.639866,25.452225,14.187642,14.127415,18.878645,33.64307,22.268147,159.75,100.64503,59.104973,59.104973,100.64503,632.7273,5.4168086,36.696968,0.0,8.540625,31.034895,48.645832,61.822918,88.84877,183.37685,60.823296,50.038116,42.48461,57.111362,0.0
RTSIsc1.48dRnd0000001015_Ne.4Si50_Cr.0Bi-20.00-5SBi10.00-5nA160Am0.0Sm0.25mT0.001No0Al0.1Be0eT0eA160eS0eFS0eFa0.out,-20.0,10.0,50.0,17.0,319.5,0.4879808,82.43754,63.523155,49.81799,383.908,-30.699324,99.71024,0.2770468,32.11941,18.414915,13.223674,48.89285,37.123436,23.916857,13.206581,13.149337,17.599195,64.027374,49.635685,159.75,106.15028,53.599716,53.599716,106.15028,631.4545,5.454877,37.363636,0.0,12.1853695,31.304071,42.582718,50.357006,77.38225,187.99825,58.602936,52.330967,47.96056,70.75043,0.0
RTSIsc1.48dRnd0000000029_Ne.4Si50_Cr.0Bi08.00-5SBi-10.00-5nA160Am0.0Sm0.25mT0.001No0Al0.1Be0eT0eA160eS0eFS0eFa0.out,8.0,-10.0,50.0,17.0,319.5,0.12017225,-80.65853,-73.247635,-59.90198,400.20947,-102.80305,26.087593,0.27499625,20.257433,6.9124527,12.8633995,59.55166,36.479214,23.55464,12.924574,12.866477,17.23518,74.43238,60.400703,159.75,106.69773,53.052273,53.052273,106.69773,631.1515,5.507055,37.333332,0.0,11.102225,31.909138,43.047585,52.300854,78.724525,187.28395,59.437782,51.11894,46.737972,69.48854,0.0
RTSIsc1.48dRnd0000000530_Ne.4Si50_Cr.0Bi10.00-5SBi00.00-5nA160Am0.0Sm0.25mT0.001No0Al0.1Be0eT0eA160eS0eFS0eFa0.out,10.0,0.0,50.0,17.0,319.5,0.6404624,1.77987,11.414567,6.2878003,266.43,-60.900936,65.306175,0.3543257,5.893182,9.13428,6.2083807,6.5241003,44.13575,27.654024,16.481724,16.414251,21.803503,19.062513,11.788826,159.75,91.13987,68.61013,68.61013,91.13987,630.9697,5.4775095,37.030304,0.0,6.01018,29.231012,55.01496,75.41951,101.35128,186.72704,60.67552,44.597584,33.61373,38.328884,0.0
RTSIsc1.48dRnd0000000248_Ne.4Si50_Cr.0Bi46.00-5SBi-06.00-5nA160Am0.0Sm0.25mT0.001No0Al0.1Be0eT0eA160eS0eFS0eFa0.out,46.0,-6.0,50.0,17.0,319.5,-0.13739437,-49.784718,-4.5738015,-1.8732635,268.41095,-64.25293,62.924835,0.35752514,47.41023,44.71018,5.5646305,4.4105115,44.20407,27.570833,16.633238,16.566051,21.67964,17.635315,10.597878,159.75,90.718605,69.031395,69.031395,90.718605,630.36365,5.5152936,37.424244,0.0,5.027415,28.135323,55.601894,77.9554,104.38845,185.01828,60.91861,44.224716,32.671734,36.42183,0.0
RTSIsc1.48dRnd0000000132_Ne.4Si50_Cr.0Bi14.00-5SBi-08.00-5nA160Am0.0Sm0.25mT0.001No0Al0.1Be0eT0eA160eS0eFS0eFa0.out,14.0,-8.0,50.0,17.0,319.5,0.048094973,-67.38753,-53.890015,-40.694534,363.77377,-90.550125,40.486458,0.28313932,26.19536,12.996828,12.709706,40.27287,37.66913,24.40412,13.26501,13.207481,17.49091,55.058117,41.23,159.75,105.237595,54.512405,54.512405,105.237595,631.69696,5.7193656,36.78788,0.0,10.415862,31.400757,43.86037,54.702225,80.869225,185.9929,60.34432,52.438496,45.608334,66.06449,0.0
RTSIsc1.48dRnd0000000634_Ne.4Si50_Cr.0Bi18.00-5SBi02.00-5nA160Am0.0Sm0.25mT0.001No0Al0.1Be0eT0eA160eS0eFS0eFa0.out,18.0,2.0,50.0,17.0,319.5,0.051008068,16.305449,33.953556,22.71217,339.78986,-53.184887,76.94105,0.31005454,7.82268,17.145454,10.791572,22.359612,40.16804,25.644934,14.523106,14.465341,19.128078,35.70516,24.520233,159.75,99.93471,59.815292,59.815292,99.93471,632.42426,5.2946024,36.878788,0.0,8.430824,31.822775,49.5875,62.663685,88.14919,184.26941,61.009377,49.71359,41.91198,54.86591,0.0
RTSIsc1.48dRnd0000000209_Ne.4Si50_Cr.0Bi-32.00-5SBi-06.00-5nA160Am0.0Sm0.25mT0.001No0Al0.1Be0eT0eA160eS0eFS0eFa0.out,-32.0,-6.0,50.0,17.0,319.5,0.58759916,-51.4735,-81.54154,-70.812645,421.80072,-106.40818,26.792145,0.3056822,19.349195,29.568277,10.244271,70.92149,40.011032,25.704355,14.306676,14.24607,19.349573,83.16241,71.81835,159.75,100.50137,59.248627,59.248627,100.50137,632.42426,5.7126894,36.545456,0.0,11.842471,34.453125,48.658096,58.585415,84.900856,183.69,58.68106,49.796352,43.903835,57.91302,0.0
RTSIsc1.48dRnd0000000347_Ne.4Si50_Cr.0Bi44.00-5SBi-04.00-5nA160Am0.0Sm0.25mT0.001No0Al0.1Be0eT0eA160eS0eFS0eFa0.out,44.0,-4.0,50.0,17.0,319.5,0.09793445,-29.016294,14.337919,7.6932,296.7985,-62.977825,66.28333,0.34362942,36.217045,42.852604,6.960559,7.9672346,43.697063,27.602415,16.09465,16.027178,20.79195,21.058264,13.29984,159.75,93.48655,66.26345,66.26345,93.48655,631.9394,5.3942237,36.81818,0.0,5.871354,28.918512,54.273342,72.20052,100.83778,184.29115,61.681297,47.10265,35.566,41.19678,0.0
RTSIsc1.48dRnd0000001020_Ne.4Si50_Cr.0Bi-10.00-5SBi10.00-5nA160Am0.0Sm0.25mT0.001No0Al0.1Be0eT0eA160eS0eFS0eFa0.out,-10.0,10.0,50.0,17.0,319.5,0.4367551,81.146965,71.89187,58.876274,388.63324,-26.561344,104.70946,0.2824508,21.774101,8.754167,12.530351,57.957195,36.993088,23.801088,13.1919985,13.136885,18.230824,72.48466,58.78568,159.75,104.91743,54.832577,54.832577,104.91743,631.63635,5.4168563,37.21212,0.0,12.901941,32.78215,44.5205,51.953457,77.74455,188.52898,58.541195,50.801373,46.313587,67.54863,0.0
RTSIsc1.48dRnd0000000533_Ne.4Si50_Cr.0Bi16.00-5SBi00.00-5nA160Am0.0Sm0.25mT0.001No0Al0.1Be0eT0eA160eS0eFS0eFa0.out,16.0,0.0,50.0,17.0,319.5,0.1352318,0.47514695,16.169355,9.016189,276.7311,-59.198303,65.492325,0.34312913,8.637453,15.194697,7.178172,8.929877,43.602226,27.484707,16.11752,16.04929,20.842188,21.275705,13.410843,159.75,93.51297,66.23703,66.23703,93.51297,632.6061,5.4397254,36.939392,0.0,7.289536,30.252178,54.48253,72.41108,99.821686,182.55408,60.866573,46.467094,36.260273,42.201042,0.0
RTSIsc1.48dRnd0000000149_Ne.4Si50_Cr.0Bi48.00-5SBi-08.00-5nA160Am0.0Sm0.25mT0.001No0Al0.1Be0eT0eA160eS0eFS0eFa0.out,48.0,-8.0,50.0,17.0,319.5,0.039809138,-65.188156,-18.121803,-8.260376,302.46036,-67.65118,59.460457,0.324941,56.425426,46.566193,9.647869,8.408428,41.589725,26.544601,15.045123,14.984565,19.877699,23.241417,13.345078,159.75,97.050476,62.699528,62.699528,97.050476,631.2727,5.66714,37.060608,0.0,7.2991953,29.879593,52.054405,68.21364,93.01591,184.69522,60.357433,47.147396,37.97789,50.632053,0.0
RTSIsc1.48dRnd0000000139_Ne.4Si50_Cr.0Bi28.00-5SBi-08.00-5nA160Am0.0Sm0.25mT0.001No0Al0.1Be0eT0eA160eS0eFS0eFa0.out,28.0,-8.0,50.0,17.0,319.5,0.43616956,-62.333652,-34.86347,-22.612162,339.09048,-77.14661,51.494514,0.29926765,39.21965,26.97107,11.767898,22.726374,39.00985,24.94536,14.064488,14.003694,18.852036,36.944622,24.597912,159.75,101.78528,57.964725,57.964725,101.78528,629.8182,5.5907197,36.78788,0.0,10.9330015,32.808853,47.524197,57.5848,82.767044,184.36473,59.31321,50.658382,43.816715,60.047253,0.0
RTSIsc1.48dRnd0000000900_Ne.4Si50_Cr.0Bi-50.00-5SBi08.00-5nA160Am0.0Sm0.25mT0.001No0Al0.1Be0eT0eA160eS0eFS0eFa0.out,-50.0,8.0,50.0,17.0,319.5,0.45979643,68.04773,19.511719,9.532333,294.29785,-56.33284,70.2405,0.32073367,58.012833,48.033665,9.700663,9.060322,41.294838,26.337547,14.957292,14.892187,19.397017,24.228912,13.62894,159.75,97.96941,61.780586,61.780586,97.96941,633.63635,5.4473486,37.60606,0.0,7.5243373,29.700567,50.90682,67.73125,94.94749,184.59456,60.819366,47.34124,38.359566,51.711174,0.0
RTSIsc1.48dRnd0000000622_Ne.4Si50_Cr.0Bi-06.00-5SBi02.00-5nA160Am0.0Sm0.25mT0.001No0Al0.1Be0eT0eA160eS0eFS0eFa0.out,-6.0,2.0,50.0,17.0,319.5,0.10419342,15.083194,9.286193,4.1168942,267.3983,-60.794254,64.449234,0.36009428,10.686363,5.2955494,6.0177555,4.9221115,45.022205,28.155966,16.866241,16.7991,21.642899,17.867981,10.875412,159.75,90.30114,69.44886,69.44886,90.30114,632.1212,5.840341,37.21212,0.0,4.9609847,28.019413,56.403645,78.39143,105.56785,184.9679,61.383476,44.28783,32.65317,35.48551,0.0
RTSIsc1.48dRnd0000000422_Ne.4Si50_Cr.0Bi-06.00-5SBi-02.00-5nA160Am0.0Sm0.25mT0.001No0Al0.1Be0eT0eA160eS0eFS0eFa0.out,-6.0,-2.0,50.0,17.0,319.5,0.58991396,-15.651413,-21.429028,-11.744279,321.55972,-68.22777,62.21178,0.32949972,4.730303,5.2790246,9.242093,12.118419,41.906677,26.671118,15.2355585,15.171685,20.898249,25.658695,16.32233,159.75,95.69697,64.05303,64.05303,95.69697,631.0909,5.379498,37.424244,0.0,8.422065,32.719364,52.982433,67.03044,92.64067,184.01833,59.479828,46.693512,38.176327,48.927937,0.0
RTSIsc1.48dRnd0000000146_Ne.4Si50_Cr.0Bi42.00-5SBi-08.00-5nA160Am0.0Sm0.25mT0.001No0Al0.1Be0eT0eA160eS0eFS0eFa0.out,42.0,-8.0,50.0,17.0,319.5,0.48253253,-62.484825,-21.34567,-11.255561,297.8731,-68.422,57.694542,0.31985226,50.729828,40.641476,9.665246,11.6593275,40.505444,25.812737,14.692708,14.630256,20.131107,25.368029,15.247945,159.75,97.70033,62.049667,62.049667,97.70033,632.1212,5.3260417,36.60606,0.0,8.5073395,30.915672,50.645264,64.25706,90.18537,187.71562,59.547253,47.73139,39.941902,52.674335,0.0
RTSIsc1.48dRnd0000000003_Ne.4Si50_Cr.0Bi-44.00-5SBi-10.00-5nA160Am0.0Sm0.25mT0.001No0Al0.1Be0eT0eA160eS0eFS0eFa0.out,-44.0,-10.0,50.0,17.0,319.5,0.3215831,-79.68109,-105.769226,-103.72503,388.8549,-109.828125,29.492289,0.5079676,23.800758,25.585701,1.9489583,103.549194,44.78054,23.195171,21.58537,21.524101,71.87519,107.06606,104.575165,159.75,36.62751,123.12249,123.12249,36.62751,631.69696,5.621449,36.545456,0.0,180.5491,117.979546,79.406105,56.828693,55.15871,89.845215,18.162926,13.585653,10.739631,9.441382,0.0
RTSIsc1.48dRnd0000000637_Ne.4Si50_Cr.0Bi24.00-5SBi02.00-5nA160Am0.0Sm0.25mT0.001No0Al0.1Be0eT0eA160eS0eFS0eFa0.out,24.0,2.0,50.0,17.0,319.5,0.089350246,16.97856,40.642334,29.054615,342.78854,-49.44515,81.59239,0.30116966,12.124527,23.162737,11.111932,28.534185,39.67732,25.423296,14.2540245,14.194744,18.067993,41.905983,30.075027,159.75,101.99517,57.75483,57.75483,101.99517,630.9091,5.5225377,36.484848,0.0,7.9643464,30.915293,48.339016,61.380775,87.805016,181.11757,60.95199,51.117092,43.466618,57.85137,0.0
RTSIsc1.48dRnd0000001009_Ne.4Si50_Cr.0Bi-32.00-5SBi10.00-5nA160Am0.0Sm0.25mT0.001No0Al0.1Be0eT0eA160eS0eFS0eFa0.out,-32.0,10.0,50.0,17.0,319.5,0.4115432,80.94898,50.163624,37.01103,366.76065,-40.774494,90.42316,0.290268,43.438023,30.286695,12.671923,36.144222,38.390816,24.935226,13.455587,13.399432,18.942755,50.826687,37.201607,159.75,103.24365,56.506344,56.506344,103.24365,632.7273,5.4092803,37.18182,0.0,13.329971,35.534515,45.799244,54.53717,79.1438,184.65866,57.91269,50.985703,45.396828,65.428696,0.0
RTSIsc1.48dRnd0000000430_Ne.4Si50_Cr.0Bi10.00-5SBi-02.00-5nA160Am0.0Sm0.25mT0.001No0Al0.1Be0eT0eA160eS0eFS0eFa0.out,10.0,-2.0,50.0,17.0,319.5,0.62285495,-12.443685,-2.8665402,-0.98439157,260.83624,-62.741463,64.47539,0.3744363,11.061837,9.076231,4.266667,3.8369317,46.453693,28.90502,17.548674,17.477509,22.644413,16.232393,10.284693,159.75,87.34569,72.40431,72.40431,87.34569,631.2121,5.4923296,37.363636,0.0,4.422538,27.287737,58.73537,82.10303,109.76875,185.20947,60.83968,42.2679,30.096638,30.481012,0.0
RTSIsc1.48dRnd0000000017_Ne.4Si50_Cr.0Bi-16.00-5SBi-10.00-5nA160Am0.0Sm0.25mT0.001No0Al0.1Be0eT0eA160eS0eFS0eFa0.out,-16.0,-10.0,50.0,17.0,319.5,0.5888547,-77.73121,-90.87881,-80.95976,434.40262,-108.929276,21.280201,0.31524172,5.5177083,12.648485,9.451183,81.0482,40.823814,25.954166,14.86965,14.807765,20.700994,92.51718,81.83103,159.75,98.153786,61.59621,61.59621,98.153786,633.4545,5.4702654,36.939392,0.0,16.48447,40.130634,50.61941,58.94664,83.811554,177.62381,57.114914,48.717804,43.279545,56.725758,0.0
RTSIsc1.48dRnd0000001021_Ne.4Si50_Cr.0Bi-08.00-5SBi10.00-5nA160Am0.0Sm0.25mT0.001No0Al0.1Be0eT0eA160eS0eFS0eFa0.out,-8.0,10.0,50.0,17.0,319.5,0.65788424,81.63954,74.1645,60.764904,399.42,-24.142473,105.64769,0.2782712,20.37571,6.975237,12.910464,59.63319,37.286743,24.06141,13.225331,13.171022,17.644033,74.48232,60.485638,159.75,105.976326,53.773674,53.773674,105.976326,633.4545,5.590862,36.727272,0.0,10.755634,30.889252,43.717094,53.68447,79.92685,186.96202,60.71572,51.86695,46.53878,68.39777,0.0
RTSIsc1.48dRnd0000000412_Ne.4Si50_Cr.0Bi-26.00-5SBi-02.00-5nA160Am0.0Sm0.25mT0.001No0Al0.1Be0eT0eA160eS0eFS0eFa0.out,-26.0,-2.0,50.0,17.0,319.5,0.1982035,-14.067867,-39.686768,-27.820415,350.03162,-79.09931,53.856663,0.2977619,13.733049,25.117897,11.3991,27.665577,38.765766,24.831345,13.9344225,13.874195,17.898296,41.547035,29.571493,159.75,102.63565,57.114346,57.114346,102.63565,630.8485,5.439678,37.18182,0.0,8.442093,30.510796,47.620502,60.285843,87.8965,183.20038,60.219933,50.050377,43.5321,59.089962,0.0
RTSIsc1.48dRnd0000000924_Ne.4Si50_Cr.0Bi-02.00-5SBi08.00-5nA160Am0.0Sm0.25mT0.001No0Al0.1Be0eT0eA160eS0eFS0eFa0.out,-2.0,8.0,50.0,17.0,319.5,0.31802753,62.830532,60.83459,48.3371,357.4795,-34.68063,96.470055,0.28585622,14.004072,1.685464,12.006676,47.555115,37.89465,24.455256,13.439394,13.37822,18.320408,61.53782,48.47805,159.75,104.267426,55.482574,55.482574,104.267426,632.36365,5.523248,36.727272,0.0,11.80554,32.87931,45.476467,54.46695,78.833046,186.42026,59.40128,51.14143,45.85431,66.08504,0.0
RTSIsc1.48dRnd0000000220_Ne.4Si50_Cr.0Bi-10.00-5SBi-06.00-5nA160Am0.0Sm0.25mT0.001No0Al0.1Be0eT0eA160eS0eFS0eFa0.out,-10.0,-6.0,50.0,17.0,319.5,0.48111093,-49.27486,-59.33554,-47.440292,384.11014,-94.29333,38.486523,0.29303703,4.253409,9.563495,11.403078,47.45303,38.719746,25.004498,13.715246,13.655966,17.92429,60.904945,48.483948,159.75,103.36974,56.380257,56.380257,103.36974,633.69696,5.407907,36.969696,0.0,10.0646305,32.164867,46.287407,56.654922,82.17173,187.07515,60.449383,51.51927,45.70246,61.60715,0.0
RTSIsc1.48dRnd0000000808_Ne.4Si50_Cr.0Bi-34.00-5SBi06.00-5nA160Am0.0Sm0.25mT0.001No0Al0.1Be0eT0eA160eS0eFS0eFa0.out,-34.0,6.0,50.0,17.0,319.5,0.38005218,45.830772,12.23343,5.619249,272.5779,-58.629738,66.14869,0.34135297,39.711315,33.097206,7.4178977,6.5529356,42.56572,26.742046,15.823674,15.757765,20.721024,20.101706,11.822247,159.75,93.87462,65.87538,65.87538,93.87462,630.7879,5.583286,36.848484,0.0,5.708854,28.746307,53.879166,73.36723,99.72244,184.66643,60.98073,45.88196,34.890293,42.94446,0.0
RTSIsc1.48dRnd0000001038_Ne.4Si50_Cr.0Bi26.00-5SBi10.00-5nA160Am0.0Sm0.25mT0.001No0Al0.1Be0eT0eA160eS0eFS0eFa0.out,26.0,10.0,50.0,17.0,319.5,0.38933897,79.405594,100.423325,91.18549,466.1617,-15.858363,114.558365,0.33471647,12.7256155,20.513968,8.788258,90.32684,41.1545,25.476374,15.678125,15.612406,24.041998,100.94539,91.1678,159.75,92.94053,66.80947,66.80947,92.94053,631.51514,5.5905304,36.636364,0.0,20.96998,45.75426,56.20057,61.943512,84.463776,171.47803,53.284565,45.622303,40.747444,51.05071,0.0
RTSIsc1.48dRnd0000000212_Ne.4Si50_Cr.0Bi-26.00-5SBi-06.00-5nA160Am0.0Sm0.25mT0.001No0Al0.1Be0eT0eA160eS0eFS0eFa0.out,-26.0,-6.0,50.0,17.0,319.5,0.13586931,-48.68323,-73.779785,-61.62638,412.5438,-102.61673,31.117516,0.29191905,13.541572,24.598627,11.662784,61.30483,38.655872,24.75947,13.896401,13.839109,17.81714,74.98335,62.26291,159.75,103.63215,56.11785,56.11785,103.63215,633.51514,5.4994316,37.333332,0.0,8.988684,31.660086,46.371876,57.23504,84.46908,185.14655,60.99077,51.983997,45.065056,61.604023,0.0
RTSIsc1.48dRnd0000000012_Ne.4Si50_Cr.0Bi-26.00-5SBi-10.00-5nA160Am0.0Sm0.25mT0.001No0Al0.1Be0eT0eA160eS0eFS0eFa0.out,-26.0,-10.0,50.0,17.0,319.5,0.6071068,-79.1779,-98.13167,-91.013245,438.8745,-109.650955,22.837868,0.37918985,12.250142,18.456818,6.7469697,91.14119,44.34981,26.681818,17.667992,17.600899,32.48139,99.799095,91.92685,159.75,80.73386,79.01614,79.01614,80.73386,630.5455,5.5832386,37.060608,0.0,42.616146,64.244415,66.346405,65.44806,80.622826,153.94777,46.502888,38.618134,33.48603,38.712784,0.0
RTSIsc1.48dRnd0000000914_Ne.4Si50_Cr.0Bi-22.00-5SBi08.00-5nA160Am0.0Sm0.25mT0.001No0Al0.1Be0eT0eA160eS0eFS0eFa0.out,-22.0,8.0,50.0,17.0,319.5,0.044512123,66.59627,45.006954,32.203663,344.63193,-42.635757,85.50731,0.29030433,33.890907,21.088541,12.3520355,31.768276,38.424335,24.741287,13.683049,13.621733,18.159895,46.44932,33.174942,159.75,103.64782,56.102177,56.102177,103.64782,630.7879,5.4618373,37.21212,0.0,10.0494795,31.994934,46.40227,57.15464,82.704544,184.56036,58.790627,50.64451,44.536507,63.95,0.0
RTSIsc1.48dRnd0000001013_Ne.4Si50_Cr.0Bi-24.00-5SBi10.00-5nA160Am0.0Sm0.25mT0.001No0Al0.1Be0eT0eA160eS0eFS0eFa0.out,-24.0,10.0,50.0,17.0,319.5,0.34822157,81.04195,58.04907,43.36802,356.20892,-33.284653,93.98653,0.26701945,37.174244,22.490767,14.189204,42.56714,35.429356,22.984043,12.4453125,12.390152,16.78859,58.747906,43.458134,159.75,108.24389,51.506107,51.506107,108.24389,633.1515,5.4241476,36.757576,0.0,11.994697,31.46127,42.657578,50.640484,76.155685,190.4393,58.5732,51.004925,46.26927,73.95512,0.0
RTSIsc1.48dRnd0000000722_Ne.4Si50_Cr.0Bi-06.00-5SBi04.00-5nA160Am0.0Sm0.25mT0.001No0Al0.1Be0eT0eA160eS0eFS0eFa0.out,-6.0,4.0,50.0,17.0,319.5,0.27884665,32.816193,26.787378,16.69639,307.29797,-55.048973,72.68041,0.31825963,15.62893,5.5297346,9.721543,16.122206,40.711365,25.995455,14.715909,14.65625,19.729734,29.549505,19.227892,159.75,98.24848,61.501514,61.501514,98.24848,631.3333,5.576278,36.515152,0.0,8.170549,31.578505,50.772774,63.74432,90.769936,184.63036,60.155777,49.070835,40.63575,51.804546,0.0
RTSIsc1.48dRnd0000000322_Ne.4Si50_Cr.0Bi-06.00-5SBi-04.00-5nA160Am0.0Sm0.25mT0.001No0Al0.1Be0eT0eA160eS0eFS0eFa0.out,-6.0,-4.0,50.0,17.0,319.5,0.23131287,-32.991238,-38.847084,-27.473455,368.18863,-79.779015,54.67865,0.3075809,5.756297,5.358428,10.899574,27.298248,40.131157,25.745691,14.385464,14.323011,19.336931,40.609676,29.290857,159.75,100.17391,59.576088,59.576088,100.17391,632.5455,5.4849434,37.030304,0.0,10.089394,33.041336,48.863686,60.262737,86.18542,184.23462,59.791336,50.180256,43.448723,56.447964,0.0
RTSIsc1.48dRnd0000000342_Ne.4Si50_Cr.0Bi34.00-5SBi-04.00-5nA160Am0.0Sm0.25mT0.001No0Al0.1Be0eT0eA160eS0eFS0eFa0.out,34.0,-4.0,50.0,17.0,319.5,0.28993878,-30.153069,3.336027,1.999133,265.56567,-62.968163,63.59306,0.36691424,31.651468,32.990105,5.1082387,5.006629,46.14768,28.833239,17.314442,17.243938,22.398958,17.409313,10.982921,159.75,88.72888,71.02112,71.02112,88.72888,631.2727,5.4397726,36.636364,0.0,5.2431345,29.31288,58.066097,79.515625,107.36989,181.9515,61.04176,43.42822,32.10625,33.23736,0.0
RTSIsc1.48dRnd0000001019_Ne.4Si50_Cr.0Bi-12.00-5SBi10.00-5nA160Am0.0Sm0.25mT0.001No0Al0.1Be0eT0eA160eS0eFS0eFa0.out,-12.0,10.0,50.0,17.0,319.5,0.15193515,82.06214,70.916336,57.434868,392.47726,-26.752848,104.05887,0.2775969,24.126657,10.645502,12.993277,56.798817,37.092567,24.125616,12.96695,12.913068,17.406298,71.72434,57.453663,159.75,106.22069,53.52931,53.52931,106.22069,631.51514,5.491619,37.060608,0.0,11.914773,31.136175,43.214394,51.53139,77.511505,187.26506,59.31515,52.631817,47.833332,69.16155,0.0
RTSIsc1.48dRnd0000000528_Ne.4Si50_Cr.0Bi06.00-5SBi00.00-5nA160Am0.0Sm0.25mT0.001No0Al0.1Be0eT0eA160eS0eFS0eFa0.out,6.0,0.0,50.0,17.0,319.5,0.42124233,2.6156518,8.49986,4.882951,267.1877,-61.298203,65.79047,0.36259595,5.1623106,5.383286,5.112169,5.6033616,45.443512,28.432245,17.011269,16.941713,22.439014,18.426147,11.60863,159.75,89.41018,70.33982,70.33982,89.41018,631.3939,5.386174,37.272728,0.0,5.5979166,30.14588,57.174526,77.679306,104.36084,184.86444,60.353836,43.88002,32.030067,35.307102,0.0
RTSIsc1.48dRnd0000000018_Ne.4Si50_Cr.0Bi-14.00-5SBi-10.00-5nA160Am0.0Sm0.25mT0.001No0Al0.1Be0eT0eA160eS0eFS0eFa0.out,-14.0,-10.0,50.0,17.0,319.5,0.35483935,-80.15568,-91.433975,-80.51136,422.35812,-109.000656,17.891973,0.2997929,4.9879737,10.779971,10.450805,80.3794,39.400757,24.972443,14.428314,14.370455,19.57088,92.83262,80.950806,159.75,101.38423,58.36577,58.36577,101.38423,632.1212,5.598106,37.030304,0.0,14.221685,35.576183,47.072536,56.239964,81.383194,182.20724,58.385654,50.40038,45.582054,61.05232,0.0
RTSIsc1.48dRnd0000000838_Ne.4Si50_Cr.0Bi26.00-5SBi06.00-5nA160Am0.0Sm0.25mT0.001No0Al0.1Be0eT0eA160eS0eFS0eFa0.out,26.0,6.0,50.0,17.0,319.5,0.3820018,50.387196,75.60479,63.03581,438.41632,-27.716366,105.6336,0.2910531,13.377699,24.716904,12.082434,62.202225,38.069553,24.410463,13.659091,13.598437,18.256771,76.24712,63.341846,159.75,103.48953,56.260464,56.260464,103.48953,630.8485,5.599053,37.121212,0.0,11.471922,32.977936,45.992424,56.414677,80.987404,185.12187,58.6518,50.661552,44.741478,63.827415,0.0
RTSIsc1.48dRnd0000000318_Ne.4Si50_Cr.0Bi-14.00-5SBi-04.00-5nA160Am0.0Sm0.25mT0.001No0Al0.1Be0eT0eA160eS0eFS0eFa0.out,-14.0,-4.0,50.0,17.0,319.5,0.48350212,-29.70359,-43.47397,-32.44584,358.58173,-82.82813,50.96073,0.3068998,4.9855585,13.272348,10.54588,32.519745,40.399147,25.936079,14.463068,14.4017515,19.319792,45.27227,34.038494,159.75,100.2741,59.4759,59.4759,100.2741,631.51514,5.507386,36.60606,0.0,10.373959,33.269936,48.567993,59.159943,84.253365,184.08206,61.198627,50.893276,43.61283,56.103172,0.0
RTSIsc1.48dRnd0000000245_Ne.4Si50_Cr.0Bi40.00-5SBi-06.00-5nA160Am0.0Sm0.25mT0.001No0Al0.1Be0eT0eA160eS0eFS0eFa0.out,40.0,-6.0,50.0,17.0,319.5,0.13385327,-47.479122,-8.135732,-3.4409237,267.56927,-63.63222,61.80044,0.35659498,43.53783,38.842186,5.830966,4.944555,44.66624,28.023058,16.643183,16.57372,21.444744,18.288025,11.00835,159.75,90.98371,68.76629,68.76629,90.98371,632.0606,5.378125,36.939392,0.0,4.9203596,28.001373,55.652367,77.30251,105.742516,184.85634,61.881725,44.18603,32.620785,36.89659,0.0
RTSIsc1.48dRnd0000001036_Ne.4Si50_Cr.0Bi22.00-5SBi10.00-5nA160Am0.0Sm0.25mT0.001No0Al0.1Be0eT0eA160eS0eFS0eFa0.out,22.0,10.0,50.0,17.0,319.5,0.037087806,78.83894,97.216805,86.88157,464.41342,-13.502281,113.92243,0.3097357,9.317377,17.880966,9.872301,86.36553,39.903503,25.133238,14.770266,14.704735,19.8125,98.12726,87.40376,159.75,99.50521,60.244793,60.244793,99.50521,631.8788,5.4849906,36.696968,0.0,13.155729,37.536694,50.644413,60.02287,84.075615,178.44556,57.195267,49.310936,43.68674,57.80497,0.0
RTSIsc1.48dRnd0000001037_Ne.4Si50_Cr.0Bi24.00-5SBi10.00-5nA160Am0.0Sm0.25mT0.001No0Al0.1Be0eT0eA160eS0eFS0eFa0.out,24.0,10.0,50.0,17.0,319.5,0.42312703,81.913086,100.49181,92.31311,468.40103,-19.210886,114.47977,0.3524667,10.739678,18.077368,7.7394886,91.39413,43.751328,27.213305,16.538021,16.4732,25.557766,101.06956,92.17456,159.75,89.231155,70.518845,70.518845,89.231155,631.69696,5.462311,37.151516,0.0,22.808664,51.70748,62.50265,66.0481,85.01075,164.09213,51.370075,43.463684,38.636223,46.057198,0.0
RTSIsc1.48dRnd0000000119_Ne.4Si50_Cr.0Bi-12.00-5SBi-08.00-5nA160Am0.0Sm0.25mT0.001No0Al0.1Be0eT0eA160eS0eFS0eFa0.out,-12.0,-8.0,50.0,17.0,319.5,0.34167764,-62.438118,-73.92031,-62.35438,413.08417,-103.54743,30.168829,0.29996842,4.3057294,10.988211,11.076231,62.219746,40.510654,26.445976,14.064678,14.002651,19.281298,75.30139,63.212288,159.75,101.41421,58.335796,58.335796,101.41421,632.24243,5.492756,36.454544,0.0,14.392045,35.933285,48.098248,56.18196,81.13826,180.73343,58.526848,50.623768,45.4607,61.15388,0.0
RTSIsc1.48dRnd0000001041_Ne.4Si50_Cr.0Bi32.00-5SBi10.00-5nA160Am0.0Sm0.25mT0.001No0Al0.1Be0eT0eA160eS0eFS0eFa0.out,32.0,10.0,50.0,17.0,319.5,0.6420375,81.95613,105.021805,98.34047,475.77704,-20.721128,114.72893,0.39510393,16.567566,22.567472,6.338589,97.21766,45.232765,26.749147,18.483618,18.416052,35.046448,105.36168,98.11698,159.75,76.572205,83.177795,83.177795,76.572205,631.8182,5.469697,36.878788,0.0,48.865955,75.226654,74.16653,69.666664,81.034325,139.53546,42.048958,34.955917,30.782955,35.53475,0.0
RTSIsc1.48dRnd0000000335_Ne.4Si50_Cr.0Bi20.00-5SBi-04.00-5nA160Am0.0Sm0.25mT0.001No0Al0.1Be0eT0eA160eS0eFS0eFa0.out,20.0,-4.0,50.0,17.0,319.5,0.28349692,-32.830288,-13.10187,-6.529169,277.3791,-64.437675,62.772297,0.34364304,25.81875,19.228031,7.127462,7.753125,44.012264,27.84768,16.164583,16.099432,20.769886,20.64869,12.570561,159.75,93.471115,66.278885,66.278885,93.471115,633.0909,5.6288824,37.151516,0.0,6.1448865,30.084328,54.556675,72.84545,98.86506,185.46245,61.375095,45.90535,35.272964,42.578648,0.0
RTSIsc1.48dRnd0000000039_Ne.4Si50_Cr.0Bi28.00-5SBi-10.00-5nA160Am0.0Sm0.25mT0.001No0Al0.1Be0eT0eA160eS0eFS0eFa0.out,28.0,-10.0,50.0,17.0,319.5,0.7265544,-78.298386,-52.02815,-37.692825,366.13483,-89.45278,38.744442,0.27214342,40.108334,25.77055,13.844839,38.039585,36.175945,23.36463,12.8113165,12.7559185,17.191288,53.84414,39.103794,159.75,107.18551,52.564487,52.564487,107.18551,630.7879,5.3860793,36.575756,0.0,11.9491005,30.944649,42.55,51.120502,76.28125,187.80734,59.239204,52.310463,47.0214,71.563965,0.0
RTSIsc1.48dRnd0000000706_Ne.4Si50_Cr.0Bi-38.00-5SBi04.00-5nA160Am0.0Sm0.25mT0.001No0Al0.1Be0eT0eA160eS0eFS0eFa0.out,-38.0,4.0,50.0,17.0,319.5,0.43609926,31.117598,-6.264912,-3.3879757,278.96283,-62.115772,64.41339,0.35768312,34.006676,36.879356,5.997017,5.635464,45.076797,28.449858,16.626942,16.55677,21.794933,18.754068,11.67338,159.75,90.556206,69.193794,69.193794,90.556206,633.0303,5.492661,36.81818,0.0,6.3499527,29.304403,56.156204,77.15616,104.325424,184.51027,60.247303,44.38016,33.337593,37.262833,0.0
RTSIsc1.48dRnd0000000623_Ne.4Si50_Cr.0Bi-04.00-5SBi02.00-5nA160Am0.0Sm0.25mT0.001No0Al0.1Be0eT0eA160eS0eFS0eFa0.out,-4.0,2.0,50.0,17.0,319.5,0.49529085,15.11357,11.103284,5.2127733,264.85883,-61.65129,63.879578,0.35168755,9.574337,3.5233428,6.454924,5.4886837,44.811268,28.481487,16.329782,16.259327,21.065483,18.868328,11.23663,159.75,91.98319,67.76681,67.76681,91.98319,632.30304,5.4017043,37.454544,0.0,5.6825757,29.50052,55.99214,76.51434,104.71553,180.85028,61.351562,44.570454,33.58248,39.543133,0.0
RTSIsc1.48dRnd0000000812_Ne.4Si50_Cr.0Bi-26.00-5SBi06.00-5nA160Am0.0Sm0.25mT0.001No0Al0.1Be0eT0eA160eS0eFS0eFa0.out,-26.0,6.0,50.0,17.0,319.5,0.25996768,48.457767,22.812431,12.303468,285.99942,-55.746784,69.345505,0.31360632,35.6554,25.145454,10.034185,11.796733,40.53461,25.8893,14.645312,14.580918,19.222963,25.867405,15.345229,159.75,99.23215,60.51785,60.51785,99.23215,632.0606,5.4012313,37.121212,0.0,8.301941,30.731817,49.798626,64.50189,90.49001,185.66771,60.76174,47.902508,39.486317,54.41804,0.0
RTSIsc1.48dRnd0000000620_Ne.4Si50_Cr.0Bi-10.00-5SBi02.00-5nA160Am0.0Sm0.25mT0.001No0Al0.1Be0eT0eA160eS0eFS0eFa0.out,-10.0,2.0,50.0,17.0,319.5,0.08562805,14.810451,4.952251,1.9675691,256.67242,-62.2667,64.34459,0.37430936,12.369224,9.359043,4.392661,3.6090436,47.044083,29.39981,17.64427,17.570976,22.911268,16.307728,10.114885,159.75,87.226135,72.523865,72.523865,87.226135,630.6667,5.515767,36.757576,0.0,5.217803,29.195454,57.944744,82.03821,109.4491,181.83182,61.641666,42.455444,29.760843,31.131582,0.0
RTSIsc1.48dRnd0000000815_Ne.4Si50_Cr.0Bi-20.00-5SBi06.00-5nA160Am0.0Sm0.25mT0.001No0Al0.1Be0eT0eA160eS0eFS0eFa0.out,-20.0,6.0,50.0,17.0,319.5,0.289154,49.631783,29.832968,18.371346,313.39563,-53.789833,73.539764,0.30043086,30.757671,19.299433,10.990483,17.699762,39.670265,25.63286,14.037405,13.977746,18.128883,31.481073,20.132227,159.75,102.03921,57.710796,57.710796,102.03921,632.6061,5.5076704,37.090908,0.0,9.275237,31.399906,48.042755,59.4589,85.59366,183.65535,60.83447,51.947395,43.552273,58.84612,0.0
RTSIsc1.48dRnd0000000048_Ne.4Si50_Cr.0Bi46.00-5SBi-10.00-5nA160Am0.0Sm0.25mT0.001No0Al0.1Be0eT0eA160eS0eFS0eFa0.out,46.0,-10.0,50.0,17.0,319.5,0.032615066,-82.43825,-38.8212,-24.970667,352.05917,-80.29696,48.359947,0.2814294,56.96714,43.118088,13.380729,24.636364,37.33144,24.045313,13.286127,13.229309,17.900047,40.35056,26.185532,159.75,105.24247,54.50753,54.50753,105.24247,631.0909,5.4313445,36.909092,0.0,12.072917,32.486744,44.485416,53.06586,77.637215,188.04095,58.898533,50.913303,44.7875,68.70246,0.0
RTSIsc1.48dRnd0000000112_Ne.4Si50_Cr.0Bi-26.00-5SBi-08.00-5nA160Am0.0Sm0.25mT0.001No0Al0.1Be0eT0eA160eS0eFS0eFa0.out,-26.0,-8.0,50.0,17.0,319.5,-0.018775787,-62.86516,-86.20357,-75.94425,438.40646,-107.47588,25.119516,0.30819726,13.38963,22.834232,9.784896,75.43958,40.184326,25.719034,14.465294,14.404688,19.402367,87.27218,76.423195,159.75,100.08669,59.663303,59.663303,100.08669,632.0,5.3936553,36.363636,0.0,12.189773,35.001232,49.088825,58.776703,84.708046,180.41203,59.378315,50.425804,44.54749,57.47178,0.0
RTSIsc1.48dRnd0000000847_Ne.4Si50_Cr.0Bi44.00-5SBi06.00-5nA160Am0.0Sm0.25mT0.001No0Al0.1Be0eT0eA160eS0eFS0eFa0.out,44.0,6.0,50.0,17.0,319.5,0.05334415,47.498642,89.02738,77.77219,466.748,-22.094316,111.7723,0.29973945,30.184706,41.0295,10.7724905,77.240486,39.61946,25.26894,14.350521,14.292614,18.091951,89.95096,78.28847,159.75,102.226,57.524006,57.524006,102.226,633.2727,5.46965,36.939392,0.0,9.945028,31.867804,47.141193,58.66875,86.148674,182.8564,60.499622,51.67732,45.66946,58.798485,0.0
RTSIsc1.48dRnd0000000941_Ne.4Si50_Cr.0Bi32.00-5SBi08.00-5nA160Am0.0Sm0.25mT0.001No0Al0.1Be0eT0eA160eS0eFS0eFa0.out,32.0,8.0,50.0,17.0,319.5,0.1815167,64.20327,93.31975,83.37995,421.78452,-15.786491,113.333786,0.31371218,19.201656,28.615862,9.46553,82.72903,40.112595,25.322018,14.790578,14.7303505,20.022207,94.069084,83.5495,159.75,98.7849,60.965103,60.965103,98.7849,632.24243,5.6137786,36.909092,0.0,11.7881155,35.936695,51.508003,60.7741,83.32935,182.51022,57.82817,49.653835,43.610794,55.303123,0.0
RTSIsc1.48dRnd0000000529_Ne.4Si50_Cr.0Bi08.00-5SBi00.00-5nA160Am0.0Sm0.25mT0.001No0Al0.1Be0eT0eA160eS0eFS0eFa0.out,8.0,0.0,50.0,17.0,319.5,0.42822275,0.9659331,8.994006,4.30305,251.80426,-61.518307,63.734673,0.36292854,4.885464,7.529451,5.295928,4.710559,45.178787,28.104877,17.073912,17.003836,21.795975,17.03651,10.468762,159.75,89.78333,69.96667,69.96667,89.78333,632.0,5.673816,36.696968,0.0,4.518419,26.702036,55.62661,79.69546,106.74848,186.76918,62.164867,43.78286,31.875048,34.117046,0.0
RTSIsc1.48dRnd0000000744_Ne.4Si50_Cr.0Bi38.00-5SBi04.00-5nA160Am0.0Sm0.25mT0.001No0Al0.1Be0eT0eA160eS0eFS0eFa0.out,38.0,4.0,50.0,17.0,319.5,-0.015269422,33.208755,70.03411,57.6311,404.23322,-33.46505,101.9,0.28824592,24.199905,36.326183,11.927509,57.17552,38.71728,24.903126,13.8141575,13.755776,17.42751,71.104904,58.249317,159.75,104.46591,55.284092,55.284092,104.46591,631.4545,5.62893,37.21212,0.0,9.36804,30.354687,45.28731,57.30483,83.54977,185.93869,60.563732,51.59124,44.826515,62.669743,0.0
RTSIsc1.48dRnd0000000407_Ne.4Si50_Cr.0Bi-36.00-5SBi-02.00-5nA160Am0.0Sm0.25mT0.001No0Al0.1Be0eT0eA160eS0eFS0eFa0.out,-36.0,-2.0,50.0,17.0,319.5,0.24631153,-21.034933,-56.63472,-43.85723,413.8946,-92.02537,45.00761,0.2919653,22.589914,35.099052,12.2866,43.67031,38.97391,25.007812,13.966099,13.909706,17.448957,58.015926,44.88732,159.75,103.89768,55.85232,55.85232,103.89768,632.1212,5.4698863,37.121212,0.0,8.84053,30.59574,46.98016,57.612263,83.81392,184.4348,61.11823,51.977036,45.385986,61.36255,0.0
RTSIsc1.48dRnd0000000337_Ne.4Si50_Cr.0Bi24.00-5SBi-04.00-5nA160Am0.0Sm0.25mT0.001No0Al0.1Be0eT0eA160eS0eFS0eFa0.out,24.0,-4.0,50.0,17.0,319.5,0.3849237,-33.07408,-9.416031,-4.017928,266.17563,-62.361,62.687176,0.3567734,28.560417,23.158333,5.8515625,5.2078123,44.46534,27.69323,16.772112,16.70322,21.725,18.19958,10.97269,159.75,90.76614,68.98386,68.98386,90.76614,631.63635,5.628646,37.0,0.0,5.1181817,27.800238,55.89162,77.175285,103.524956,187.09834,61.446922,44.149147,32.498436,36.93324,0.0
RTSIsc1.48dRnd0000000436_Ne.4Si50_Cr.0Bi22.00-5SBi-02.00-5nA160Am0.0Sm0.25mT0.001No0Al0.1Be0eT0eA160eS0eFS0eFa0.out,22.0,-2.0,50.0,17.0,319.5,0.05937985,-16.76328,4.880813,2.4353065,264.35703,-62.481304,63.176987,0.3635696,18.738825,21.143797,4.6336174,4.0256157,45.697964,28.519508,17.178457,17.106724,21.452984,16.796087,10.363431,159.75,89.86146,69.88854,69.88854,89.86146,632.5455,5.5527935,37.18182,0.0,4.6125,26.592709,56.014866,79.43551,108.74697,183.92311,63.597584,44.27784,31.749668,33.594696,0.0
RTSIsc1.48dRnd0000000523_Ne.4Si50_Cr.0Bi-04.00-5SBi00.00-5nA160Am0.0Sm0.25mT0.001No0Al0.1Be0eT0eA160eS0eFS0eFa0.out,-4.0,0.0,50.0,17.0,319.5,0.34869942,-1.732334,-5.9574914,-2.5612319,263.2941,-61.75326,62.978592,0.3668994,4.2772727,3.7390625,5.009091,4.200142,45.239536,28.34574,16.893797,16.826895,22.782907,16.83373,10.558994,159.75,88.55563,71.19437,71.19437,88.55563,630.6061,5.575237,36.545456,0.0,5.202983,29.030066,57.610416,79.421684,105.31975,186.21857,60.298344,42.769554,31.069649,33.66506,0.0
RTSIsc1.48dRnd0000000945_Ne.4Si50_Cr.0Bi40.00-5SBi08.00-5nA160Am0.0Sm0.25mT0.001No0Al0.1Be0eT0eA160eS0eFS0eFa0.out,40.0,8.0,50.0,17.0,319.5,0.5101465,65.646324,100.01497,91.234985,478.55072,-18.7959,114.28885,0.3442527,25.59446,33.868702,8.335417,90.23783,43.19749,26.794413,16.403078,16.338352,24.056345,100.45427,91.19334,159.75,91.43021,68.31979,68.31979,91.43021,633.0303,5.560701,37.090908,0.0,19.816383,47.426327,59.55502,66.12249,87.29986,168.61505,53.353218,44.712738,38.754356,47.37486,0.0
RTSIsc1.48dRnd0000000014_Ne.4Si50_Cr.0Bi-22.00-5SBi-10.00-5nA160Am0.0Sm0.25mT0.001No0Al0.1Be0eT0eA160eS0eFS0eFa0.out,-22.0,-10.0,50.0,17.0,319.5,0.029123865,-79.857216,-96.421036,-88.056366,419.61057,-109.51308,15.727417,0.34761667,9.031392,16.06624,7.94929,87.6072,42.699337,26.225378,16.473959,16.411932,25.92178,97.42032,88.23851,159.75,89.82495,69.92505,69.92505,89.82495,630.9091,5.741809,36.909092,0.0,26.325094,48.823486,60.788685,65.93622,85.76273,162.80165,52.168655,43.169365,37.853268,47.279922,0.0
RTSIsc1.48dRnd0000000603_Ne.4Si50_Cr.0Bi-44.00-5SBi02.00-5nA160Am0.0Sm0.25mT0.001No0Al0.1Be0eT0eA160eS0eFS0eFa0.out,-44.0,2.0,50.0,17.0,319.5,0.5129006,14.467164,-28.938673,-17.747433,340.18903,-71.351295,60.39621,0.30384514,31.744745,42.90521,10.72017,17.9045,39.568703,25.339062,14.22964,14.167566,18.571875,31.69531,20.884401,159.75,101.22718,58.522823,58.522823,101.22718,631.3939,5.575284,37.060608,0.0,9.406818,31.42159,48.509468,60.730064,87.3688,182.75468,61.233334,50.101135,43.027462,56.840576,0.0
RTSIsc1.48dRnd0000000714_Ne.4Si50_Cr.0Bi-22.00-5SBi04.00-5nA160Am0.0Sm0.25mT0.001No0Al0.1Be0eT0eA160eS0eFS0eFa0.out,-22.0,4.0,50.0,17.0,319.5,0.26036584,29.413658,7.598587,3.312702,254.42992,-61.06193,63.064884,0.35702762,25.612406,21.31501,5.748343,5.4663353,45.128834,28.407907,16.720928,16.64929,21.277842,18.10446,11.096733,159.75,90.983475,68.766525,68.766525,90.983475,632.8485,5.5528407,36.60606,0.0,5.0214014,28.267376,56.693325,78.68627,106.52533,181.97316,61.207195,44.709187,32.849907,36.91534,0.0
RTSIsc1.48dRnd0000000331_Ne.4Si50_Cr.0Bi12.00-5SBi-04.00-5nA160Am0.0Sm0.25mT0.001No0Al0.1Be0eT0eA160eS0eFS0eFa0.out,12.0,-4.0,50.0,17.0,319.5,0.6859814,-32.105225,-20.25264,-10.675097,296.5728,-66.63225,59.198578,0.3199592,20.936459,11.349526,9.346922,11.412405,40.986694,26.085796,14.9009,14.836506,19.130209,24.946684,15.106024,159.75,98.275475,61.474525,61.474525,98.275475,631.8788,5.514678,36.696968,0.0,6.53196,29.528692,51.032246,67.47993,94.83215,184.31885,60.12235,47.6634,39.575756,50.793465,0.0
RTSIsc1.48dRnd0000000040_Ne.4Si50_Cr.0Bi30.00-5SBi-10.00-5nA160Am0.0Sm0.25mT0.001No0Al0.1Be0eT0eA160eS0eFS0eFa0.out,30.0,-10.0,50.0,17.0,319.5,0.259293,-78.84544,-50.449474,-36.197437,353.4778,-87.54165,40.874004,0.27059266,42.15038,27.89787,13.7753315,36.00592,35.69105,22.968325,12.722727,12.669508,16.986126,51.898766,36.966484,159.75,107.568275,52.181725,52.181725,107.568275,631.3939,5.3867426,36.909092,0.0,11.073532,30.987122,42.75071,52.062927,77.33854,187.60966,59.70701,51.864773,45.84389,72.15578,0.0
RTSIsc1.48dRnd0000000419_Ne.4Si50_Cr.0Bi-12.00-5SBi-02.00-5nA160Am0.0Sm0.25mT0.001No0Al0.1Be0eT0eA160eS0eFS0eFa0.out,-12.0,-2.0,50.0,17.0,319.5,0.59194934,-15.715033,-27.53651,-16.574703,310.81543,-70.764824,57.716827,0.30781037,4.595786,11.323958,10.483144,16.875189,39.246685,24.942282,14.304403,14.241951,18.418135,30.704464,19.800455,159.75,100.657814,59.092186,59.092186,100.657814,632.7879,5.295786,37.151516,0.0,6.5242896,29.8232,48.59479,63.145927,92.372635,186.79314,61.384468,49.02301,40.38499,54.74143,0.0
RTSIsc1.48dRnd0000000604_Ne.4Si50_Cr.0Bi-42.00-5SBi02.00-5nA160Am0.0Sm0.25mT0.001No0Al0.1Be0eT0eA160eS0eFS0eFa0.out,-42.0,2.0,50.0,17.0,319.5,0.25930816,18.147078,-23.278002,-14.039957,316.7879,-67.92242,62.219482,0.32321417,31.715672,40.922585,8.828173,14.142093,41.796875,26.625237,15.1716385,15.1034565,19.707245,27.498625,18.017576,159.75,97.39588,62.35412,62.35412,97.39588,630.6061,5.553409,36.939392,0.0,7.7237215,30.517471,51.013447,66.76279,94.28528,182.28154,60.73215,48.050617,39.54853,49.69053,0.0
RTSIsc1.48dRnd0000000102_Ne.4Si50_Cr.0Bi-46.00-5SBi-08.00-5nA160Am0.0Sm0.25mT0.001No0Al0.1Be0eT0eA160eS0eFS0eFa0.out,-46.0,-8.0,50.0,17.0,319.5,0.28660867,-65.93033,-100.949,-95.72997,416.14566,-109.68348,22.614906,0.42113698,29.562216,34.518467,4.9248104,95.528595,44.939583,25.89053,19.049053,18.983665,41.28475,102.22736,96.32318,159.75,68.656395,91.093605,91.093605,68.656395,632.1212,5.6294036,36.545456,0.0,64.8205,79.39185,74.56141,68.65672,79.9938,141.5874,39.808807,30.987263,25.571354,26.742092,0.0
RTSIsc1.48dRnd0000000946_Ne.4Si50_Cr.0Bi42.00-5SBi08.00-5nA160Am0.0Sm0.25mT0.001No0Al0.1Be0eT0eA160eS0eFS0eFa0.out,42.0,8.0,50.0,17.0,319.5,0.60220474,67.91023,102.94821,95.539825,482.94223,-16.954443,114.64748,0.37549388,27.66643,34.536743,6.9995265,94.46491,44.95147,27.337452,17.614016,17.544271,28.434801,103.257614,95.36587,159.75,83.725044,76.024956,76.024956,83.725044,632.1212,5.4849906,37.151516,0.0,24.105255,58.451515,69.592804,72.942375,87.73641,157.23721,49.395977,40.355114,34.228836,38.07571,0.0
RTSIsc1.48dRnd0000000702_Ne.4Si50_Cr.0Bi-46.00-5SBi04.00-5nA160Am0.0Sm0.25mT0.001No0Al0.1Be0eT0eA160eS0eFS0eFa0.out,-46.0,4.0,50.0,17.0,319.5,0.47313884,34.639038,-10.660713,-5.4166174,288.127,-63.278095,64.70059,0.35728407,39.5616,44.801895,5.582055,6.174337,45.042946,28.451136,16.591808,16.521828,21.979214,19.147131,12.196666,159.75,90.56965,69.18035,69.18035,90.56965,633.0303,5.484375,36.636364,0.0,6.0564394,29.708475,55.66302,75.98238,104.44115,184.2108,61.398342,44.771355,33.87737,36.920975,0.0
RTSIsc1.48dRnd0000001022_Ne.4Si50_Cr.0Bi-06.00-5SBi10.00-5nA160Am0.0Sm0.25mT0.001No0Al0.1Be0eT0eA160eS0eFS0eFa0.out,-6.0,10.0,50.0,17.0,319.5,0.03738335,79.99419,74.64989,61.295464,405.2581,-24.353306,106.14198,0.280006,18.200094,4.866998,12.861648,60.813164,37.094982,24.077745,13.017235,12.958713,17.528976,75.60864,61.683056,159.75,105.71946,54.03054,54.03054,105.71946,632.30304,5.408996,37.0,0.0,12.695076,32.287548,43.71629,52.908287,78.70369,186.12514,59.31894,52.182953,46.08068,68.284424,0.0
RTSIsc1.48dRnd0000000826_Ne.4Si50_Cr.0Bi02.00-5SBi06.00-5nA160Am0.0Sm0.25mT0.001No0Al0.1Be0eT0eA160eS0eFS0eFa0.out,2.0,6.0,50.0,17.0,319.5,0.37203515,48.57432,50.720734,37.715706,353.81595,-39.699574,89.11721,0.28421742,10.423579,1.8799243,12.520739,36.95147,37.487453,23.913069,13.574385,13.514678,16.834753,51.384617,37.912827,159.75,105.430824,54.319176,54.319176,105.430824,632.7273,5.4849906,36.636364,0.0,9.129309,30.25895,44.972538,56.56681,84.82377,183.56108,61.20478,52.158,45.33859,64.71345,0.0
RTSIsc1.48dRnd0000000309_Ne.4Si50_Cr.0Bi-32.00-5SBi-04.00-5nA160Am0.0Sm0.25mT0.001No0Al0.1Be0eT0eA160eS0eFS0eFa0.out,-32.0,-4.0,50.0,17.0,319.5,-0.078732386,-31.642912,-63.062035,-51.16116,397.58795,-96.14566,40.11903,0.29508865,19.385937,30.920975,11.414157,50.61515,38.459705,24.668608,13.791099,13.73286,18.169933,64.10063,51.73948,159.75,102.92694,56.82306,56.82306,102.92694,632.7879,5.3257103,36.909092,0.0,9.463873,31.681156,47.05033,58.165813,84.50019,184.77168,60.43092,50.858997,44.509377,61.35554,0.0
RTSIsc1.48dRnd0000000639_Ne.4Si50_Cr.0Bi28.00-5SBi02.00-5nA160Am0.0Sm0.25mT0.001No0Al0.1Be0eT0eA160eS0eFS0eFa0.out,28.0,2.0,50.0,17.0,319.5,0.43717018,17.512632,45.248657,32.98359,369.70285,-47.85855,84.595665,0.29634637,15.40999,27.23802,11.795596,32.147587,39.233665,25.234516,13.999147,13.93769,18.331581,46.05982,33.711178,159.75,102.58518,57.16482,57.16482,102.58518,633.63635,5.431771,36.78788,0.0,10.728787,31.786175,45.881344,57.940388,84.530205,184.2241,62.052464,51.46321,45.0098,60.019886,0.0
RTSIsc1.48dRnd0000000943_Ne.4Si50_Cr.0Bi36.00-5SBi08.00-5nA160Am0.0Sm0.25mT0.001No0Al0.1Be0eT0eA160eS0eFS0eFa0.out,36.0,8.0,50.0,17.0,319.5,0.25886154,64.80842,96.22958,87.22169,455.5377,-18.7364,113.6691,0.33553338,22.427698,30.921638,8.557339,86.472534,41.67623,25.958664,15.7175665,15.654025,24.016714,96.88612,87.49559,159.75,92.85994,66.89006,66.89006,92.85994,630.1818,5.674337,37.0,0.0,19.113588,45.50824,56.324574,62.47552,84.30166,171.6581,54.20952,46.319225,39.91198,50.35942,0.0
RTSIsc1.48dRnd0000001030_Ne.4Si50_Cr.0Bi10.00-5SBi10.00-5nA160Am0.0Sm0.25mT0.001No0Al0.1Be0eT0eA160eS0eFS0eFa0.out,10.0,10.0,50.0,17.0,319.5,0.6390704,81.77883,90.26946,78.6059,433.8821,-16.958881,112.616936,0.29424712,5.172822,7.989157,11.179451,77.4902,37.812973,23.995075,13.817898,13.763352,19.29716,90.62106,78.3344,159.75,102.412735,57.337265,57.337265,102.412735,633.2121,5.553409,36.757576,0.0,13.656298,35.438778,47.466003,54.94716,81.00999,184.7163,57.05909,48.95483,45.209328,64.75436,0.0
RTSIsc1.48dRnd0000000214_Ne.4Si50_Cr.0Bi-22.00-5SBi-06.00-5nA160Am0.0Sm0.25mT0.001No0Al0.1Be0eT0eA160eS0eFS0eFa0.out,-22.0,-6.0,50.0,17.0,319.5,0.47960722,-49.00179,-70.209496,-57.68108,419.63046,-100.68381,33.217255,0.28653637,9.639346,20.705729,12.039157,57.73518,37.721638,24.048012,13.673627,13.615104,17.367283,71.763695,58.803642,159.75,104.76047,54.989536,54.989536,104.76047,631.8788,5.1899147,36.81818,0.0,10.616525,32.004166,45.892757,56.037357,81.167,183.8311,59.942852,52.123863,45.78054,64.48262,0.0
RTSIsc1.48dRnd0000000615_Ne.4Si50_Cr.0Bi-20.00-5SBi02.00-5nA160Am0.0Sm0.25mT0.001No0Al0.1Be0eT0eA160eS0eFS0eFa0.out,-20.0,2.0,50.0,17.0,319.5,0.08805922,17.940533,-1.8036654,-0.60823077,270.57864,-61.545208,65.2815,0.35544854,18.154972,19.241478,5.397964,4.480161,44.48073,27.869034,16.611694,16.540056,21.219507,17.921999,10.729976,159.75,91.31643,68.43357,68.43357,91.31643,632.1212,5.416288,36.939392,0.0,4.4893465,27.238447,55.069553,76.88348,105.94138,185.86838,62.194035,44.858,32.482388,37.09621,0.0
RTSIsc1.48dRnd0000001002_Ne.4Si50_Cr.0Bi-46.00-5SBi10.00-5nA160Am0.0Sm0.25mT0.001No0Al0.1Be0eT0eA160eS0eFS0eFa0.out,-46.0,10.0,50.0,17.0,319.5,0.5721681,79.950226,35.5695,22.381296,333.95377,-48.34473,79.8901,0.2896169,57.07074,43.880302,12.698911,21.414299,38.08248,24.713305,13.369176,13.309943,18.781391,36.5958,23.255674,159.75,103.387314,56.36269,56.36269,103.387314,631.51514,5.5304923,37.424244,0.0,12.929167,33.848866,45.970455,55.284943,78.820076,186.36487,57.41193,50.18106,44.83646,65.86733,0.0
RTSIsc1.48dRnd0000001000_Ne.4Si50_Cr.0Bi-50.00-5SBi10.00-5nA160Am0.0Sm0.25mT0.001No0Al0.1Be0eT0eA160eS0eFS0eFa0.out,-50.0,10.0,50.0,17.0,319.5,0.5875025,80.36851,32.063717,18.966097,319.55902,-49.024326,76.13534,0.28786486,60.90289,47.804546,12.638921,18.081865,37.72339,24.315483,13.4079075,13.346497,17.879261,33.70938,20.427986,159.75,104.18688,55.563114,55.563114,104.18688,631.63635,5.4314866,36.878788,0.0,10.987595,32.248154,46.231014,56.49195,80.75824,186.92534,58.074383,49.59948,43.487453,66.83276,0.0
RTSIsc1.48dRnd0000000921_Ne.4Si50_Cr.0Bi-08.00-5SBi08.00-5nA160Am0.0Sm0.25mT0.001No0Al0.1Be0eT0eA160eS0eFS0eFa0.out,-8.0,8.0,50.0,17.0,319.5,0.24496485,62.328556,54.528603,41.334225,346.74625,-37.936016,91.98191,0.28400558,20.49929,7.297538,12.707434,40.65701,37.61932,24.151089,13.468229,13.408807,17.977463,55.319984,41.49491,159.75,104.77741,54.972584,54.972584,104.77741,631.0303,5.621165,36.78788,0.0,12.1418085,32.427982,44.244648,54.583427,79.97064,185.04404,60.06572,51.384895,44.93021,66.23693,0.0
RTSIsc1.48dRnd0000000609_Ne.4Si50_Cr.0Bi-32.00-5SBi02.00-5nA160Am0.0Sm0.25mT0.001No0Al0.1Be0eT0eA160eS0eFS0eFa0.out,-32.0,2.0,50.0,17.0,319.5,-0.09853692,16.682245,-14.863484,-7.655095,284.38394,-63.30135,64.750244,0.3487218,23.872112,31.04678,6.89375,7.548816,44.29711,28.083664,16.213448,16.146496,21.14105,20.102335,12.608388,159.75,92.45113,67.29887,67.29887,92.45113,632.7879,5.6299715,36.909092,0.0,6.1753316,29.855967,55.79342,75.06539,101.89238,181.58054,61.74924,45.689392,34.725285,40.260937,0.0
RTSIsc1.48dRnd0000001003_Ne.4Si50_Cr.0Bi-44.00-5SBi10.00-5nA160Am0.0Sm0.25mT0.001No0Al0.1Be0eT0eA160eS0eFS0eFa0.out,-44.0,10.0,50.0,17.0,319.5,0.105029255,80.93255,38.67906,25.615702,327.2862,-45.557785,80.79395,0.28583652,54.818275,41.755302,12.583002,25.092329,38.189064,24.821827,13.367235,13.312642,17.7393,39.88505,26.576452,159.75,104.70085,55.04915,55.04915,104.70085,632.9697,5.453835,36.484848,0.0,11.729782,32.507385,45.69058,54.668373,80.38111,185.01671,60.04531,51.48665,45.112026,66.33177,0.0
RTSIsc1.48dRnd0000000442_Ne.4Si50_Cr.0Bi34.00-5SBi-02.00-5nA160Am0.0Sm0.25mT0.001No0Al0.1Be0eT0eA160eS0eFS0eFa0.out,34.0,-2.0,50.0,17.0,319.5,-0.03330555,-15.876411,17.309954,9.307163,285.82147,-60.424362,65.89715,0.33096108,24.710985,32.68783,7.983523,9.421969,42.25322,26.723248,15.529971,15.466383,20.01179,22.813866,14.021145,159.75,95.99204,63.757954,63.757954,95.99204,632.9091,5.3484373,37.0,0.0,6.460606,29.59536,52.495834,69.8688,96.218185,184.5704,61.99252,47.80914,37.534897,46.363354,0.0
RTSIsc1.48dRnd0000001001_Ne.4Si50_Cr.0Bi-48.00-5SBi10.00-5nA160Am0.0Sm0.25mT0.001No0Al0.1Be0eT0eA160eS0eFS0eFa0.out,-48.0,10.0,50.0,17.0,319.5,0.34853363,81.110245,35.02224,22.545128,329.0435,-48.491703,79.16304,0.29606995,58.06733,45.58906,11.9997635,21.791714,38.738354,24.89143,13.846922,13.788684,19.18267,36.32917,23.6443,159.75,102.073204,57.6768,57.6768,102.073204,631.2121,5.3407197,36.666668,0.0,11.740009,34.95876,47.7875,56.582104,79.78925,184.34688,58.55104,50.444508,44.025475,62.9866,0.0
RTSIsc1.48dRnd0000000806_Ne.4Si50_Cr.0Bi-38.00-5SBi06.00-5nA160Am0.0Sm0.25mT0.001No0Al0.1Be0eT0eA160eS0eFS0eFa0.out,-38.0,6.0,50.0,17.0,319.5,0.60479915,49.750553,12.525001,6.1979804,264.42712,-58.711563,65.073784,0.3441888,43.053455,36.725475,7.020123,6.3581915,43.622726,27.48196,16.140766,16.070408,20.891525,19.911655,11.743826,159.75,93.23911,66.51089,66.51089,93.23911,633.75757,5.5833335,36.878788,0.0,6.567377,29.978456,54.282623,73.393845,99.53878,186.88216,60.872963,45.307007,34.36738,42.566998,0.0
RTSIsc1.48dRnd0000000731_Ne.4Si50_Cr.0Bi12.00-5SBi04.00-5nA160Am0.0Sm0.25mT0.001No0Al0.1Be0eT0eA160eS0eFS0eFa0.out,12.0,4.0,50.0,17.0,319.5,-0.2707717,32.1055,43.780727,32.275677,339.53268,-46.301014,83.455215,0.3015487,4.4784093,11.177604,11.017661,32.104214,39.276657,25.05071,14.225947,14.166287,18.7009,45.22326,33.364193,159.75,101.53248,58.217518,58.217518,101.53248,633.0909,5.530256,36.545456,0.0,9.4538355,33.34711,47.93835,58.141476,84.65464,184.71213,61.141052,51.393562,43.394604,58.914158,0.0
RTSIsc1.48dRnd0000000638_Ne.4Si50_Cr.0Bi26.00-5SBi02.00-5nA160Am0.0Sm0.25mT0.001No0Al0.1Be0eT0eA160eS0eFS0eFa0.out,26.0,2.0,50.0,17.0,319.5,-0.15378933,16.024136,41.63863,29.956598,350.4243,-49.935684,82.15325,0.30353424,14.160369,25.1134,11.200284,29.733522,40.04531,25.708286,14.337027,14.273958,18.687832,42.98588,31.256802,159.75,101.18471,58.565292,58.565292,101.18471,631.0303,5.507623,36.666668,0.0,8.967471,32.382576,48.304165,59.978786,87.81795,181.37338,61.885418,50.622253,42.638638,57.059658,0.0
RTSIsc1.48dRnd0000000612_Ne.4Si50_Cr.0Bi-26.00-5SBi02.00-5nA160Am0.0Sm0.25mT0.001No0Al0.1Be0eT0eA160eS0eFS0eFa0.out,-26.0,2.0,50.0,17.0,319.5,0.30075437,16.900646,-8.658834,-4.2298245,281.98785,-63.54563,65.185875,0.3540599,20.680397,25.060417,6.053172,5.849479,44.032482,27.45303,16.57945,16.511412,21.416145,18.881796,11.681144,159.75,91.41492,68.33508,68.33508,91.41492,631.8788,5.424053,36.969696,0.0,4.8828125,27.654736,55.15388,77.25474,104.42381,185.14465,62.01127,45.098534,33.044224,37.210133,0.0
RTSIsc1.48dRnd0000000211_Ne.4Si50_Cr.0Bi-28.00-5SBi-06.00-5nA160Am0.0Sm0.25mT0.001No0Al0.1Be0eT0eA160eS0eFS0eFa0.out,-28.0,-6.0,50.0,17.0,319.5,0.64948523,-47.294662,-74.46342,-62.229275,405.92853,-103.26126,29.721992,0.2881747,15.039583,26.672869,11.7492895,62.404026,38.336647,24.730824,13.6058235,13.548248,18.328077,76.11722,63.302395,159.75,103.95568,55.79432,55.79432,103.95568,631.9394,5.530303,36.666668,0.0,11.441619,32.857433,45.5446,54.832718,80.198105,186.60744,59.798344,50.834373,45.161507,64.66325,0.0
RTSIsc1.48dRnd0000000111_Ne.4Si50_Cr.0Bi-28.00-5SBi-08.00-5nA160Am0.0Sm0.25mT0.001No0Al0.1Be0eT0eA160eS0eFS0eFa0.out,-28.0,-8.0,50.0,17.0,319.5,0.7022846,-62.375282,-87.61529,-77.38795,425.52432,-107.87522,22.463232,0.3093646,15.296212,24.739157,9.755966,77.60985,39.630493,24.977509,14.652983,14.596023,20.05142,89.32496,78.469124,159.75,99.53149,60.218513,60.218513,99.53149,631.0303,5.545975,37.030304,0.0,13.223911,36.582623,49.891525,59.067993,83.424385,181.7125,58.056343,49.56425,42.919506,56.587265,0.0
RTSIsc1.48dRnd0000001046_Ne.4Si50_Cr.0Bi42.00-5SBi10.00-5nA160Am0.0Sm0.25mT0.001No0Al0.1Be0eT0eA160eS0eFS0eFa0.out,42.0,10.0,50.0,17.0,319.5,0.5143742,76.61178,107.13116,102.4785,454.47714,-24.32267,114.781425,0.43395823,25.650047,30.019508,4.3617897,101.463684,46.264915,26.630777,19.634138,19.565247,43.53679,107.59383,102.47619,159.75,65.233475,94.516525,94.516525,65.233475,633.1515,5.46946,37.090908,0.0,71.329216,88.893135,80.93911,71.49233,78.507385,129.48708,36.083145,28.213732,23.531487,24.674906,0.0
RTSIsc1.48dRnd0000001047_Ne.4Si50_Cr.0Bi44.00-5SBi10.00-5nA160Am0.0Sm0.25mT0.001No0Al0.1Be0eT0eA160eS0eFS0eFa0.out,44.0,10.0,50.0,17.0,319.5,0.70903456,80.707214,109.38075,105.40774,468.8632,-24.947996,114.808846,0.46365753,24.615437,28.171211,3.742803,104.2018,44.393562,24.29394,20.09962,20.03589,56.195408,109.61526,105.351234,159.75,53.0125,106.7375,106.7375,53.0125,632.0,5.3716383,36.60606,0.0,120.56851,105.81482,80.53007,63.270454,66.50161,108.64839,27.342329,21.284328,18.528503,19.510984,0.0
RTSIsc1.48dRnd0000000202_Ne.4Si50_Cr.0Bi-46.00-5SBi-06.00-5nA160Am0.0Sm0.25mT0.001No0Al0.1Be0eT0eA160eS0eFS0eFa0.out,-46.0,-6.0,50.0,17.0,319.5,0.36342537,-50.26008,-91.54623,-82.384964,448.52487,-108.672295,23.079742,0.33577484,31.957575,40.78376,8.712926,82.27472,41.854923,26.116335,15.738589,15.675237,23.893845,92.92059,83.28589,159.75,92.92685,66.82315,66.82315,92.92685,631.3939,5.6284566,37.363636,0.0,20.712927,45.27301,56.63996,62.99337,86.00502,170.6368,54.529026,45.495598,39.68589,49.422348,0.0
RTSIsc1.48dRnd0000000611_Ne.4Si50_Cr.0Bi-28.00-5SBi02.00-5nA160Am0.0Sm0.25mT0.001No0Al0.1Be0eT0eA160eS0eFS0eFa0.out,-28.0,2.0,50.0,17.0,319.5,0.53324085,16.601866,-11.096551,-5.52277,277.5302,-63.111324,63.317192,0.3461931,21.666714,27.197111,6.4867425,6.662074,43.75071,27.5268,16.223911,16.156202,20.649952,19.759193,12.11625,159.75,93.12637,66.62363,66.62363,93.12637,631.3333,5.462453,36.848484,0.0,5.098532,27.635796,54.04214,74.32864,102.95914,184.28362,62.655872,45.73783,34.613445,39.978313,0.0
RTSIsc1.48dRnd0000000950_Ne.4Si50_Cr.0Bi50.00-5SBi08.00-5nA160Am0.0Sm0.25mT0.001No0Al0.1Be0eT0eA160eS0eFS0eFa0.out,50.0,8.0,50.0,17.0,319.5,-0.113895416,64.17263,104.94993,98.58007,468.16998,-22.32165,114.69822,0.40350342,34.254215,40.276848,6.025142,98.198105,45.486126,26.919697,18.56643,18.499527,35.941097,106.00199,99.151085,159.75,74.686935,85.063065,85.063065,74.686935,630.36365,5.447538,36.848484,0.0,42.928978,73.34342,75.614914,71.601845,84.344795,146.06184,42.22964,33.88906,28.696022,31.653126,0.0
RTSIsc1.48dRnd0000000700_Ne.4Si50_Cr.0Bi-50.00-5SBi04.00-5nA160Am0.0Sm0.25mT0.001No0Al0.1Be0eT0eA160eS0eFS0eFa0.out,-50.0,4.0,50.0,17.0,319.5,0.25425786,30.841795,-18.40374,-10.128818,322.50937,-65.50071,65.190094,0.33556452,40.482338,48.741524,7.9277463,10.240672,42.711315,27.030634,15.680682,15.609848,20.01766,23.39468,15.033509,159.75,95.184845,64.565155,64.565155,95.184845,632.1212,5.6062975,36.939392,0.0,6.7052083,29.076563,51.682384,70.42964,98.58343,184.73224,62.104877,47.264015,37.368702,44.17415,0.0
RTSIsc1.48dRnd0000000602_Ne.4Si50_Cr.0Bi-46.00-5SBi02.00-5nA160Am0.0Sm0.25mT0.001No0Al0.1Be0eT0eA160eS0eFS0eFa0.out,-46.0,2.0,50.0,17.0,319.5,0.35714835,15.481488,-29.762531,-19.174475,345.07568,-72.3053,59.98194,0.31289792,34.186222,44.743465,10.116288,19.143465,40.74484,26.080872,14.663968,14.6020355,18.851799,32.187904,21.83919,159.75,99.60109,60.14891,60.14891,99.60109,632.0606,5.5151043,37.0,0.0,7.889725,30.344744,49.268135,62.726658,88.84688,185.41615,62.440105,49.91927,42.2366,52.972347,0.0
RTSIsc1.48dRnd0000000227_Ne.4Si50_Cr.0Bi04.00-5SBi-06.00-5nA160Am0.0Sm0.25mT0.001No0Al0.1Be0eT0eA160eS0eFS0eFa0.out,4.0,-6.0,50.0,17.0,319.5,0.33606493,-50.295223,-46.541927,-33.559692,374.10947,-86.06342,45.61071,0.29118213,16.241478,3.2679925,12.493324,33.438023,38.204403,24.54375,13.660653,13.604972,18.173344,48.053524,34.73367,159.75,103.59512,56.154877,56.154877,103.59512,632.48486,5.462121,37.18182,0.0,11.5253315,32.946495,46.260986,56.138874,80.084946,186.01666,60.13906,50.929073,45.41506,63.028362,0.0
RTSIsc1.48dRnd0000000410_Ne.4Si50_Cr.0Bi-30.00-5SBi-02.00-5nA160Am0.0Sm0.25mT0.001No0Al0.1Be0eT0eA160eS0eFS0eFa0.out,-30.0,-2.0,50.0,17.0,319.5,0.62102056,-16.023346,-45.391865,-34.105404,373.06424,-83.11284,52.909668,0.30123404,17.925804,28.865767,10.810748,34.325993,39.605824,25.224195,14.381629,14.317992,18.51856,47.30106,35.852818,159.75,101.66904,58.080967,58.080967,101.66904,632.48486,5.491951,36.78788,0.0,9.159422,31.974148,47.630302,58.708,85.7473,184.80061,60.98286,51.09839,44.62898,57.75483,0.0
RTSIsc1.48dRnd0000000438_Ne.4Si50_Cr.0Bi26.00-5SBi-02.00-5nA160Am0.0Sm0.25mT0.001No0Al0.1Be0eT0eA160eS0eFS0eFa0.out,26.0,-2.0,50.0,17.0,319.5,0.48802525,-17.362654,8.204191,4.363975,262.22125,-62.423534,64.34652,0.3630741,21.240057,25.069508,5.005398,5.1468277,45.586365,28.532244,17.05412,16.987122,21.624575,17.435553,10.952403,159.75,89.841194,69.908806,69.908806,89.841194,632.6061,5.567661,37.151516,0.0,4.984091,28.315294,56.93556,78.02519,107.30005,184.97093,61.872585,43.966526,32.134705,34.101135,0.0
RTSIsc1.48dRnd0000000503_Ne.4Si50_Cr.0Bi-44.00-5SBi00.00-5nA160Am0.0Sm0.25mT0.001No0Al0.1Be0eT0eA160eS0eFS0eFa0.out,-44.0,0.0,50.0,17.0,319.5,0.4929394,-2.2747025,-45.61592,-34.29575,383.83282,-83.333626,52.024803,0.30411768,31.616524,42.841476,10.825474,34.35431,39.837265,25.627178,14.210085,14.150095,19.368513,47.414608,35.962086,159.75,100.72898,59.021023,59.021023,100.72898,632.8485,5.447822,36.636364,0.0,11.576563,34.30483,47.146545,57.51089,83.83324,184.64574,60.378597,51.36714,44.230682,57.85426,0.0
RTSIsc1.48dRnd0000000736_Ne.4Si50_Cr.0Bi22.00-5SBi04.00-5nA160Am0.0Sm0.25mT0.001No0Al0.1Be0eT0eA160eS0eFS0eFa0.out,22.0,4.0,50.0,17.0,319.5,0.3469098,35.5847,57.172314,45.18332,385.80743,-40.615253,94.48782,0.29881114,10.106344,21.087547,11.5097065,44.395454,39.32969,25.501514,13.828173,13.768987,18.973911,57.931747,45.605743,159.75,101.80885,57.941147,57.941147,101.80885,632.0606,5.7575283,36.909092,0.0,10.471922,33.99162,47.93182,58.345833,83.044556,184.05118,58.597397,50.661694,44.496735,60.46785,0.0
RTSIsc1.48dRnd0000000819_Ne.4Si50_Cr.0Bi-12.00-5SBi06.00-5nA160Am0.0Sm0.25mT0.001No0Al0.1Be0eT0eA160eS0eFS0eFa0.out,-12.0,6.0,50.0,17.0,319.5,0.18115939,47.376316,35.58256,23.8761,341.65128,-50.823734,78.80524,0.3021215,23.005114,11.294602,11.249716,23.305918,39.863068,25.61321,14.249858,14.18982,19.126469,36.823616,25.098797,159.75,101.17694,58.57306,58.57306,101.17694,631.3333,5.5528884,36.696968,0.0,10.766951,32.941715,47.97751,57.845642,81.2429,185.83499,61.095455,50.69825,43.85,59.079926,0.0
RTSIsc1.48dRnd0000000501_Ne.4Si50_Cr.0Bi-48.00-5SBi00.00-5nA160Am0.0Sm0.25mT0.001No0Al0.1Be0eT0eA160eS0eFS0eFa0.out,-48.0,0.0,50.0,17.0,319.5,0.52968895,-0.45887768,-47.857975,-35.4098,379.50336,-84.5621,49.59154,0.2914906,34.568325,46.901043,11.969176,35.548817,38.211506,24.453598,13.757907,13.699716,17.538778,49.612923,36.893837,159.75,103.874435,55.87557,55.87557,103.874435,632.1212,5.3331914,37.333332,0.0,8.515246,30.56875,45.994366,58.157814,85.24304,184.16283,60.85265,52.38925,45.31586,60.921402,0.0
RTSIsc1.48dRnd0000000814_Ne.4Si50_Cr.0Bi-22.00-5SBi06.00-5nA160Am0.0Sm0.25mT0.001No0Al0.1Be0eT0eA160eS0eFS0eFa0.out,-22.0,6.0,50.0,17.0,319.5,0.22187033,52.04051,30.41921,17.712086,331.17368,-54.174885,74.50412,0.29466215,33.826797,21.125568,12.222159,17.183712,38.82178,24.889488,13.932292,13.871118,17.846733,32.139973,19.700895,159.75,103.1598,56.5902,56.5902,103.1598,633.1515,5.439962,37.454544,0.0,8.883239,30.394508,46.979877,58.978172,85.80715,187.01704,60.41089,50.28684,43.17893,61.214867,0.0
RTSIsc1.48dRnd0000000402_Ne.4Si50_Cr.0Bi-46.00-5SBi-02.00-5nA160Am0.0Sm0.25mT0.001No0Al0.1Be0eT0eA160eS0eFS0eFa0.out,-46.0,-2.0,50.0,17.0,319.5,0.76045114,-14.238396,-59.358006,-47.24191,396.72473,-92.54631,42.46911,0.2953044,32.6652,44.619366,11.62519,47.562027,38.41444,24.463448,13.9509945,13.894981,18.01714,61.218773,48.735,159.75,103.008095,56.741905,56.741905,103.008095,632.1818,5.650805,37.090908,0.0,8.874668,30.938684,46.107006,58.623013,84.36435,186.6437,60.83073,51.73859,44.35137,59.709705,0.0
RTSIsc1.48dRnd0000000035_Ne.4Si50_Cr.0Bi20.00-5SBi-10.00-5nA160Am0.0Sm0.25mT0.001No0Al0.1Be0eT0eA160eS0eFS0eFa0.out,20.0,-10.0,50.0,17.0,319.5,0.48750204,-78.318054,-59.721333,-46.228848,391.51932,-95.374176,35.910755,0.28314212,31.589537,18.0991,13.00767,46.26676,37.781296,24.516382,13.2649145,13.20606,18.045076,61.277424,47.237255,159.75,104.90383,54.846165,54.846165,104.90383,631.63635,5.568087,37.090908,0.0,11.813068,32.73447,44.269318,53.396023,77.88646,188.07576,58.495785,50.970078,45.920547,68.07486,0.0
RTSIsc1.48dRnd0000000506_Ne.4Si50_Cr.0Bi-38.00-5SBi00.00-5nA160Am0.0Sm0.25mT0.001No0Al0.1Be0eT0eA160eS0eFS0eFa0.out,-38.0,0.0,50.0,17.0,319.5,0.5559858,-0.5960879,-37.990704,-26.983202,364.53104,-78.49094,57.490326,0.3111623,26.119177,36.89484,10.523485,27.154781,41.157337,26.453646,14.703693,14.6432295,19.637262,40.019516,29.02403,159.75,99.42623,60.32377,60.32377,99.42623,633.2727,5.508002,36.848484,0.0,10.95251,34.781723,49.88821,60.545788,87.12742,182.12514,60.122868,49.360558,42.45128,55.917236,0.0
RTSIsc1.48dRnd0000000141_Ne.4Si50_Cr.0Bi32.00-5SBi-08.00-5nA160Am0.0Sm0.25mT0.001No0Al0.1Be0eT0eA160eS0eFS0eFa0.out,32.0,-8.0,50.0,17.0,319.5,0.2793401,-66.552155,-35.400505,-22.279343,326.76697,-76.78999,49.50064,0.28115928,43.772537,30.652082,12.6408615,22.198864,37.207527,23.830729,13.3768,13.321496,17.311127,37.22577,23.771362,159.75,105.660225,54.08977,54.08977,105.660225,631.3939,5.5832386,36.757576,0.0,9.38267,30.573816,44.76217,54.146355,80.96501,186.33272,60.54015,52.404118,46.322254,65.964676,0.0
RTSIsc1.48dRnd0000000144_Ne.4Si50_Cr.0Bi38.00-5SBi-08.00-5nA160Am0.0Sm0.25mT0.001No0Al0.1Be0eT0eA160eS0eFS0eFa0.out,38.0,-8.0,50.0,17.0,319.5,0.32349533,-61.72631,-24.462175,-13.923056,296.4844,-69.74758,54.452343,0.3152448,47.299717,36.765247,10.07964,14.015719,40.82746,26.110748,14.716714,14.657149,19.561031,27.454475,17.014273,159.75,98.788826,60.961174,60.961174,98.788826,632.24243,5.5378313,36.636364,0.0,9.9846115,32.939724,50.67519,63.54266,88.1001,183.04446,59.62358,49.012783,40.787594,54.531723,0.0
RTSIsc1.48dRnd0000000544_Ne.4Si50_Cr.0Bi38.00-5SBi00.00-5nA160Am0.0Sm0.25mT0.001No0Al0.1Be0eT0eA160eS0eFS0eFa0.out,38.0,0.0,50.0,17.0,319.5,0.2581665,0.6800642,38.30514,26.340208,356.78674,-53.582233,79.41574,0.2998779,25.25161,37.125046,11.482387,25.658,39.32879,25.19787,14.1309185,14.06965,18.770502,39.546444,27.530334,159.75,101.73466,58.015343,58.015343,101.73466,631.4545,5.613589,37.151516,0.0,10.326183,32.899715,47.898483,58.620975,84.07282,183.5856,60.2741,50.45573,43.88717,59.433758,0.0
RTSIsc1.48dRnd0000000150_Ne.4Si50_Cr.0Bi50.00-5SBi-08.00-5nA160Am0.0Sm0.25mT0.001No0Al0.1Be0eT0eA160eS0eFS0eFa0.out,50.0,-8.0,50.0,17.0,319.5,-0.17781483,-63.246597,-14.339513,-6.324785,269.94913,-63.99629,59.577293,0.33350992,56.419506,48.40388,8.011648,6.8089013,41.942047,26.347963,15.594082,15.529262,20.016998,20.65419,11.732123,159.75,95.56866,64.18134,64.18134,95.56866,632.36365,5.4628315,37.090908,0.0,6.5351324,28.790388,52.136364,70.309326,97.83409,186.72125,61.352036,46.1232,35.82699,46.734848,0.0
RTSIsc1.48dRnd0000000601_Ne.4Si50_Cr.0Bi-48.00-5SBi02.00-5nA160Am0.0Sm0.25mT0.001No0Al0.1Be0eT0eA160eS0eFS0eFa0.out,-48.0,2.0,50.0,17.0,319.5,0.52633566,18.592184,-28.535858,-17.859886,341.19647,-71.17642,60.23256,0.3095493,35.983665,46.62585,10.225521,18.086079,40.080822,25.490814,14.59001,14.529546,18.615294,31.656136,21.014887,159.75,100.300285,59.449715,59.449715,100.300285,631.4545,5.538305,37.151516,0.0,7.952225,30.41785,49.714535,63.142662,90.83935,182.54597,61.133617,49.944603,41.48376,54.279972,0.0
RTSIsc1.48dRnd0000000007_Ne.4Si50_Cr.0Bi-36.00-5SBi-10.00-5nA160Am0.0Sm0.25mT0.001No0Al0.1Be0eT0eA160eS0eFS0eFa0.out,-36.0,-10.0,50.0,17.0,319.5,0.5169704,-81.2226,-103.76171,-99.75282,411.82446,-109.81981,23.228292,0.45336965,18.446354,22.036695,3.7919035,99.77713,45.3955,25.222395,20.173105,20.105492,50.04621,105.2582,100.60467,159.75,58.17519,101.574814,101.574814,58.17519,631.8182,5.3939867,37.0,0.0,94.57808,96.788445,79.62538,67.30393,73.69285,121.863686,31.899622,25.100899,20.741003,20.224289,0.0
RTSIsc1.48dRnd0000000513_Ne.4Si50_Cr.0Bi-24.00-5SBi00.00-5nA160Am0.0Sm0.25mT0.001No0Al0.1Be0eT0eA160eS0eFS0eFa0.out,-24.0,0.0,50.0,17.0,319.5,0.06524762,2.6584034,-21.067583,-12.724228,295.21967,-67.08638,61.730118,0.33485013,15.052083,23.225142,8.1403885,12.605256,42.86165,27.167141,15.694508,15.627651,20.303694,24.931015,16.313364,159.75,95.157715,64.592285,64.592285,95.157715,631.9394,5.5601797,36.848484,0.0,6.6200285,30.54839,53.281628,69.52325,96.63755,183.30426,60.92254,48.363827,37.969696,44.76823,0.0
RTSIsc1.48dRnd0000000034_Ne.4Si50_Cr.0Bi18.00-5SBi-10.00-5nA160Am0.0Sm0.25mT0.001No0Al0.1Be0eT0eA160eS0eFS0eFa0.out,18.0,-10.0,50.0,17.0,319.5,0.84619874,-82.363235,-65.76253,-52.354843,400.74588,-99.64746,33.946354,0.28472897,29.510416,16.101751,12.916761,52.738445,37.849148,24.65947,13.189678,13.130634,19.12287,67.72758,53.67728,159.75,103.97841,55.77159,55.77159,103.97841,631.2121,5.7118373,37.121212,0.0,15.701279,35.371258,44.761505,51.226704,75.23016,185.87874,57.54915,50.62604,45.92699,68.94029,0.0
RTSIsc1.48dRnd0000000625_Ne.4Si50_Cr.0Bi00.00-5SBi02.00-5nA160Am0.0Sm0.25mT0.001No0Al0.1Be0eT0eA160eS0eFS0eFa0.out,0.0,2.0,50.0,17.0,319.5,0.39609116,14.426514,14.473102,7.615652,272.1461,-59.84501,66.6786,0.34731585,6.9666195,0.8670928,6.864773,7.319839,44.408524,28.046875,16.361649,16.291145,20.771732,20.377857,12.459158,159.75,92.883804,66.866196,66.866196,92.883804,633.51514,5.204356,36.848484,0.0,5.243608,28.304924,54.980396,74.77239,102.28367,185.29897,61.596306,45.986176,34.615482,40.43324,0.0
RTSIsc1.48dRnd0000000628_Ne.4Si50_Cr.0Bi06.00-5SBi02.00-5nA160Am0.0Sm0.25mT0.001No0Al0.1Be0eT0eA160eS0eFS0eFa0.out,6.0,2.0,50.0,17.0,319.5,0.69099194,20.365906,26.116594,15.267093,321.09216,-59.00851,71.102715,0.3141982,5.3802557,5.253835,10.366998,14.311269,41.05573,26.222065,14.833665,14.7759,18.832575,28.109076,17.640858,159.75,99.4528,60.297207,60.297207,99.4528,631.57574,5.325663,37.030304,0.0,7.2475853,30.344318,50.941097,64.87538,90.40653,183.39697,61.258476,48.906204,40.948296,53.2509,0.0
RTSIsc1.48dRnd0000000100_Ne.4Si50_Cr.0Bi-50.00-5SBi-08.00-5nA160Am0.0Sm0.25mT0.001No0Al0.1Be0eT0eA160eS0eFS0eFa0.out,-50.0,-8.0,50.0,17.0,319.5,0.36001274,-62.5323,-101.46419,-96.30228,426.47562,-109.703255,22.881023,0.4306251,33.55767,38.434,4.880492,96.166855,45.81018,26.234896,19.575285,19.5036,42.628124,102.796936,97.07321,159.75,66.20184,93.54816,93.54816,66.20184,631.51514,5.598627,37.060608,0.0,67.038635,90.07173,79.747826,69.82046,76.43651,133.16884,36.536125,28.334469,23.771355,26.589205,0.0
RTSIsc1.48dRnd0000000515_Ne.4Si50_Cr.0Bi-20.00-5SBi00.00-5nA160Am0.0Sm0.25mT0.001No0Al0.1Be0eT0eA160eS0eFS0eFa0.out,-20.0,0.0,50.0,17.0,319.5,0.39192384,0.47433075,-19.114658,-10.682041,301.47568,-66.35596,62.763462,0.33737075,11.289915,19.089867,8.171496,10.9708805,42.711033,27.008806,15.702226,15.638116,20.596828,23.938078,15.327859,159.75,94.60966,65.14034,65.14034,94.60966,631.75757,5.4316287,37.242424,0.0,6.2098956,29.833996,53.95966,70.67301,97.38764,184.39195,60.689724,46.50677,37.40227,44.702652,0.0
RTSIsc1.48dRnd0000000848_Ne.4Si50_Cr.0Bi46.00-5SBi06.00-5nA160Am0.0Sm0.25mT0.001No0Al0.1Be0eT0eA160eS0eFS0eFa0.out,46.0,6.0,50.0,17.0,319.5,0.27911267,48.905987,92.01126,81.23854,473.1843,-21.254955,112.638504,0.30604652,32.282433,42.602036,10.297254,80.5017,39.95961,25.42036,14.539252,14.47983,19.19697,92.68902,81.627754,159.75,100.53011,59.219887,59.219887,100.53011,631.4545,5.4552083,36.969696,0.0,11.625426,35.248344,50.05819,59.80284,85.37491,178.71823,58.029118,50.15568,44.753597,57.68821,0.0
RTSIsc1.48dRnd0000000201_Ne.4Si50_Cr.0Bi-48.00-5SBi-06.00-5nA160Am0.0Sm0.25mT0.001No0Al0.1Be0eT0eA160eS0eFS0eFa0.out,-48.0,-6.0,50.0,17.0,319.5,0.21809384,-47.471664,-91.274284,-82.236275,436.88846,-108.73762,20.214157,0.32906106,34.603695,43.30488,8.581156,81.98452,41.99555,26.37661,15.618939,15.553835,21.194933,92.51991,82.9217,159.75,95.581726,64.168274,64.168274,95.581726,632.7273,5.537642,37.090908,0.0,13.539394,39.18087,54.532764,63.67107,87.85047,177.41193,58.062737,47.34773,40.844746,50.28556,0.0
RTSIsc1.48dRnd0000000116_Ne.4Si50_Cr.0Bi-18.00-5SBi-08.00-5nA160Am0.0Sm0.25mT0.001No0Al0.1Be0eT0eA160eS0eFS0eFa0.out,-18.0,-8.0,50.0,17.0,319.5,0.17234358,-64.97118,-81.69596,-70.07805,452.89914,-106.92361,26.407658,0.29525155,6.913684,16.225805,11.130398,69.77003,38.927036,25.048532,13.878504,13.821591,18.481676,82.9365,70.82656,159.75,102.75028,56.999718,56.999718,102.75028,632.30304,5.6063447,36.878788,0.0,12.314584,33.641666,46.349243,56.069744,82.51756,182.12154,59.23016,52.064156,45.641148,62.353218,0.0
RTSIsc1.48dRnd0000000037_Ne.4Si50_Cr.0Bi24.00-5SBi-10.00-5nA160Am0.0Sm0.25mT0.001No0Al0.1Be0eT0eA160eS0eFS0eFa0.out,24.0,-10.0,50.0,17.0,319.5,0.275308,-82.256966,-60.078922,-46.26827,390.5775,-95.56734,35.433968,0.2814849,35.48679,21.680445,13.318324,46.10554,37.815247,24.79891,13.0163355,12.9566765,18.331345,61.421574,47.115147,159.75,104.97135,54.778645,54.778645,104.97135,632.36365,5.4389677,36.81818,0.0,13.278409,34.80251,45.036602,52.576138,77.74451,184.02846,58.470264,50.605114,46.402653,69.41898,0.0
RTSIsc1.48dRnd0000000417_Ne.4Si50_Cr.0Bi-16.00-5SBi-02.00-5nA160Am0.0Sm0.25mT0.001No0Al0.1Be0eT0eA160eS0eFS0eFa0.out,-16.0,-2.0,50.0,17.0,319.5,0.20007786,-17.507769,-33.399353,-22.578384,336.27744,-74.96738,55.734116,0.30840543,6.466809,15.391904,10.340909,22.398249,40.371353,25.698675,14.67268,14.6143465,18.405966,35.214615,24.402836,159.75,100.60815,59.141857,59.141857,100.60815,632.1212,5.2806816,36.484848,0.0,8.317992,31.10644,49.566334,62.610558,89.726326,180.55692,62.279358,50.810654,42.968468,54.178173,0.0
RTSIsc1.48dRnd0000001018_Ne.4Si50_Cr.0Bi-14.00-5SBi10.00-5nA160Am0.0Sm0.25mT0.001No0Al0.1Be0eT0eA160eS0eFS0eFa0.out,-14.0,10.0,50.0,17.0,319.5,0.32634857,79.88784,66.921745,53.571167,380.36688,-28.717678,101.81423,0.28322875,25.815908,12.4675665,12.85876,52.771214,37.715153,24.506203,13.208949,13.149716,18.383759,67.594185,53.66352,159.75,104.65256,55.097443,55.097443,104.65256,631.75757,5.4920926,36.939392,0.0,13.205634,33.781296,45.774715,53.24503,77.8374,183.79465,58.455494,50.7321,45.981865,68.94939,0.0
RTSIsc1.48dRnd0000000636_Ne.4Si50_Cr.0Bi22.00-5SBi02.00-5nA160Am0.0Sm0.25mT0.001No0Al0.1Be0eT0eA160eS0eFS0eFa0.out,22.0,2.0,50.0,17.0,319.5,0.40342808,20.391226,42.00549,30.680998,352.27887,-49.606068,81.72317,0.30545005,10.559801,21.115152,10.850758,29.859423,39.113873,24.932482,14.181392,14.118797,19.213116,42.92117,31.511703,159.75,100.542755,59.207245,59.207245,100.542755,631.3939,5.590483,37.242424,0.0,9.018797,31.7616,48.56979,59.959755,85.875946,186.60672,60.41889,50.1598,42.741287,56.281345,0.0
RTSIsc1.48dRnd0000000511_Ne.4Si50_Cr.0Bi-28.00-5SBi00.00-5nA160Am0.0Sm0.25mT0.001No0Al0.1Be0eT0eA160eS0eFS0eFa0.out,-28.0,0.0,50.0,17.0,319.5,-0.007650256,-0.18800518,-27.898024,-17.480618,324.64697,-70.709564,59.282562,0.31299177,16.982576,27.208523,9.96894,17.193277,40.659233,25.820312,14.838921,14.774432,18.66965,30.524258,20.37233,159.75,99.66179,60.08821,60.08821,99.66179,632.0606,5.439441,37.18182,0.0,7.735417,30.204498,49.821827,64.538734,90.35469,183.53798,61.909897,49.61487,41.039726,53.302982,0.0
RTSIsc1.48dRnd0000000748_Ne.4Si50_Cr.0Bi46.00-5SBi04.00-5nA160Am0.0Sm0.25mT0.001No0Al0.1Be0eT0eA160eS0eFS0eFa0.out,46.0,4.0,50.0,17.0,319.5,0.13998732,29.674389,74.60788,63.528244,411.67316,-29.46378,104.7438,0.3004244,33.600285,44.432243,10.594839,62.925236,39.297066,25.12339,14.173675,14.115814,18.288542,75.47118,64.022934,159.75,101.992805,57.7572,57.7572,101.992805,630.1818,5.394176,36.515152,0.0,8.956108,31.36662,47.239063,59.312973,87.213165,182.00781,61.00516,50.82571,44.398438,57.85677,0.0
RTSIsc1.48dRnd0000000406_Ne.4Si50_Cr.0Bi-38.00-5SBi-02.00-5nA160Am0.0Sm0.25mT0.001No0Al0.1Be0eT0eA160eS0eFS0eFa0.out,-38.0,-2.0,50.0,17.0,319.5,0.87822986,-15.109371,-52.426003,-41.04915,377.82907,-88.526405,46.571827,0.30299875,25.608002,36.820267,10.901326,41.467186,39.84806,25.566477,14.281582,14.219413,18.752794,54.408905,42.713543,159.75,101.253174,58.496826,58.496826,101.253174,633.1515,5.408807,36.636364,0.0,9.900994,32.572113,48.664726,59.761127,87.07879,182.55899,61.160606,50.5625,43.55488,57.33679,0.0
RTSIsc1.48dRnd0000000324_Ne.4Si50_Cr.0Bi-02.00-5SBi-04.00-5nA160Am0.0Sm0.25mT0.001No0Al0.1Be0eT0eA160eS0eFS0eFa0.out,-2.0,-4.0,50.0,17.0,319.5,0.3834885,-32.378872,-34.395943,-22.75647,340.10733,-75.8492,54.536926,0.30030182,9.261695,1.7407197,11.1702175,22.844175,39.34465,25.120407,14.224242,14.161032,17.941193,36.58884,24.851645,159.75,102.1839,57.566097,57.566097,102.1839,632.0606,5.4691763,37.151516,0.0,8.37822,30.056961,47.127605,59.576088,87.608,185.2964,61.597916,50.676468,43.919983,57.822964,0.0
RTSIsc1.48dRnd0000000837_Ne.4Si50_Cr.0Bi24.00-5SBi06.00-5nA160Am0.0Sm0.25mT0.001No0Al0.1Be0eT0eA160eS0eFS0eFa0.out,24.0,6.0,50.0,17.0,319.5,0.18381555,48.051563,71.396706,58.79696,405.36908,-29.734621,103.70613,0.2918899,11.832102,22.843655,12.109043,58.183853,38.683712,24.948248,13.735464,13.671354,17.482481,72.19034,59.193398,159.75,103.79896,55.951042,55.951042,103.79896,631.8182,5.3936553,36.757576,0.0,9.287831,31.390577,46.02609,57.25587,83.614586,185.96013,60.50336,50.91856,44.672962,62.18821,0.0
RTSIsc1.48dRnd0000000427_Ne.4Si50_Cr.0Bi04.00-5SBi-02.00-5nA160Am0.0Sm0.25mT0.001No0Al0.1Be0eT0eA160eS0eFS0eFa0.out,4.0,-2.0,50.0,17.0,319.5,0.4546482,-13.706023,-9.874712,-4.183574,262.83676,-62.820126,61.37922,0.35795748,9.276799,3.348911,6.114773,5.4791193,44.73826,28.075,16.663258,16.59787,21.842566,18.076439,11.117729,159.75,90.56359,69.18641,69.18641,90.56359,632.0,5.5536456,36.636364,0.0,5.4368844,28.270313,56.289913,77.655495,104.21061,186.568,60.376373,43.70379,32.496353,36.992283,0.0
RTSIsc1.48dRnd0000000025_Ne.4Si50_Cr.0Bi00.00-5SBi-10.00-5nA160Am0.0Sm0.25mT0.001No0Al0.1Be0eT0eA160eS0eFS0eFa0.out,0.0,-10.0,50.0,17.0,319.5,0.13808349,-79.03968,-79.0434,-66.51524,403.68683,-105.28772,24.339697,0.28158486,12.042803,0.989678,12.0381155,66.18291,37.172398,24.00696,13.165436,13.1067705,17.919556,80.25347,66.97621,159.75,105.22339,54.52661,54.52661,105.22339,632.48486,5.4171877,36.575756,0.0,14.059469,32.986126,44.700947,52.37178,78.73399,183.36127,59.003693,52.034092,46.857292,68.37618,0.0
RTSIsc1.48dRnd0000000044_Ne.4Si50_Cr.0Bi38.00-5SBi-10.00-5nA160Am0.0Sm0.25mT0.001No0Al0.1Be0eT0eA160eS0eFS0eFa0.out,38.0,-10.0,50.0,17.0,319.5,0.459146,-77.945335,-41.67148,-28.481022,360.09973,-82.613434,46.424232,0.2871161,48.96373,35.771687,12.709801,28.565908,37.517567,24.271496,13.24607,13.185416,18.667614,43.420467,29.946672,159.75,103.82254,55.927464,55.927464,103.82254,630.5455,5.5830493,37.090908,0.0,12.54768,33.113304,45.934658,54.23698,78.123344,185.51581,58.386032,50.28106,45.46979,66.93679,0.0
RTSIsc1.48dRnd0000000219_Ne.4Si50_Cr.0Bi-12.00-5SBi-06.00-5nA160Am0.0Sm0.25mT0.001No0Al0.1Be0eT0eA160eS0eFS0eFa0.out,-12.0,-6.0,50.0,17.0,319.5,0.41073892,-47.161377,-58.95157,-46.11814,390.42413,-93.45609,40.702656,0.2876334,5.013778,11.290578,12.351373,46.098675,38.37159,24.70341,13.668181,13.607291,17.553362,60.486256,47.285168,159.75,104.437546,55.312454,55.312454,104.437546,633.2727,5.5080967,37.090908,0.0,11.456297,33.170975,46.81444,56.004784,80.66515,182.37392,60.547016,51.864395,45.478363,64.89739,0.0
RTSIsc1.48dRnd0000000129_Ne.4Si50_Cr.0Bi08.00-5SBi-08.00-5nA160Am0.0Sm0.25mT0.001No0Al0.1Be0eT0eA160eS0eFS0eFa0.out,8.0,-8.0,50.0,17.0,319.5,0.1800122,-64.694855,-57.130104,-44.352913,361.43417,-92.3236,36.440018,0.2837739,19.839725,7.0677557,12.285227,44.078835,37.360226,24.126469,13.23376,13.17287,18.202415,58.397373,45.06388,159.75,104.68508,55.064915,55.064915,104.68508,631.0303,5.576089,36.636364,0.0,12.790814,32.149906,44.791286,52.403553,77.901985,187.32056,59.559895,51.97036,45.322536,66.81941,0.0
RTSIsc1.48dRnd0000000236_Ne.4Si50_Cr.0Bi22.00-5SBi-06.00-5nA160Am0.0Sm0.25mT0.001No0Al0.1Be0eT0eA160eS0eFS0eFa0.out,22.0,-6.0,50.0,17.0,319.5,0.4605758,-48.968216,-27.443027,-15.488467,305.7723,-70.87181,55.01612,0.2995887,32.982006,21.02713,11.489016,15.616903,39.199383,25.20232,13.997065,13.936743,18.300379,30.218296,18.397532,159.75,102.015816,57.734184,57.734184,102.015816,634.0,5.371307,36.81818,0.0,7.9478693,30.423769,49.64304,61.128788,87.8572,184.12775,61.017044,49.827084,42.053173,59.97429,0.0
