filename,Bi,SBi,Si,$REPET,StepCounter,ambientTemp,meanTemp,meanSensors,meanOpinion,sdevOpinion,minOpinion,maxOpinion,meanReliability,mnOpinErr!,mnSensErr!,mnOpSensDiff!,mnOpAmbDiff!,providersCount,cntProviders,newProviders,delProviders,self_net,meanDistSelf,meanDistNet,liveCount,link_up,link_dw,sensor_up,sensor_dw,howManyLinks,Ambient_waves_numb,Scrambs_numb,HistTooLow,H0,H1,H2,H3,H4,H5,H6,H7,H8,H9,HistTooHig
RTSIsc1.48cRnd0000000024_Ne.4Si50_Cr.0Bi20.00-5SBi04.00-5nA160Am0.0Sm0.25mT0.001No0Al0.1Be0eT0eA160eS0eFS0eFa0.out,20.0,4.0,50.0,17.0,319.5,0.33887494,34.589626,54.13886,42.34763,379.85205,-44.06538,92.11105,0.29803503,8.729688,19.0509,11.306297,41.55445,38.770027,24.822254,13.947775,13.885796,18.63035,54.928707,42.671734,159.75,102.12339,57.62661,57.62661,102.12339,629.9394,5.6216855,37.333332,0.0,10.363494,32.58073,46.651752,57.028645,83.38769,184.59483,60.007008,51.317284,44.178837,59.82912,0.0
RTSIsc1.48cRnd0000000025_Ne.4Si50_Cr.0Bi25.00-5SBi10.00-5nA160Am0.0Sm0.25mT0.001No0Al0.1Be0eT0eA160eS0eFS0eFa0.out,25.0,10.0,50.0,17.0,319.5,0.13808349,79.73332,100.06902,91.1009,471.0329,-17.245481,114.39534,0.33604747,12.035891,19.834707,8.520076,90.46922,41.773296,25.923296,15.85,15.788636,23.188257,100.8746,91.30671,159.75,93.32737,66.42263,66.42263,93.32737,631.57574,5.4171877,36.575756,0.0,19.754404,45.873817,57.94233,64.39687,85.62642,167.73897,53.937595,45.311317,40.06231,50.931725,0.0
RTSIsc1.48cRnd0000000024_Ne.4Si50_Cr.0Bi20.00-5SBi06.00-5nA160Am0.0Sm0.25mT0.001No0Al0.1Be0eT0eA160eS0eFS0eFa0.out,20.0,6.0,50.0,17.0,319.5,0.33887494,50.974514,70.652794,58.694984,413.68307,-30.785143,103.49265,0.29921654,8.789252,19.178978,11.462784,57.870502,39.949383,25.922585,14.026799,13.968182,18.542707,71.29619,58.8859,159.75,102.04337,57.706627,57.706627,102.04337,632.9697,5.6216855,37.333332,0.0,10.551752,33.531628,48.233997,58.769035,85.71269,181.13792,59.834564,50.591053,44.436695,60.17036,0.0
RTSIsc1.48cRnd0000000022_Ne.4Si50_Cr.0Bi10.00-5SBi02.00-5nA160Am0.0Sm0.25mT0.001No0Al0.1Be0eT0eA160eS0eFS0eFa0.out,10.0,2.0,50.0,17.0,319.5,0.42722717,16.101473,26.049593,16.059837,307.9989,-56.69952,70.83143,0.32180256,3.9194603,9.447112,9.5272255,15.37642,41.31605,26.365437,14.950616,14.8870735,19.942472,28.558418,18.750088,159.75,97.48376,62.26624,62.26624,97.48376,631.9394,5.5001893,36.848484,0.0,9.205587,31.462358,50.987972,65.06364,92.072205,185.007,60.308712,48.32178,38.897587,50.61255,0.0
RTSIsc1.48cRnd0000000011_Ne.4Si50_Cr.0Bi-45.00-5SBi-02.00-5nA160Am0.0Sm0.25mT0.001No0Al0.1Be0eT0eA160eS0eFS0eFa0.out,-45.0,-2.0,50.0,17.0,319.5,0.38684684,-14.952363,-58.967007,-46.4544,407.76117,-93.37989,43.56611,0.29244736,31.138874,43.511696,12.019555,46.375427,38.445454,24.617567,13.8278885,13.770975,17.78286,60.509434,47.525665,159.75,103.55256,56.197445,56.197445,103.55256,632.0,5.576278,36.666668,0.0,9.45071,30.631723,46.317284,57.33963,85.02874,185.08855,61.109516,51.2848,44.239063,61.50999,0.0
RTSIsc1.48cRnd0000000025_Ne.4Si50_Cr.0Bi25.00-5SBi-06.00-5nA160Am0.0Sm0.25mT0.001No0Al0.1Be0eT0eA160eS0eFS0eFa0.out,25.0,-6.0,50.0,17.0,319.5,0.13808349,-48.16894,-23.471777,-12.626303,306.17575,-69.09066,57.70147,0.31377345,35.042423,24.200851,10.379072,12.542234,40.539345,25.976658,14.56269,14.50142,19.470833,26.655207,15.9481735,159.75,99.09422,60.655777,60.655777,99.09422,631.3333,5.4171877,36.575756,0.0,8.490909,31.420502,51.33641,64.17552,88.22401,184.13443,59.721447,48.613873,40.302414,54.913826,0.0
RTSIsc1.48cRnd0000000021_Ne.4Si50_Cr.0Bi05.00-5SBi10.00-5nA160Am0.0Sm0.25mT0.001No0Al0.1Be0eT0eA160eS0eFS0eFa0.out,5.0,10.0,50.0,17.0,319.5,0.48364154,81.89302,86.23233,73.96787,417.2488,-17.819786,111.354866,0.2859248,7.771212,3.888873,11.776326,72.99025,38.023106,24.389204,13.633902,13.5755205,17.507765,86.718834,73.760994,159.75,104.793274,54.956722,54.956722,104.793274,632.48486,5.5368843,36.878788,0.0,11.649006,32.685654,45.62263,54.81913,81.56686,183.9597,59.437782,50.265625,46.336838,66.14162,0.0
RTSIsc1.48cRnd0000000017_Ne.4Si50_Cr.0Bi-15.00-5SBi-08.00-5nA160Am0.0Sm0.25mT0.001No0Al0.1Be0eT0eA160eS0eFS0eFa0.out,-15.0,-8.0,50.0,17.0,319.5,0.5888547,-62.304317,-76.34637,-63.67656,397.14716,-103.80565,24.526743,0.27782923,5.262121,13.542046,12.177036,63.830967,36.93835,23.860605,13.077746,13.023106,16.694508,77.989784,64.64643,159.75,106.58518,53.16482,53.16482,106.58518,631.2727,5.4702654,36.939392,0.0,10.3326235,31.232197,42.95535,53.35298,78.041664,187.06108,60.18854,52.637123,47.607906,67.86326,0.0
RTSIsc1.48cRnd0000000028_Ne.4Si50_Cr.0Bi40.00-5SBi08.00-5nA160Am0.0Sm0.25mT0.001No0Al0.1Be0eT0eA160eS0eFS0eFa0.out,40.0,8.0,50.0,17.0,319.5,0.40650687,65.03505,98.930824,90.27187,466.48737,-19.461988,113.91584,0.34428236,25.325663,33.396305,8.238163,89.40819,41.701233,25.518656,16.182575,16.120123,25.341146,99.52183,90.45809,159.75,90.60322,69.14678,69.14678,90.60322,629.69696,5.4322915,37.060608,0.0,24.257812,50.7295,59.748817,63.807007,83.134514,165.70848,52.659042,44.157578,38.427605,47.06662,0.0
RTSIsc1.48cRnd0000000011_Ne.4Si50_Cr.0Bi-45.00-5SBi-08.00-5nA160Am0.0Sm0.25mT0.001No0Al0.1Be0eT0eA160eS0eFS0eFa0.out,-45.0,-8.0,50.0,17.0,319.5,0.38684684,-63.121624,-99.35428,-92.83157,452.97504,-109.75701,23.520199,0.38742024,29.48428,35.732624,6.1605587,92.717896,45.234802,26.993181,18.24162,18.168324,31.45535,100.7827,93.52201,159.75,79.969696,79.780304,79.780304,79.969696,632.42426,5.576278,36.666668,0.0,36.05682,62.210983,71.31941,71.91245,85.958,152.77718,47.069225,37.668938,32.416714,35.034515,0.0
RTSIsc1.48cRnd0000000010_Ne.4Si50_Cr.0Bi-50.00-5SBi00.00-5nA160Am0.0Sm0.25mT0.001No0Al0.1Be0eT0eA160eS0eFS0eFa0.out,-50.0,0.0,50.0,17.0,319.5,0.86489,-0.28535292,-49.5428,-36.99464,406.33,-86.68833,50.597767,0.29574838,36.384045,48.756535,12.0660515,37.498768,38.409897,24.449432,13.9604645,13.9008045,18.100285,51.625263,38.963303,159.75,102.833855,56.916145,56.916145,102.833855,632.0606,5.6126895,36.878788,0.0,9.696449,33.144695,47.512974,57.70199,84.16189,181.7421,60.661552,52.014347,44.89858,60.526043,0.0
RTSIsc1.48cRnd0000000013_Ne.4Si50_Cr.0Bi-35.00-5SBi06.00-5nA160Am0.0Sm0.25mT0.001No0Al0.1Be0eT0eA160eS0eFS0eFa0.out,-35.0,6.0,50.0,17.0,319.5,0.08371838,50.048534,15.49264,7.6882987,280.19278,-57.126743,67.70928,0.3317641,41.862167,34.058334,8.284281,8.241951,42.092613,26.516619,15.5759945,15.512405,19.988447,22.569494,13.227598,159.75,95.88423,63.86577,63.86577,95.88423,631.9394,5.4544034,37.060608,0.0,6.0722537,28.947206,52.11998,70.22652,96.57031,186.32234,60.839916,47.287262,36.991905,46.561695,0.0
RTSIsc1.48cRnd0000000012_Ne.4Si50_Cr.0Bi-40.00-5SBi-08.00-5nA160Am0.0Sm0.25mT0.001No0Al0.1Be0eT0eA160eS0eFS0eFa0.out,-40.0,-8.0,50.0,17.0,319.5,0.6071068,-64.01051,-96.98713,-89.690544,440.32318,-109.46324,21.918434,0.37204534,25.517708,32.476135,6.884138,89.7973,44.860985,27.226894,17.63409,17.569696,29.355255,98.56962,90.67011,159.75,83.77202,75.97798,75.97798,83.77202,631.57574,5.5832386,37.060608,0.0,33.071163,60.392612,66.534,67.98324,84.246635,156.66023,48.824905,39.94574,34.40772,39.509518,0.0
RTSIsc1.48cRnd0000000016_Ne.4Si50_Cr.0Bi-20.00-5SBi00.00-5nA160Am0.0Sm0.25mT0.001No0Al0.1Be0eT0eA160eS0eFS0eFa0.out,-20.0,0.0,50.0,17.0,319.5,0.3422631,0.27468398,-19.446012,-10.570956,296.711,-65.98501,61.57344,0.3303585,10.633617,19.223768,8.443466,10.744886,42.090576,26.730871,15.359707,15.29626,20.615057,23.803738,14.93143,159.75,95.74138,64.00862,64.00862,95.74138,631.0909,5.5526514,36.878788,0.0,7.6189866,30.998722,52.33698,68.38821,93.94749,183.90393,61.164158,47.945408,37.854404,46.932625,0.0
RTSIsc1.48cRnd0000000026_Ne.4Si50_Cr.0Bi30.00-5SBi-06.00-5nA160Am0.0Sm0.25mT0.001No0Al0.1Be0eT0eA160eS0eFS0eFa0.out,30.0,-6.0,50.0,17.0,319.5,0.34040532,-49.51017,-19.905334,-11.132965,305.30072,-68.56563,60.7149,0.33132365,37.87694,29.104593,8.701988,11.664773,42.066856,26.704355,15.3625,15.297632,20.94195,25.04395,15.698335,159.75,95.311554,64.438446,64.438446,95.311554,631.8182,5.477746,37.303032,0.0,8.585985,32.943325,53.19801,68.181625,92.19446,183.90933,59.721638,46.506817,37.737736,48.839252,0.0
RTSIsc1.48cRnd0000000010_Ne.4Si50_Cr.0Bi-50.00-5SBi10.00-5nA160Am0.0Sm0.25mT0.001No0Al0.1Be0eT0eA160eS0eFS0eFa0.out,-50.0,10.0,50.0,17.0,319.5,0.86489,80.13432,31.634697,18.450045,326.00668,-49.7544,76.11129,0.29176596,61.185368,47.998436,12.717803,17.255209,37.777985,24.131771,13.646213,13.5884,18.565294,32.57654,19.617287,159.75,103.17656,56.573437,56.573437,103.17656,632.1212,5.6126895,36.878788,0.0,9.983618,32.354877,47.268562,56.594837,81.52633,188.15157,59.314583,49.743656,43.119793,64.0634,0.0
RTSIsc1.48cRnd0000000013_Ne.4Si50_Cr.0Bi-35.00-5SBi08.00-5nA160Am0.0Sm0.25mT0.001No0Al0.1Be0eT0eA160eS0eFS0eFa0.out,-35.0,8.0,50.0,17.0,319.5,0.08371838,66.096596,31.939508,19.59065,304.88544,-50.451267,75.825775,0.29732302,46.002983,33.656773,11.87822,19.150663,39.105587,25.266289,13.839299,13.778835,18.609755,34.169643,21.674341,159.75,102.252655,57.49735,57.49735,102.252655,630.8485,5.4544034,37.060608,0.0,10.473674,32.194317,47.599384,58.730396,85.23305,183.58774,59.73177,49.426373,41.867756,62.004025,0.0
RTSIsc1.48cRnd0000000011_Ne.4Si50_Cr.0Bi-45.00-5SBi04.00-5nA160Am0.0Sm0.25mT0.001No0Al0.1Be0eT0eA160eS0eFS0eFa0.out,-45.0,4.0,50.0,17.0,319.5,0.38684684,33.48754,-11.035922,-5.3520904,294.64847,-63.384323,64.91971,0.34930047,38.36681,44.02405,6.4591856,6.1327653,44.47036,28.087406,16.382954,16.317566,21.027887,19.777647,12.240258,159.75,92.461555,67.288445,67.288445,92.461555,631.8788,5.576278,36.666668,0.0,5.880445,27.779024,53.989964,74.90492,102.02329,185.60464,62.354736,45.987026,34.605824,38.748913,0.0
RTSIsc1.48cRnd0000000015_Ne.4Si50_Cr.0Bi-25.00-5SBi-06.00-5nA160Am0.0Sm0.25mT0.001No0Al0.1Be0eT0eA160eS0eFS0eFa0.out,-25.0,-6.0,50.0,17.0,319.5,0.28324407,-46.557194,-70.57455,-59.083115,421.6819,-101.41431,35.581913,0.30237615,12.93731,23.517376,11.006676,58.9134,40.030968,25.723911,14.3070545,14.247822,19.432528,71.99223,60.055702,159.75,100.962456,58.787548,58.787548,100.962456,630.1212,5.7274146,36.909092,0.0,10.732008,33.986744,48.348675,59.111267,84.252655,180.58632,58.663826,50.275948,44.94375,59.220028,0.0
RTSIsc1.48cRnd0000000010_Ne.4Si50_Cr.0Bi-50.00-5SBi04.00-5nA160Am0.0Sm0.25mT0.001No0Al0.1Be0eT0eA160eS0eFS0eFa0.out,-50.0,4.0,50.0,17.0,319.5,0.86489,32.16936,-17.13104,-8.927136,306.20087,-65.50974,64.907524,0.33617958,40.598297,48.802555,7.78286,9.582102,42.74375,27.052084,15.691667,15.627983,20.56998,22.732794,14.336624,159.75,94.83793,64.91207,64.91207,94.83793,631.75757,5.6126895,36.878788,0.0,6.607434,30.236364,53.13906,71.22102,97.25322,183.2197,61.27405,46.678883,37.674007,44.453835,0.0
RTSIsc1.48cRnd0000000023_Ne.4Si50_Cr.0Bi15.00-5SBi-02.00-5nA160Am0.0Sm0.25mT0.001No0Al0.1Be0eT0eA160eS0eFS0eFa0.out,15.0,-2.0,50.0,17.0,319.5,0.26235053,-16.777182,-2.0226963,-0.60029095,256.85916,-61.70692,64.73406,0.37651312,15.696354,14.256439,4.0393467,3.354214,46.81335,29.087406,17.725946,17.654215,22.85947,15.888429,9.989331,159.75,86.908005,72.841995,72.841995,86.908005,631.4545,5.5837593,37.0,0.0,4.484517,28.027842,58.527653,83.62457,110.77311,183.4266,60.95966,41.994884,29.551847,30.083855,0.0
RTSIsc1.48cRnd0000000022_Ne.4Si50_Cr.0Bi10.00-5SBi08.00-5nA160Am0.0Sm0.25mT0.001No0Al0.1Be0eT0eA160eS0eFS0eFa0.out,10.0,8.0,50.0,17.0,319.5,0.42722717,64.55322,74.31331,62.113014,389.2004,-26.246449,105.207596,0.29077604,4.71804,9.259375,11.71482,61.221447,38.771873,25.069176,13.702699,13.642235,18.485653,74.870476,62.08782,159.75,103.38324,56.36676,56.36676,103.38324,631.2121,5.5001893,36.848484,0.0,11.233238,34.125805,46.551563,55.590767,80.70052,184.0759,59.32822,50.55644,44.90322,64.14645,0.0
RTSIsc1.48cRnd0000000014_Ne.4Si50_Cr.0Bi-30.00-5SBi-10.00-5nA160Am0.0Sm0.25mT0.001No0Al0.1Be0eT0eA160eS0eFS0eFa0.out,-30.0,-10.0,50.0,17.0,319.5,0.029123865,-79.857216,-100.64048,-94.90151,420.8368,-109.769424,21.446318,0.40608662,15.043229,20.283144,5.432055,94.433525,45.58286,26.737026,18.845833,18.78016,36.27803,101.69894,95.16511,159.75,74.073814,85.676186,85.676186,74.073814,631.0303,5.741809,36.909092,0.0,48.582386,75.60947,77.049194,71.01013,80.1626,141.62045,42.47121,33.920265,29.379261,31.225332,0.0
RTSIsc1.48cRnd0000000023_Ne.4Si50_Cr.0Bi15.00-5SBi-08.00-5nA160Am0.0Sm0.25mT0.001No0Al0.1Be0eT0eA160eS0eFS0eFa0.out,15.0,-8.0,50.0,17.0,319.5,0.26235053,-65.406364,-50.571445,-37.554314,362.98938,-88.54131,41.606003,0.28198007,27.349195,14.33589,12.526089,37.362072,37.758995,24.486933,13.272064,13.215104,17.258665,51.972527,38.42591,159.75,105.559944,54.190056,54.190056,105.559944,633.0909,5.5837593,37.0,0.0,10.377983,31.65909,45.04536,54.672443,80.99555,186.39745,59.381676,51.77732,45.86941,66.91463,0.0
RTSIsc1.48cRnd0000000016_Ne.4Si50_Cr.0Bi-20.00-5SBi-08.00-5nA160Am0.0Sm0.25mT0.001No0Al0.1Be0eT0eA160eS0eFS0eFa0.out,-20.0,-8.0,50.0,17.0,319.5,0.3422631,-64.44127,-83.00896,-70.94738,422.24988,-107.148056,23.040663,0.28783706,8.048959,18.068514,11.582528,70.82362,38.186554,24.633238,13.553314,13.49233,18.205872,84.38336,71.70448,159.75,104.0563,55.693703,55.693703,104.0563,631.8182,5.5526514,36.878788,0.0,14.589773,34.396828,45.36894,54.260605,79.73968,182.05649,58.82836,50.36984,45.26264,66.94503,0.0
RTSIsc1.48cRnd0000000024_Ne.4Si50_Cr.0Bi20.00-5SBi10.00-5nA160Am0.0Sm0.25mT0.001No0Al0.1Be0eT0eA160eS0eFS0eFa0.out,20.0,10.0,50.0,17.0,319.5,0.33887494,82.7196,98.63713,89.26586,482.17792,-17.28845,114.361694,0.3308828,8.061411,15.4169035,8.924195,88.45757,42.03371,26.132671,15.901042,15.835133,22.062168,99.29375,89.36758,159.75,94.793465,64.956535,64.956535,94.793465,633.1515,5.6216855,37.333332,0.0,19.559942,44.081203,56.342945,63.874054,87.8482,167.01733,54.644413,46.21539,41.19356,52.374477,0.0
RTSIsc1.48cRnd0000000017_Ne.4Si50_Cr.0Bi-15.00-5SBi08.00-5nA160Am0.0Sm0.25mT0.001No0Al0.1Be0eT0eA160eS0eFS0eFa0.out,-15.0,8.0,50.0,17.0,319.5,0.5888547,67.38718,52.765556,39.539265,357.7871,-38.94142,91.02128,0.28316626,27.34948,14.121354,12.74465,38.497063,37.55805,24.235275,13.322775,13.266098,17.667992,53.25286,39.467854,159.75,105.14432,54.605682,54.605682,105.14432,631.1515,5.4702654,36.939392,0.0,10.332339,31.821827,44.22372,53.86941,79.24498,187.23476,60.551422,51.649765,46.031487,66.19181,0.0
RTSIsc1.48cRnd0000000022_Ne.4Si50_Cr.0Bi10.00-5SBi-02.00-5nA160Am0.0Sm0.25mT0.001No0Al0.1Be0eT0eA160eS0eFS0eFa0.out,10.0,-2.0,50.0,17.0,319.5,0.42722717,-16.308393,-6.44281,-2.7381752,260.84805,-63.38892,62.9719,0.35641956,13.123248,9.364394,5.4405303,4.9168563,44.860607,28.25175,16.608854,16.538921,21.264347,17.797504,10.743603,159.75,91.13684,68.61316,68.61316,91.13684,632.0,5.5001893,36.848484,0.0,4.7796874,27.808144,55.64981,78.24176,105.00796,184.18944,62.417328,44.341526,32.86411,36.700237,0.0
RTSIsc1.48cRnd0000000013_Ne.4Si50_Cr.0Bi-35.00-5SBi10.00-5nA160Am0.0Sm0.25mT0.001No0Al0.1Be0eT0eA160eS0eFS0eFa0.out,-35.0,10.0,50.0,17.0,319.5,0.08371838,81.30823,48.160667,34.06879,360.32544,-39.99163,88.82392,0.28029165,46.740246,32.651752,13.613021,33.597347,37.126232,23.931486,13.194744,13.136506,17.720455,49.31923,34.779827,159.75,105.55606,54.19394,54.19394,105.55606,630.8485,5.4544034,37.060608,0.0,11.772396,31.171686,43.859898,53.194553,77.55042,187.84053,59.576847,51.36179,46.451706,68.06866,0.0
RTSIsc1.48cRnd0000000015_Ne.4Si50_Cr.0Bi-25.00-5SBi00.00-5nA160Am0.0Sm0.25mT0.001No0Al0.1Be0eT0eA160eS0eFS0eFa0.out,-25.0,0.0,50.0,17.0,319.5,0.28324407,2.1471334,-22.467636,-13.15748,317.93713,-68.86876,61.712234,0.3273286,15.019129,24.114347,8.943182,13.3458805,41.642044,26.550995,15.091051,15.029498,20.098627,26.548367,17.17038,159.75,96.55398,63.196022,63.196022,96.55398,631.3939,5.7274146,36.909092,0.0,7.1913824,30.160133,52.350567,68.229454,95.3108,183.99725,60.22756,47.46359,38.242424,48.220787,0.0
RTSIsc1.48cRnd0000000020_Ne.4Si50_Cr.0Bi00.00-5SBi06.00-5nA160Am0.0Sm0.25mT0.001No0Al0.1Be0eT0eA160eS0eFS0eFa0.out,0.0,6.0,50.0,17.0,319.5,0.48904797,46.567757,46.49915,33.021606,354.18524,-44.064507,86.0309,0.28521526,13.069413,1.014252,12.991619,32.143135,37.52197,24.158,13.363968,13.309753,17.652367,47.23614,33.437706,159.75,104.82803,54.92197,54.92197,104.82803,630.6667,5.2882576,37.121212,0.0,9.455445,31.175804,45.931202,56.29986,82.86723,183.527,60.372395,51.097347,44.686222,65.254166,0.0
RTSIsc1.48cRnd0000000023_Ne.4Si50_Cr.0Bi15.00-5SBi-04.00-5nA160Am0.0Sm0.25mT0.001No0Al0.1Be0eT0eA160eS0eFS0eFa0.out,15.0,-4.0,50.0,17.0,319.5,0.26235053,-33.065647,-18.28608,-9.415854,287.25018,-65.78001,61.002872,0.33021164,23.148863,14.2805395,8.450852,9.560275,41.961647,26.562832,15.398816,15.336222,20.16681,22.764898,13.826522,159.75,96.0267,63.723297,63.723297,96.0267,632.7273,5.5837593,37.0,0.0,6.851231,30.01359,52.275047,68.74247,95.08537,187.8162,60.558853,46.89058,37.66449,46.829453,0.0
RTSIsc1.48cRnd0000000023_Ne.4Si50_Cr.0Bi15.00-5SBi06.00-5nA160Am0.0Sm0.25mT0.001No0Al0.1Be0eT0eA160eS0eFS0eFa0.out,15.0,6.0,50.0,17.0,319.5,0.26235053,48.36863,63.138035,50.80067,376.23578,-33.77951,98.64594,0.29221192,5.618466,14.267045,11.862216,50.07732,38.218372,24.432434,13.785937,13.728125,17.942234,63.88838,51.001904,159.75,103.50043,56.249573,56.249573,103.50043,633.3333,5.5837593,37.0,0.0,9.676799,31.269413,46.00767,56.7125,83.534,186.06596,61.92827,51.09787,44.8429,62.197964,0.0
RTSIsc1.48cRnd0000000022_Ne.4Si50_Cr.0Bi10.00-5SBi-08.00-5nA160Am0.0Sm0.25mT0.001No0Al0.1Be0eT0eA160eS0eFS0eFa0.out,10.0,-8.0,50.0,17.0,319.5,0.42722717,-64.56903,-55.025345,-42.806168,367.30844,-91.95447,39.62993,0.29504216,21.266666,9.044176,11.748058,42.763115,39.366714,25.42306,13.943655,13.885748,19.356724,56.492855,43.726357,159.75,102.22088,57.529118,57.529118,102.22088,632.0606,5.5001893,36.848484,0.0,12.835369,35.55748,46.83177,55.169983,79.803314,183.85043,58.76719,50.826656,44.63807,63.78035,0.0
RTSIsc1.48cRnd0000000011_Ne.4Si50_Cr.0Bi-45.00-5SBi-04.00-5nA160Am0.0Sm0.25mT0.001No0Al0.1Be0eT0eA160eS0eFS0eFa0.out,-45.0,-4.0,50.0,17.0,319.5,0.38684684,-31.095543,-74.75265,-62.947617,436.40994,-103.43343,31.379889,0.29755217,31.576847,43.16094,11.316761,62.86108,39.224525,25.147348,14.077178,14.0191765,18.120644,76.121895,63.919018,159.75,102.55005,57.19995,57.19995,102.55005,633.0909,5.576278,36.666668,0.0,10.659848,32.674667,47.47358,58.326893,85.43291,182.03935,60.13158,51.31013,45.283947,59.758003,0.0
RTSIsc1.48cRnd0000000026_Ne.4Si50_Cr.0Bi30.00-5SBi00.00-5nA160Am0.0Sm0.25mT0.001No0Al0.1Be0eT0eA160eS0eFS0eFa0.out,30.0,0.0,50.0,17.0,319.5,0.34040532,-0.33389086,29.316746,18.319654,329.64746,-55.879616,72.820984,0.30929643,18.385464,29.152699,10.5390625,17.769554,40.352604,25.76605,14.586553,14.521023,18.611364,31.483711,20.843494,159.75,100.297775,59.452225,59.452225,100.297775,631.0909,5.477746,37.303032,0.0,7.1622157,28.83589,48.944225,63.077793,90.88367,185.00194,62.12746,49.33229,41.72112,54.00431,0.0
RTSIsc1.48cRnd0000000012_Ne.4Si50_Cr.0Bi-40.00-5SBi04.00-5nA160Am0.0Sm0.25mT0.001No0Al0.1Be0eT0eA160eS0eFS0eFa0.out,-40.0,4.0,50.0,17.0,319.5,0.6071068,33.683167,-5.5159464,-3.0312445,269.24673,-62.60029,63.801205,0.35900527,36.218845,38.699383,5.308665,5.5233426,45.03371,28.250189,16.783524,16.712406,21.583286,18.308695,11.4714985,159.75,90.509094,69.240906,69.240906,90.509094,632.7273,5.5832386,37.060608,0.0,4.9942236,28.58911,55.52893,77.28599,105.80715,185.96974,61.65052,44.717945,32.70412,35.479546,0.0
RTSIsc1.48cRnd0000000012_Ne.4Si50_Cr.0Bi-40.00-5SBi-04.00-5nA160Am0.0Sm0.25mT0.001No0Al0.1Be0eT0eA160eS0eFS0eFa0.out,-40.0,-4.0,50.0,17.0,319.5,0.6071068,-31.653137,-70.53765,-58.873535,429.82782,-100.79611,35.44477,0.29722983,26.999243,38.385937,11.175569,59.017662,38.90161,24.954355,13.947254,13.888873,18.345833,72.2464,60.171738,159.75,102.43627,57.313732,57.313732,102.43627,631.4545,5.5832386,37.060608,0.0,10.394744,32.78878,47.006344,57.174194,81.97358,185.33087,59.736176,51.683617,45.340958,60.025284,0.0
RTSIsc1.48cRnd0000000022_Ne.4Si50_Cr.0Bi10.00-5SBi10.00-5nA160Am0.0Sm0.25mT0.001No0Al0.1Be0eT0eA160eS0eFS0eFa0.out,10.0,10.0,50.0,17.0,319.5,0.42722717,80.02707,88.73031,77.04447,456.49042,-19.795238,112.01137,0.2956534,5.0609846,8.206439,11.213116,76.13485,38.498108,24.761175,13.736932,13.679309,18.941051,89.299774,77.05577,159.75,102.37713,57.372868,57.372868,102.37713,632.36365,5.5001893,36.848484,0.0,13.447537,34.708855,46.976704,54.986458,81.36766,183.49063,57.964203,49.643085,46.174053,63.60445,0.0
RTSIsc1.48cRnd0000000026_Ne.4Si50_Cr.0Bi30.00-5SBi08.00-5nA160Am0.0Sm0.25mT0.001No0Al0.1Be0eT0eA160eS0eFS0eFa0.out,30.0,8.0,50.0,17.0,319.5,0.34040532,65.09275,91.92543,80.7141,467.39188,-20.938871,112.49455,0.30504373,15.95213,26.333618,10.738257,79.905205,39.269413,24.931677,14.337737,14.277888,19.772728,92.57195,80.913315,159.75,100.32803,59.42197,59.42197,100.32803,633.63635,5.477746,37.303032,0.0,13.258807,35.8375,49.34451,58.61941,84.395546,181.3035,58.016193,49.994225,43.424053,59.442616,0.0
RTSIsc1.48cRnd0000000025_Ne.4Si50_Cr.0Bi25.00-5SBi02.00-5nA160Am0.0Sm0.25mT0.001No0Al0.1Be0eT0eA160eS0eFS0eFa0.out,25.0,2.0,50.0,17.0,319.5,0.13808349,16.101416,40.658638,29.260782,360.1014,-52.45389,82.12259,0.30604634,13.210511,24.057245,10.912784,28.691477,40.35109,26.005682,14.3454075,14.281913,19.277273,41.965115,30.422106,159.75,100.4348,59.315197,59.315197,100.4348,632.30304,5.4171877,36.575756,0.0,10.711269,33.61255,49.06468,59.248154,84.329544,184.58623,59.48755,50.47443,43.381485,57.40715,0.0
RTSIsc1.48cRnd0000000025_Ne.4Si50_Cr.0Bi25.00-5SBi-04.00-5nA160Am0.0Sm0.25mT0.001No0Al0.1Be0eT0eA160eS0eFS0eFa0.out,25.0,-4.0,50.0,17.0,319.5,0.13808349,-32.13726,-7.6405053,-2.9967802,270.44342,-62.70425,63.10389,0.3620162,28.643135,23.99536,5.695076,4.598532,45.6696,28.751514,16.918087,16.848532,21.995975,17.66675,10.723544,159.75,89.75464,69.99536,69.99536,89.75464,633.8182,5.4171877,36.575756,0.0,5.5216384,29.45,57.288685,78.242805,105.309,185.04199,60.500095,44.178173,32.231014,36.054783,0.0
RTSIsc1.48cRnd0000000010_Ne.4Si50_Cr.0Bi-50.00-5SBi-06.00-5nA160Am0.0Sm0.25mT0.001No0Al0.1Be0eT0eA160eS0eFS0eFa0.out,-50.0,-6.0,50.0,17.0,319.5,0.86489,-48.929237,-93.87892,-84.87021,459.97403,-109.37651,21.890873,0.33442947,35.757717,44.450096,8.55857,85.25942,42.113636,26.158854,15.9547825,15.890815,22.008902,95.78225,86.20563,159.75,94.21648,65.53352,65.53352,94.21648,632.6061,5.6126895,36.878788,0.0,14.4950285,42.05748,57.138115,64.57699,87.72405,176.19887,55.81804,46.16591,39.740437,48.691147,0.0
RTSIsc1.48cRnd0000000014_Ne.4Si50_Cr.0Bi-30.00-5SBi08.00-5nA160Am0.0Sm0.25mT0.001No0Al0.1Be0eT0eA160eS0eFS0eFa0.out,-30.0,8.0,50.0,17.0,319.5,0.029123865,64.7914,35.46446,22.511885,330.03162,-48.23075,77.61032,0.28690296,41.78068,28.830208,12.469365,22.156487,38.040577,24.667377,13.3732,13.320123,17.687075,36.984825,24.084408,159.75,104.5472,55.202793,55.202793,104.5472,633.8788,5.741809,36.909092,0.0,10.596591,31.930918,45.955067,55.80369,82.55398,186.23466,59.53319,51.594555,44.87031,64.805824,0.0
RTSIsc1.48cRnd0000000026_Ne.4Si50_Cr.0Bi30.00-5SBi-04.00-5nA160Am0.0Sm0.25mT0.001No0Al0.1Be0eT0eA160eS0eFS0eFa0.out,30.0,-4.0,50.0,17.0,319.5,0.34040532,-33.144695,-3.4037802,-1.1431975,263.28696,-62.44136,63.654213,0.35846046,31.503078,29.239773,5.5993843,4.782907,44.816525,28.185465,16.631062,16.56018,21.602604,17.828705,10.795226,159.75,90.55734,69.19266,69.19266,90.55734,632.7273,5.477746,37.303032,0.0,4.824479,28.014584,56.70819,78.46615,105.1607,184.80034,61.611267,44.43996,32.632717,36.068893,0.0
RTSIsc1.48cRnd0000000026_Ne.4Si50_Cr.0Bi30.00-5SBi-02.00-5nA160Am0.0Sm0.25mT0.001No0Al0.1Be0eT0eA160eS0eFS0eFa0.out,30.0,-2.0,50.0,17.0,319.5,0.34040532,-16.741205,13.005225,7.2959285,289.45865,-61.024216,67.88736,0.35093004,23.572254,29.248154,6.3996687,7.514678,44.590767,28.114347,16.476421,16.4107,21.177937,20.612497,13.0605345,159.75,92.07907,67.67093,67.67093,92.07907,633.2121,5.477746,37.303032,0.0,5.7541666,29.697063,55.895077,75.97969,104.36633,181.55171,61.188496,45.372112,34.338306,39.069176,0.0
RTSIsc1.48cRnd0000000018_Ne.4Si50_Cr.0Bi-10.00-5SBi-06.00-5nA160Am0.0Sm0.25mT0.001No0Al0.1Be0eT0eA160eS0eFS0eFa0.out,-10.0,-6.0,50.0,17.0,319.5,0.35483935,-48.826786,-58.620697,-45.143703,389.1073,-93.762886,39.671,0.27953228,5.6533146,9.29233,12.990388,45.064724,37.24432,24.064535,13.179782,13.126041,16.902699,60.111183,46.03487,159.75,106.20502,53.544983,53.544983,106.20502,631.8182,5.598106,37.030304,0.0,10.276468,30.058664,43.97571,54.307293,82.96321,184.82547,61.076706,51.991714,45.281677,67.06127,0.0
RTSIsc1.48cRnd0000000011_Ne.4Si50_Cr.0Bi-45.00-5SBi08.00-5nA160Am0.0Sm0.25mT0.001No0Al0.1Be0eT0eA160eS0eFS0eFa0.out,-45.0,8.0,50.0,17.0,319.5,0.38684684,65.5936,21.320879,11.142165,290.5929,-54.53619,69.43082,0.31740472,53.94768,43.77391,10.090767,10.827983,41.201042,26.56998,14.631061,14.5660515,19.555208,25.131058,14.709204,159.75,98.40739,61.342613,61.342613,98.40739,631.8182,5.576278,36.666668,0.0,7.530208,31.3,50.853695,64.44351,91.42197,186.01572,60.73371,47.61766,39.075947,52.825756,0.0
RTSIsc1.48cRnd0000000019_Ne.4Si50_Cr.0Bi-05.00-5SBi-04.00-5nA160Am0.0Sm0.25mT0.001No0Al0.1Be0eT0eA160eS0eFS0eFa0.out,-5.0,-4.0,50.0,17.0,319.5,0.21983248,-31.396563,-35.93154,-23.477274,338.7363,-76.94122,53.936684,0.29419127,7.750852,4.0485797,11.975663,23.381392,38.683903,24.876469,13.807434,13.750094,18.010937,38.05034,25.42503,159.75,103.15928,56.59072,56.59072,103.15928,631.3333,5.5454545,36.696968,0.0,9.353551,31.360844,47.61695,57.908665,83.92372,186.4411,60.140057,50.062454,43.480305,61.045692,0.0
RTSIsc1.48cRnd0000000028_Ne.4Si50_Cr.0Bi40.00-5SBi04.00-5nA160Am0.0Sm0.25mT0.001No0Al0.1Be0eT0eA160eS0eFS0eFa0.out,40.0,4.0,50.0,17.0,319.5,0.40650687,32.70249,71.707634,59.697617,418.875,-32.455082,102.697914,0.29599446,26.841383,38.50445,11.528503,58.85781,38.868275,24.851374,14.016904,13.955776,17.967236,72.32765,59.939007,159.75,102.83793,56.912075,56.912075,102.83793,633.51514,5.4322915,37.060608,0.0,10.135511,32.84394,47.536507,57.61051,83.97879,183.58168,60.344128,51.35251,44.73949,61.392094,0.0
RTSIsc1.48cRnd0000000021_Ne.4Si50_Cr.0Bi05.00-5SBi-08.00-5nA160Am0.0Sm0.25mT0.001No0Al0.1Be0eT0eA160eS0eFS0eFa0.out,5.0,-8.0,50.0,17.0,319.5,0.48364154,-63.06261,-58.25482,-44.846622,392.32886,-93.90832,39.09789,0.2819367,17.7232,4.307718,12.918561,44.945786,37.18234,23.857244,13.325094,13.268324,17.152887,59.861378,46.0369,159.75,105.637314,54.11269,54.11269,105.637314,630.9091,5.5368843,36.878788,0.0,9.575616,31.210558,44.847206,54.380825,80.900475,184.62424,60.648342,52.339962,46.41804,65.96383,0.0
RTSIsc1.48cRnd0000000010_Ne.4Si50_Cr.0Bi-50.00-5SBi-10.00-5nA160Am0.0Sm0.25mT0.001No0Al0.1Be0eT0eA160eS0eFS0eFa0.out,-50.0,-10.0,50.0,17.0,319.5,0.86489,-80.07022,-106.86948,-105.751564,392.42203,-109.828125,35.263638,0.5367874,25.44001,26.298105,1.1279356,106.11648,41.314487,19.569792,21.744698,21.692093,88.62348,108.70892,107.45677,159.75,22.394176,137.35582,137.35582,22.394176,631.51514,5.6126895,36.878788,0.0,253.53215,124.13494,72.27865,45.896023,43.351845,66.974144,9.923959,6.9724903,5.0462594,3.4046874,0.0
RTSIsc1.48cRnd0000000010_Ne.4Si50_Cr.0Bi-50.00-5SBi02.00-5nA160Am0.0Sm0.25mT0.001No0Al0.1Be0eT0eA160eS0eFS0eFa0.out,-50.0,2.0,50.0,17.0,319.5,0.86489,15.942855,-33.338615,-21.557365,360.9294,-74.43583,58.21724,0.30014902,37.040863,48.782528,11.324195,22.092045,39.225758,25.03248,14.193276,14.132386,18.180208,35.95526,24.482185,159.75,102.04261,57.707386,57.707386,102.04261,631.9394,5.6126895,36.878788,0.0,9.082197,31.110937,48.365623,59.970596,87.34508,183.24527,61.2223,50.273815,43.328503,57.995075,0.0
RTSIsc1.48cRnd0000000029_Ne.4Si50_Cr.0Bi45.00-5SBi-04.00-5nA160Am0.0Sm0.25mT0.001No0Al0.1Be0eT0eA160eS0eFS0eFa0.out,45.0,-4.0,50.0,17.0,319.5,0.12017225,-32.97012,11.590951,5.9953957,293.4034,-62.90169,65.544815,0.35046956,38.469273,44.05928,6.404403,6.36411,44.080917,27.73125,16.349669,16.280682,21.21553,19.641634,12.36222,159.75,92.11908,67.63092,67.63092,92.11908,633.2121,5.507055,37.333332,0.0,5.7709756,29.338116,55.04853,73.936935,101.19385,187.12509,61.46179,45.772587,34.367092,39.19716,0.0
RTSIsc1.48cRnd0000000020_Ne.4Si50_Cr.0Bi00.00-5SBi-04.00-5nA160Am0.0Sm0.25mT0.001No0Al0.1Be0eT0eA160eS0eFS0eFa0.out,0.0,-4.0,50.0,17.0,319.5,0.48904797,-35.268536,-35.11355,-23.141628,337.77368,-76.044716,54.004074,0.29745185,11.651515,0.9611269,11.490814,23.229593,38.403362,24.696686,13.7066765,13.648059,18.537594,37.12234,25.092552,159.75,102.28651,57.463493,57.463493,102.28651,631.2727,5.2882576,37.121212,0.0,9.276089,32.67093,47.58518,58.62263,83.468185,185.42712,60.012688,49.688637,43.7482,60.77306,0.0
RTSIsc1.48cRnd0000000020_Ne.4Si50_Cr.0Bi00.00-5SBi-02.00-5nA160Am0.0Sm0.25mT0.001No0Al0.1Be0eT0eA160eS0eFS0eFa0.out,0.0,-2.0,50.0,17.0,319.5,0.48904797,-18.904953,-18.776224,-9.362002,277.56644,-64.91404,60.481003,0.321934,9.083191,0.8839962,8.951846,9.6441765,41.046684,26.049194,14.997491,14.93428,19.37803,23.284353,13.718618,159.75,97.81132,61.938683,61.938683,97.81132,629.3939,5.2882576,37.121212,0.0,6.1046877,28.042377,50.377842,67.44029,94.944084,185.61165,60.930775,48.22216,37.938683,49.78139,0.0
RTSIsc1.48cRnd0000000011_Ne.4Si50_Cr.0Bi-45.00-5SBi-06.00-5nA160Am0.0Sm0.25mT0.001No0Al0.1Be0eT0eA160eS0eFS0eFa0.out,-45.0,-6.0,50.0,17.0,319.5,0.38684684,-47.20327,-88.581406,-78.55618,447.3791,-108.438385,24.907185,0.3156132,31.155445,40.878456,9.557623,78.472015,39.89896,25.135748,14.76321,14.703882,21.398674,89.99588,79.4383,159.75,97.70023,62.049763,62.049763,97.70023,629.9394,5.576278,36.666668,0.0,17.184233,37.36165,49.393703,58.58494,82.46662,180.2242,57.86572,49.202843,42.933098,54.722397,0.0
RTSIsc1.48cRnd0000000018_Ne.4Si50_Cr.0Bi-10.00-5SBi-08.00-5nA160Am0.0Sm0.25mT0.001No0Al0.1Be0eT0eA160eS0eFS0eFa0.out,-10.0,-8.0,50.0,17.0,319.5,0.35483935,-64.917,-74.4342,-61.541443,409.52002,-103.65583,28.51424,0.281745,5.2540245,9.019034,12.40464,61.423912,37.152508,23.805824,13.346685,13.292566,17.506912,75.87256,62.355473,159.75,105.476234,54.27377,54.27377,105.476234,632.42426,5.598106,37.030304,0.0,11.348674,31.873295,44.44995,53.38807,78.284515,187.2704,59.851326,52.543938,46.310085,67.10398,0.0
RTSIsc1.48cRnd0000000030_Ne.4Si50_Cr.0Bi50.00-5SBi-08.00-5nA160Am0.0Sm0.25mT0.001No0Al0.1Be0eT0eA160eS0eFS0eFa0.out,50.0,-8.0,50.0,17.0,319.5,0.32418546,-61.109905,-12.189531,-5.3865867,273.74042,-63.895763,60.32581,0.34606722,55.2214,48.42282,6.865483,6.1347065,43.914062,27.69001,16.224052,16.159706,20.842566,19.765621,11.715398,159.75,93.07486,66.67514,66.67514,93.07486,631.3333,5.4996686,36.454544,0.0,5.9794035,28.136932,54.24441,75.45611,101.439255,183.43034,60.741997,45.16605,35.14962,41.589203,0.0
RTSIsc1.48cRnd0000000027_Ne.4Si50_Cr.0Bi35.00-5SBi04.00-5nA160Am0.0Sm0.25mT0.001No0Al0.1Be0eT0eA160eS0eFS0eFa0.out,35.0,4.0,50.0,17.0,319.5,0.1169287,32.883656,67.06449,53.803078,421.80157,-34.58615,100.25695,0.2861009,20.886505,33.68087,12.774479,53.241573,37.896214,24.400331,13.495881,13.439725,17.302937,67.9575,54.35356,159.75,104.90492,54.845078,54.845078,104.90492,630.1212,5.530303,36.969696,0.0,9.4874525,29.971401,44.323532,56.35843,83.10857,185.82396,61.092472,51.391712,45.082577,63.48111,0.0
RTSIsc1.48cRnd0000000028_Ne.4Si50_Cr.0Bi40.00-5SBi-08.00-5nA160Am0.0Sm0.25mT0.001No0Al0.1Be0eT0eA160eS0eFS0eFa0.out,40.0,-8.0,50.0,17.0,319.5,0.40650687,-64.588295,-25.650599,-14.514613,309.81235,-72.26837,55.42078,0.3050468,49.572395,38.43158,10.932765,14.850379,40.081013,25.782764,14.298248,14.2379265,18.63944,29.72336,18.10531,159.75,100.98399,58.766003,58.766003,100.98399,632.24243,5.4322915,37.060608,0.0,8.793371,30.977083,48.86643,61.31283,88.018135,184.87926,61.054073,50.019176,40.974384,57.34768,0.0
RTSIsc1.48cRnd0000000026_Ne.4Si50_Cr.0Bi30.00-5SBi10.00-5nA160Am0.0Sm0.25mT0.001No0Al0.1Be0eT0eA160eS0eFS0eFa0.out,30.0,10.0,50.0,17.0,319.5,0.34040532,80.64728,102.92153,95.9315,467.28445,-19.258337,114.605736,0.37793723,15.362026,21.771355,6.5981536,95.09115,44.271828,26.754168,17.51766,17.449148,32.005302,103.5433,95.99615,159.75,81.180824,78.569176,78.569176,81.180824,630.9091,5.477746,37.303032,0.0,42.486267,64.29266,65.74337,65.73897,81.37685,152.02486,46.873672,38.58068,34.308853,39.482906,0.0
RTSIsc1.48cRnd0000000030_Ne.4Si50_Cr.0Bi50.00-5SBi08.00-5nA160Am0.0Sm0.25mT0.001No0Al0.1Be0eT0eA160eS0eFS0eFa0.out,50.0,8.0,50.0,17.0,319.5,0.32418546,67.01335,106.381325,101.22988,448.5839,-20.199602,114.69891,0.42768836,33.988968,38.867756,4.818182,100.40634,46.271355,26.934376,19.336979,19.269413,42.010086,106.93133,101.3196,159.75,67.237595,92.512405,92.512405,67.237595,632.48486,5.4996686,36.454544,0.0,67.7991,85.58352,80.04148,70.90232,79.02112,130.61183,37.58906,29.773296,25.123816,26.039299,0.0
RTSIsc1.48cRnd0000000025_Ne.4Si50_Cr.0Bi25.00-5SBi08.00-5nA160Am0.0Sm0.25mT0.001No0Al0.1Be0eT0eA160eS0eFS0eFa0.out,25.0,8.0,50.0,17.0,319.5,0.13808349,64.23032,87.301605,75.64938,443.21014,-21.222738,111.42429,0.29627106,12.431534,22.574005,11.173106,75.04565,39.01264,24.976515,14.036127,13.978693,18.68982,88.1185,76.0109,159.75,102.440056,57.309944,57.309944,102.440056,630.9091,5.4171877,36.575756,0.0,12.106913,33.338825,46.923912,56.208714,82.9026,182.64427,58.87822,50.68485,45.06236,62.15843,0.0
RTSIsc1.48cRnd0000000030_Ne.4Si50_Cr.0Bi50.00-5SBi10.00-5nA160Am0.0Sm0.25mT0.001No0Al0.1Be0eT0eA160eS0eFS0eFa0.out,50.0,10.0,50.0,17.0,319.5,0.32418546,82.26089,111.155975,109.03899,416.46387,-28.167778,114.81974,0.50954413,26.553978,28.395218,2.0530303,108.218796,41.3964,20.318844,21.077557,21.021448,79.24872,111.75432,109.450066,159.75,32.355682,127.39432,127.39432,32.355682,631.51514,5.4996686,36.454544,0.0,220.80786,119.59503,72.70729,49.331345,48.525093,75.56979,14.583191,11.243987,9.517471,9.634091,0.0
RTSIsc1.48cRnd0000000016_Ne.4Si50_Cr.0Bi-20.00-5SBi02.00-5nA160Am0.0Sm0.25mT0.001No0Al0.1Be0eT0eA160eS0eFS0eFa0.out,-20.0,2.0,50.0,17.0,319.5,0.3422631,16.508516,-3.0402982,-1.744047,258.8334,-61.99209,63.91156,0.37381294,17.769129,19.046211,3.897822,3.8719697,46.555634,29.190483,17.365152,17.292425,23.163069,16.289131,10.409595,159.75,87.146355,72.603645,72.603645,87.146355,632.7273,5.5526514,36.878788,0.0,5.6778884,29.694933,57.992565,80.44081,107.103836,187.05635,60.18106,42.556015,30.79072,31.233097,0.0
RTSIsc1.48cRnd0000000030_Ne.4Si50_Cr.0Bi50.00-5SBi02.00-5nA160Am0.0Sm0.25mT0.001No0Al0.1Be0eT0eA160eS0eFS0eFa0.out,50.0,2.0,50.0,17.0,319.5,0.32418546,18.989677,68.03432,55.957836,412.9752,-36.135002,100.57632,0.29086593,36.66283,48.543987,11.5854645,55.19195,38.483665,24.748959,13.734707,13.67429,17.458002,68.70538,56.37694,159.75,103.99418,55.755825,55.755825,103.99418,631.9394,5.4996686,36.454544,0.0,9.2473955,31.315483,46.022396,57.17074,84.93954,181.025,61.9893,53.03944,45.698814,61.491287,0.0
RTSIsc1.48cRnd0000000014_Ne.4Si50_Cr.0Bi-30.00-5SBi02.00-5nA160Am0.0Sm0.25mT0.001No0Al0.1Be0eT0eA160eS0eFS0eFa0.out,-30.0,2.0,50.0,17.0,319.5,0.029123865,16.280638,-13.253277,-6.9059777,290.75513,-64.34172,63.38255,0.34521452,22.731628,29.034706,7.1242423,7.8128786,43.65871,27.592566,16.066145,15.999005,21.082102,20.841791,13.001539,159.75,93.031395,66.718605,66.718605,93.031395,632.0,5.741809,36.909092,0.0,6.6429453,30.078978,54.860844,73.00275,99.183716,184.62178,61.03684,45.65611,35.16444,41.75161,0.0
RTSIsc1.48cRnd0000000012_Ne.4Si50_Cr.0Bi-40.00-5SBi08.00-5nA160Am0.0Sm0.25mT0.001No0Al0.1Be0eT0eA160eS0eFS0eFa0.out,-40.0,8.0,50.0,17.0,319.5,0.6071068,66.15272,26.983849,16.25164,297.71027,-52.307125,73.26016,0.3152544,49.400898,38.66643,10.275237,15.465104,40.6027,26.14285,14.459848,14.398532,19.61108,29.362713,18.467762,159.75,98.76283,60.987167,60.987167,98.76283,631.0303,5.5832386,37.060608,0.0,9.358712,32.385937,50.947536,64.47235,87.99882,184.52107,58.126564,48.389538,39.690437,55.139347,0.0
RTSIsc1.48cRnd0000000021_Ne.4Si50_Cr.0Bi05.00-5SBi-02.00-5nA160Am0.0Sm0.25mT0.001No0Al0.1Be0eT0eA160eS0eFS0eFa0.out,5.0,-2.0,50.0,17.0,319.5,0.48364154,-14.589593,-9.661259,-4.4679685,277.2055,-63.170094,64.94187,0.3636596,9.709422,4.4297824,5.552036,5.5730586,45.126846,28.227509,16.899338,16.832008,22.418087,18.307499,11.524849,159.75,89.27505,70.47495,70.47495,89.27505,630.8485,5.5368843,36.878788,0.0,5.230729,28.808475,56.32836,77.362785,105.58982,186.13504,61.266335,43.731724,31.852983,34.542236,0.0
RTSIsc1.48cRnd0000000016_Ne.4Si50_Cr.0Bi-20.00-5SBi-10.00-5nA160Am0.0Sm0.25mT0.001No0Al0.1Be0eT0eA160eS0eFS0eFa0.out,-20.0,-10.0,50.0,17.0,319.5,0.3422631,-79.67978,-95.12875,-86.236565,445.01712,-109.54002,20.058573,0.33314416,7.6261363,14.945076,8.441146,86.09744,41.782433,26.023201,15.7592325,15.697917,24.074669,96.48722,86.92308,159.75,93.25871,66.49129,66.49129,93.25871,632.5455,5.5526514,36.878788,0.0,24.40232,46.21122,54.568275,59.69749,81.156815,173.97623,53.64626,45.865295,41.10876,51.912785,0.0
RTSIsc1.48cRnd0000000024_Ne.4Si50_Cr.0Bi20.00-5SBi00.00-5nA160Am0.0Sm0.25mT0.001No0Al0.1Be0eT0eA160eS0eFS0eFa0.out,20.0,0.0,50.0,17.0,319.5,0.33887494,1.7705501,21.55308,12.031323,300.77692,-60.32467,68.53709,0.32559752,10.206392,19.284185,9.04787,11.416383,42.170834,26.936316,15.234517,15.169318,19.22893,24.77467,15.513171,159.75,97.34503,62.404972,62.404972,97.34503,632.6667,5.6216855,37.333332,0.0,6.6282196,29.508476,50.800095,68.13987,96.46809,183.43613,62.37746,48.72112,38.438732,48.148483,0.0
RTSIsc1.48cRnd0000000010_Ne.4Si50_Cr.0Bi-50.00-5SBi08.00-5nA160Am0.0Sm0.25mT0.001No0Al0.1Be0eT0eA160eS0eFS0eFa0.out,-50.0,8.0,50.0,17.0,319.5,0.86489,64.50505,15.466415,7.463897,274.9516,-58.216095,66.85723,0.34322658,56.540577,48.5393,7.678551,6.6190343,43.315765,27.443798,15.871969,15.808097,21.676325,20.316803,11.870307,159.75,92.993324,66.756676,66.756676,92.993324,631.0303,5.6126895,36.878788,0.0,7.4205017,31.876894,55.322536,72.01174,96.683716,184.91463,59.392612,44.656013,34.808758,43.942898,0.0
RTSIsc1.48cRnd0000000014_Ne.4Si50_Cr.0Bi-30.00-5SBi-08.00-5nA160Am0.0Sm0.25mT0.001No0Al0.1Be0eT0eA160eS0eFS0eFa0.out,-30.0,-8.0,50.0,17.0,319.5,0.029123865,-64.70508,-90.95397,-81.21363,420.92572,-108.74544,19.165281,0.31658617,16.640293,25.749952,9.282103,80.75403,39.984516,25.193466,14.791051,14.728362,20.83177,91.997986,81.56765,159.75,97.80919,61.940815,61.940815,97.80919,633.1515,5.741809,36.909092,0.0,14.57036,38.97112,52.707245,60.623768,84.39536,179.5937,56.506344,47.685463,42.52467,55.573486,0.0
RTSIsc1.48cRnd0000000019_Ne.4Si50_Cr.0Bi-05.00-5SBi-02.00-5nA160Am0.0Sm0.25mT0.001No0Al0.1Be0eT0eA160eS0eFS0eFa0.out,-5.0,-2.0,50.0,17.0,319.5,0.21983248,-15.271501,-20.095715,-10.180442,301.26404,-66.540665,60.928326,0.31492722,6.4570074,4.3469696,9.930871,10.565814,40.508286,25.984375,14.5239105,14.4616,19.180351,25.018866,14.662652,159.75,99.045265,60.704735,60.704735,99.045265,632.6667,5.5454545,36.696968,0.0,6.9444127,29.972065,50.746403,64.88064,92.60923,186.89285,60.251278,47.94413,39.35502,53.070644,0.0
RTSIsc1.48cRnd0000000029_Ne.4Si50_Cr.0Bi45.00-5SBi08.00-5nA160Am0.0Sm0.25mT0.001No0Al0.1Be0eT0eA160eS0eFS0eFa0.out,45.0,8.0,50.0,17.0,319.5,0.12017225,65.2986,103.13331,95.66134,453.51462,-17.01032,114.62363,0.37013218,30.208334,37.331627,7.066714,95.04943,44.67003,27.301184,17.368845,17.300426,27.970028,103.897644,95.788895,159.75,84.91539,74.83461,74.83461,84.91539,632.0606,5.507055,37.333332,0.0,25.21463,58.04825,67.78101,71.68883,88.62524,156.47704,48.680588,39.812737,35.257908,40.474384,0.0
RTSIsc1.48cRnd0000000027_Ne.4Si50_Cr.0Bi35.00-5SBi00.00-5nA160Am0.0Sm0.25mT0.001No0Al0.1Be0eT0eA160eS0eFS0eFa0.out,35.0,0.0,50.0,17.0,319.5,0.1169287,0.3549331,34.85501,22.915611,345.0751,-53.92341,76.74069,0.30276912,22.199858,33.996117,11.471543,22.4375,38.990295,24.960274,14.030019,13.970076,18.914062,36.49034,24.75943,159.75,101.20388,58.546116,58.546116,101.20388,631.3333,5.530303,36.969696,0.0,9.419034,31.242708,47.882954,58.78433,86.69645,187.61194,60.027603,49.57486,42.152653,57.940815,0.0
RTSIsc1.48cRnd0000000015_Ne.4Si50_Cr.0Bi-25.00-5SBi-04.00-5nA160Am0.0Sm0.25mT0.001No0Al0.1Be0eT0eA160eS0eFS0eFa0.out,-25.0,-4.0,50.0,17.0,319.5,0.28324407,-30.350096,-54.99677,-42.130215,374.2159,-89.88366,41.701035,0.2871346,12.405161,24.14394,12.392992,42.002132,37.43532,23.894886,13.540436,13.482623,17.182007,56.385136,43.156593,159.75,104.7474,55.002605,55.002605,104.7474,632.42426,5.7274146,36.909092,0.0,8.689773,30.29607,46.977745,58.555824,86.128365,181.22913,59.930965,51.042896,44.94626,64.62723,0.0
RTSIsc1.48cRnd0000000025_Ne.4Si50_Cr.0Bi25.00-5SBi-10.00-5nA160Am0.0Sm0.25mT0.001No0Al0.1Be0eT0eA160eS0eFS0eFa0.out,25.0,-10.0,50.0,17.0,319.5,0.13808349,-79.03968,-55.591335,-41.576443,370.0805,-92.27447,36.78577,0.27641296,36.963448,22.950994,13.5272255,41.281532,36.817616,23.956108,12.8615055,12.805587,17.664488,56.79526,42.119022,159.75,106.22159,53.528408,53.528408,106.22159,632.1818,5.4171877,36.575756,0.0,13.716525,32.97055,43.735844,51.387783,76.07529,187.592,57.91482,50.982765,46.722538,71.08371,0.0
RTSIsc1.48cRnd0000000017_Ne.4Si50_Cr.0Bi-15.00-5SBi-10.00-5nA160Am0.0Sm0.25mT0.001No0Al0.1Be0eT0eA160eS0eFS0eFa0.out,-15.0,-10.0,50.0,17.0,319.5,0.5888547,-77.73121,-90.17764,-79.513466,438.43204,-108.767204,19.757845,0.30231398,5.158097,11.945549,10.193276,79.62358,38.73712,24.405634,14.331487,14.2720175,19.461079,91.84366,80.46363,159.75,100.97964,58.77036,58.77036,100.97964,630.7273,5.4702654,36.939392,0.0,14.030918,36.595833,47.301136,56.505352,80.99086,181.35213,58.84408,49.47637,44.744034,60.886555,0.0
RTSIsc1.48cRnd0000000024_Ne.4Si50_Cr.0Bi20.00-5SBi-08.00-5nA160Am0.0Sm0.25mT0.001No0Al0.1Be0eT0eA160eS0eFS0eFa0.out,20.0,-8.0,50.0,17.0,319.5,0.33887494,-63.649773,-43.891296,-31.475655,356.90463,-83.493164,48.42601,0.29044876,31.675568,19.253551,11.928693,31.405966,38.514393,24.794365,13.720029,13.661127,17.723295,45.532875,32.717896,159.75,103.90938,55.840626,55.840626,103.90938,632.7273,5.6216855,37.333332,0.0,10.717424,31.452084,45.622963,55.656773,82.21013,183.67993,61.6268,52.71212,45.979404,63.06965,0.0
RTSIsc1.48cRnd0000000013_Ne.4Si50_Cr.0Bi-35.00-5SBi-10.00-5nA160Am0.0Sm0.25mT0.001No0Al0.1Be0eT0eA160eS0eFS0eFa0.out,-35.0,-10.0,50.0,17.0,319.5,0.08371838,-78.84941,-101.83785,-96.22003,438.77377,-109.7964,24.613537,0.41665354,17.366383,22.488588,5.3541665,95.80885,43.00246,24.550283,18.452179,18.383049,44.9277,102.99444,96.737045,159.75,67.22495,92.52505,92.52505,67.22495,631.4545,5.4544034,37.060608,0.0,87.854454,82.68636,69.12135,60.509563,71.305824,135.98181,36.702698,30.377083,26.335274,30.580114,0.0
RTSIsc1.48cRnd0000000015_Ne.4Si50_Cr.0Bi-25.00-5SBi10.00-5nA160Am0.0Sm0.25mT0.001No0Al0.1Be0eT0eA160eS0eFS0eFa0.out,-25.0,10.0,50.0,17.0,319.5,0.28324407,82.36538,58.989246,45.073376,382.0501,-34.768055,96.40841,0.28229928,36.791477,22.877935,13.435606,44.320312,37.279545,24.264252,13.015293,12.959138,18.373486,59.69847,45.172207,159.75,104.822914,54.927082,54.927082,104.822914,630.9697,5.7274146,36.909092,0.0,13.388731,34.3839,45.03319,52.782528,77.65938,184.40866,57.560654,50.514206,46.11198,69.126465,0.0
RTSIsc1.48cRnd0000000017_Ne.4Si50_Cr.0Bi-15.00-5SBi-06.00-5nA160Am0.0Sm0.25mT0.001No0Al0.1Be0eT0eA160eS0eFS0eFa0.out,-15.0,-6.0,50.0,17.0,319.5,0.5888547,-46.208393,-61.03103,-48.190342,372.78632,-94.23665,35.590893,0.28154895,5.7125473,14.324195,12.351042,48.365437,36.859184,23.669744,13.189442,13.130966,17.011696,62.693966,49.386143,159.75,105.77102,53.978977,53.978977,105.77102,633.3333,5.4702654,36.939392,0.0,9.089631,30.886269,45.208145,55.598484,81.26444,187.04341,60.493843,52.20464,45.238354,66.30611,0.0
RTSIsc1.48cRnd0000000016_Ne.4Si50_Cr.0Bi-20.00-5SBi-02.00-5nA160Am0.0Sm0.25mT0.001No0Al0.1Be0eT0eA160eS0eFS0eFa0.out,-20.0,-2.0,50.0,17.0,319.5,0.3422631,-15.958738,-35.494225,-23.91652,351.28104,-76.65206,55.860924,0.30314773,8.603504,19.034895,11.094603,23.872301,40.196495,25.871685,14.324811,14.263873,19.017614,37.483818,26.009678,159.75,101.07164,58.67836,58.67836,101.07164,631.63635,5.5526514,36.878788,0.0,10.612595,32.72945,47.69072,58.710037,83.76363,185.17145,60.40393,50.827038,43.384186,58.343323,0.0
RTSIsc1.48cRnd0000000029_Ne.4Si50_Cr.0Bi45.00-5SBi10.00-5nA160Am0.0Sm0.25mT0.001No0Al0.1Be0eT0eA160eS0eFS0eFa0.out,45.0,10.0,50.0,17.0,319.5,0.12017225,80.993904,109.69597,106.22697,443.79904,-25.088879,114.81371,0.47806677,25.0661,28.200474,3.2860796,105.60886,44.653553,23.936222,20.717329,20.65052,60.104973,110.50382,106.66156,159.75,48.29782,111.45218,111.45218,48.29782,633.0303,5.507055,37.333332,0.0,135.18262,112.605774,82.841095,63.32514,63.11785,99.882195,24.254734,19.266666,15.9926605,16.561554,0.0
RTSIsc1.48cRnd0000000024_Ne.4Si50_Cr.0Bi20.00-5SBi-10.00-5nA160Am0.0Sm0.25mT0.001No0Al0.1Be0eT0eA160eS0eFS0eFa0.out,20.0,-10.0,50.0,17.0,319.5,0.33887494,-79.110146,-60.40038,-47.26706,386.80383,-95.761185,35.72811,0.282398,31.343134,18.208427,12.64517,47.158,37.56193,24.2277,13.334233,13.279924,17.915152,61.84697,48.076595,159.75,105.13958,54.610416,54.610416,105.13958,631.9394,5.6216855,37.333332,0.0,12.30535,32.128788,43.874336,52.92869,79.42197,185.85384,60.115387,51.443607,46.395077,67.47235,0.0
RTSIsc1.48cRnd0000000028_Ne.4Si50_Cr.0Bi40.00-5SBi00.00-5nA160Am0.0Sm0.25mT0.001No0Al0.1Be0eT0eA160eS0eFS0eFa0.out,40.0,0.0,50.0,17.0,319.5,0.40650687,0.118501134,39.28255,28.350796,363.6597,-53.121742,80.970215,0.31153408,27.79408,38.665577,10.44858,27.534613,40.674244,26.059942,14.614299,14.550615,19.42429,40.622005,29.70945,159.75,99.47656,60.273438,60.273438,99.47656,632.30304,5.4322915,37.060608,0.0,8.800663,31.616098,49.139206,61.378742,86.50047,186.63045,61.49659,50.325756,42.37732,54.037735,0.0
RTSIsc1.48cRnd0000000028_Ne.4Si50_Cr.0Bi40.00-5SBi-10.00-5nA160Am0.0Sm0.25mT0.001No0Al0.1Be0eT0eA160eS0eFS0eFa0.out,40.0,-10.0,50.0,17.0,319.5,0.40650687,-79.44452,-41.71938,-28.438086,355.78516,-83.12756,46.346275,0.28665638,50.502556,37.22789,12.803078,28.464867,37.591526,24.308332,13.283192,13.227936,18.28338,43.722874,29.998549,159.75,104.20928,55.540718,55.540718,104.20928,631.2121,5.4322915,37.060608,0.0,12.109233,33.54304,46.182243,54.992092,78.46875,184.65828,57.91023,51.02377,45.060226,67.26425,0.0
RTSIsc1.48cRnd0000000015_Ne.4Si50_Cr.0Bi-25.00-5SBi-08.00-5nA160Am0.0Sm0.25mT0.001No0Al0.1Be0eT0eA160eS0eFS0eFa0.out,-25.0,-8.0,50.0,17.0,319.5,0.28324407,-62.542946,-84.932976,-74.35102,428.4364,-107.15799,24.368029,0.30922198,12.429261,21.893608,10.0991,74.1679,40.318844,25.698864,14.619981,14.558428,19.865152,86.27282,75.10065,159.75,99.60075,60.149242,60.149242,99.60075,631.4545,5.7274146,36.909092,0.0,13.311411,37.5018,50.751846,59.253788,83.63906,177.60735,57.99664,49.53911,43.954166,57.899384,0.0
RTSIsc1.48cRnd0000000028_Ne.4Si50_Cr.0Bi40.00-5SBi02.00-5nA160Am0.0Sm0.25mT0.001No0Al0.1Be0eT0eA160eS0eFS0eFa0.out,40.0,2.0,50.0,17.0,319.5,0.40650687,16.412594,55.617863,43.885735,388.031,-43.875275,92.79789,0.2996046,27.1393,38.70734,11.2516575,43.034943,39.21477,25.13608,14.078693,14.022254,18.807907,56.35866,44.280163,159.75,101.822014,57.927982,57.927982,101.822014,631.2727,5.4322915,37.060608,0.0,10.096307,33.083,47.786602,57.907196,84.90151,183.33092,59.478127,51.622017,44.099052,58.96799,0.0
RTSIsc1.48cRnd0000000020_Ne.4Si50_Cr.0Bi00.00-5SBi02.00-5nA160Am0.0Sm0.25mT0.001No0Al0.1Be0eT0eA160eS0eFS0eFa0.out,0.0,2.0,50.0,17.0,319.5,0.48904797,13.83777,13.831244,7.3025556,283.99936,-59.900757,66.2786,0.35066912,6.7232957,0.8814867,6.742803,7.033996,44.54787,28.136837,16.411032,16.346308,21.714678,19.927187,12.405395,159.75,91.77311,67.97689,67.97689,91.77311,632.0,5.2882576,37.121212,0.0,6.999053,31.199385,55.877792,73.98343,99.654076,183.72017,60.524525,45.144554,34.59039,40.30663,0.0
RTSIsc1.48cRnd0000000016_Ne.4Si50_Cr.0Bi-20.00-5SBi10.00-5nA160Am0.0Sm0.25mT0.001No0Al0.1Be0eT0eA160eS0eFS0eFa0.out,-20.0,10.0,50.0,17.0,319.5,0.3422631,80.6624,61.706894,47.9774,378.5876,-32.1675,98.516014,0.2787039,32.184803,18.456392,13.243087,47.181866,37.13537,23.93873,13.196638,13.1351795,17.123627,62.408325,47.92564,159.75,106.15166,53.598343,53.598343,106.15166,631.1515,5.5526514,36.878788,0.0,12.001515,31.871355,43.56913,52.971306,78.87026,185.70853,59.05483,51.401848,46.315056,69.38769,0.0
RTSIsc1.48cRnd0000000020_Ne.4Si50_Cr.0Bi00.00-5SBi04.00-5nA160Am0.0Sm0.25mT0.001No0Al0.1Be0eT0eA160eS0eFS0eFa0.out,0.0,4.0,50.0,17.0,319.5,0.48904797,30.208628,30.041681,18.49578,330.90866,-55.95821,74.20511,0.30746675,11.2426605,1.0568656,11.068088,17.67055,40.097015,25.795502,14.301516,14.2407675,19.095833,31.782404,20.449316,159.75,100.32917,59.420834,59.420834,100.32917,631.8182,5.2882576,37.121212,0.0,10.199195,32.7232,49.36908,61.48802,86.72727,183.14114,59.645077,49.51624,42.115623,56.893322,0.0
RTSIsc1.48cRnd0000000019_Ne.4Si50_Cr.0Bi-05.00-5SBi04.00-5nA160Am0.0Sm0.25mT0.001No0Al0.1Be0eT0eA160eS0eFS0eFa0.out,-5.0,4.0,50.0,17.0,319.5,0.21983248,33.127014,28.334854,17.136759,313.53412,-55.38206,72.47966,0.30610126,15.500853,4.2974434,10.742566,16.635132,39.81842,25.58911,14.229309,14.169176,19.211554,30.792181,19.603724,159.75,100.46184,59.288162,59.288162,100.46184,631.8788,5.5454545,36.696968,0.0,9.623532,33.016098,51.04948,61.42576,87.68499,181.99185,58.518703,48.731678,41.786552,58.05014,0.0
RTSIsc1.48cRnd0000000029_Ne.4Si50_Cr.0Bi45.00-5SBi06.00-5nA160Am0.0Sm0.25mT0.001No0Al0.1Be0eT0eA160eS0eFS0eFa0.out,45.0,6.0,50.0,17.0,319.5,0.12017225,49.03631,91.34251,80.82057,461.13034,-23.267101,112.88862,0.31254748,31.548485,41.806156,10.0428505,80.20464,40.98125,26.34484,14.636411,14.571354,20.011127,92.206474,81.331535,159.75,98.92514,60.82486,60.82486,98.92514,631.8182,5.507055,37.333332,0.0,13.103409,37.68513,51.297634,60.772396,84.884514,177.59161,57.01539,48.951515,42.880398,57.636173,0.0
RTSIsc1.48cRnd0000000014_Ne.4Si50_Cr.0Bi-30.00-5SBi-02.00-5nA160Am0.0Sm0.25mT0.001No0Al0.1Be0eT0eA160eS0eFS0eFa0.out,-30.0,-2.0,50.0,17.0,319.5,0.029123865,-16.236034,-45.709454,-33.803307,356.72464,-84.18566,50.01378,0.29630104,17.418324,28.970123,11.418986,33.411694,38.361317,24.645739,13.715578,13.658665,18.183855,47.157795,34.82717,159.75,102.70398,57.046024,57.046024,102.70398,632.30304,5.741809,36.909092,0.0,8.482387,30.480114,46.523865,59.31354,86.791855,186.42865,60.28963,50.44148,43.439915,60.1116,0.0
RTSIsc1.48cRnd0000000020_Ne.4Si50_Cr.0Bi00.00-5SBi-06.00-5nA160Am0.0Sm0.25mT0.001No0Al0.1Be0eT0eA160eS0eFS0eFa0.out,0.0,-6.0,50.0,17.0,319.5,0.48904797,-51.58087,-51.750633,-39.068295,367.42392,-88.668335,41.681324,0.29014874,12.0329075,1.0420455,12.194223,39.126087,38.40038,24.841951,13.558428,13.500284,18.29162,53.26392,40.218685,159.75,103.58802,56.16198,56.16198,103.58802,632.7879,5.2882576,37.121212,0.0,11.336932,33.807384,46.94806,55.169556,80.22367,185.34181,58.737877,51.27661,45.500237,64.44574,0.0
RTSIsc1.48cRnd0000000012_Ne.4Si50_Cr.0Bi-40.00-5SBi-06.00-5nA160Am0.0Sm0.25mT0.001No0Al0.1Be0eT0eA160eS0eFS0eFa0.out,-40.0,-6.0,50.0,17.0,319.5,0.6071068,-47.947865,-85.25496,-74.754486,447.27844,-107.33099,25.576393,0.30859262,26.60606,36.808002,10.019602,74.86908,39.85256,25.373438,14.479119,14.414867,19.323011,86.87739,75.80225,159.75,100.02311,59.726894,59.726894,100.02311,631.57574,5.5832386,37.060608,0.0,11.5319605,34.6607,49.346497,58.97784,86.407295,180.31401,59.366714,50.59304,44.377605,56.000095,0.0
RTSIsc1.48cRnd0000000019_Ne.4Si50_Cr.0Bi-05.00-5SBi08.00-5nA160Am0.0Sm0.25mT0.001No0Al0.1Be0eT0eA160eS0eFS0eFa0.out,-5.0,8.0,50.0,17.0,319.5,0.21983248,65.11183,60.24906,46.541706,384.3161,-36.97991,96.24662,0.2813322,18.076752,4.4064865,13.223627,45.876656,37.6643,24.462168,13.20213,13.144744,18.002935,61.126392,46.903957,159.75,105.19413,54.55587,54.55587,105.19413,631.4545,5.5454545,36.696968,0.0,12.984943,33.873436,44.200047,51.74569,77.383804,187.53381,57.680965,51.04853,46.414726,68.58859,0.0
RTSIsc1.48cRnd0000000019_Ne.4Si50_Cr.0Bi-05.00-5SBi06.00-5nA160Am0.0Sm0.25mT0.001No0Al0.1Be0eT0eA160eS0eFS0eFa0.out,-5.0,6.0,50.0,17.0,319.5,0.21983248,49.21838,44.34789,31.111885,361.6789,-47.553604,84.837296,0.2834124,17.613304,4.373248,12.7473955,30.458807,37.657196,24.276846,13.38035,13.321875,17.69124,45.507328,31.941713,159.75,105.06037,54.689632,54.689632,105.06037,631.75757,5.5454545,36.696968,0.0,10.8169985,32.085938,44.96799,54.790627,81.57988,183.7803,60.621258,51.454166,45.0018,66.658615,0.0
RTSIsc1.48cRnd0000000018_Ne.4Si50_Cr.0Bi-10.00-5SBi-10.00-5nA160Am0.0Sm0.25mT0.001No0Al0.1Be0eT0eA160eS0eFS0eFa0.out,-10.0,-10.0,50.0,17.0,319.5,0.35483935,-80.15568,-88.27973,-77.1937,430.1227,-108.56119,18.03842,0.2994705,4.9928503,7.625,10.605777,77.08324,38.82334,24.6357,14.187642,14.13054,19.735228,89.67227,77.83413,159.75,101.28949,58.46051,58.46051,101.28949,631.8182,5.598106,37.030304,0.0,14.237879,36.513733,47.069366,54.188496,78.58987,185.53627,57.860416,50.169415,45.96444,61.688305,0.0
RTSIsc1.48cRnd0000000020_Ne.4Si50_Cr.0Bi00.00-5SBi08.00-5nA160Am0.0Sm0.25mT0.001No0Al0.1Be0eT0eA160eS0eFS0eFa0.out,0.0,8.0,50.0,17.0,319.5,0.48904797,62.824375,62.940315,49.961605,384.95016,-35.040653,99.09042,0.28790298,12.372349,0.9777462,12.4902935,49.01946,38.412453,24.866287,13.5461645,13.49053,18.374384,63.493725,49.975636,159.75,103.93565,55.814346,55.814346,103.93565,631.2121,5.2882576,37.121212,0.0,12.110843,34.288967,46.739204,54.361176,80.414345,182.69588,58.869366,50.688587,45.537926,65.50582,0.0
RTSIsc1.48cRnd0000000021_Ne.4Si50_Cr.0Bi05.00-5SBi00.00-5nA160Am0.0Sm0.25mT0.001No0Al0.1Be0eT0eA160eS0eFS0eFa0.out,5.0,0.0,50.0,17.0,319.5,0.48364154,1.6446329,6.6039,3.2104256,259.53607,-61.347412,63.786655,0.36608967,4.677983,4.4590435,5.235085,4.573532,45.720123,28.65554,17.064583,16.995928,22.166004,17.089298,10.621622,159.75,89.033714,70.716286,70.716286,89.033714,631.2727,5.5368843,36.878788,0.0,4.6078124,28.322302,56.680492,79.7919,108.5402,184.27594,61.382244,43.674812,31.110844,32.886173,0.0
RTSIsc1.48cRnd0000000018_Ne.4Si50_Cr.0Bi-10.00-5SBi-04.00-5nA160Am0.0Sm0.25mT0.001No0Al0.1Be0eT0eA160eS0eFS0eFa0.out,-10.0,-4.0,50.0,17.0,319.5,0.35483935,-32.53433,-42.426838,-29.04033,360.5663,-81.91737,48.726555,0.2840585,5.4424243,9.388447,12.909944,29.015152,37.54749,23.964441,13.583049,13.528409,16.87623,44.052658,30.555874,159.75,105.49058,54.259422,54.259422,105.49058,632.30304,5.598106,37.030304,0.0,8.749621,30.145834,44.525757,55.695976,83.89039,185.40733,61.21108,51.96842,46.105255,64.60336,0.0
RTSIsc1.48cRnd0000000029_Ne.4Si50_Cr.0Bi45.00-5SBi-06.00-5nA160Am0.0Sm0.25mT0.001No0Al0.1Be0eT0eA160eS0eFS0eFa0.out,45.0,-6.0,50.0,17.0,319.5,0.12017225,-49.338253,-4.909039,-1.8893045,270.71054,-64.06519,62.862377,0.35927948,46.946022,43.931156,5.158949,3.992661,45.099052,28.309942,16.78911,16.718466,21.263115,17.342916,10.473809,159.75,90.6607,69.0893,69.0893,90.6607,633.51514,5.507055,37.333332,0.0,4.8769884,26.937973,56.147255,79.31804,107.95213,184.71391,62.091667,43.654972,31.812405,36.0098,0.0
RTSIsc1.48cRnd0000000029_Ne.4Si50_Cr.0Bi45.00-5SBi-08.00-5nA160Am0.0Sm0.25mT0.001No0Al0.1Be0eT0eA160eS0eFS0eFa0.out,45.0,-8.0,50.0,17.0,319.5,0.12017225,-65.47547,-21.443123,-10.626811,296.39758,-67.79421,58.240936,0.31367815,54.342186,43.528458,10.376468,10.562784,39.574383,25.194508,14.379877,14.31875,19.344034,25.24895,14.528636,159.75,99.166855,60.583145,60.583145,99.166855,631.75757,5.507055,37.333332,0.0,7.488873,30.11752,50.212406,65.22439,91.941475,186.2795,59.90947,46.463257,39.04465,55.076042,0.0
RTSIsc1.48cRnd0000000014_Ne.4Si50_Cr.0Bi-30.00-5SBi-06.00-5nA160Am0.0Sm0.25mT0.001No0Al0.1Be0eT0eA160eS0eFS0eFa0.out,-30.0,-6.0,50.0,17.0,319.5,0.029123865,-48.704826,-77.32383,-66.0634,413.0794,-104.52956,27.69894,0.29849043,17.31984,28.124243,10.773627,65.600044,39.171307,25.252083,13.919224,13.867708,19.010748,78.40146,66.592964,159.75,101.96222,57.787785,57.787785,101.96222,632.5455,5.741809,36.909092,0.0,10.936932,33.520172,47.731915,58.34782,84.15104,184.43423,58.56553,49.875,43.993656,60.98916,0.0
RTSIsc1.48cRnd0000000025_Ne.4Si50_Cr.0Bi25.00-5SBi04.00-5nA160Am0.0Sm0.25mT0.001No0Al0.1Be0eT0eA160eS0eFS0eFa0.out,25.0,4.0,50.0,17.0,319.5,0.13808349,32.18369,56.759235,44.26072,378.24698,-39.974705,93.15821,0.2910063,12.435227,24.076656,12.023059,43.656914,38.55322,24.737831,13.815389,13.756771,17.528976,57.65709,44.728794,159.75,103.983,55.767,55.767,103.983,633.51514,5.4171877,36.575756,0.0,9.823296,31.358334,46.38646,57.61108,83.837875,185.16927,60.165436,51.570503,45.268562,62.324337,0.0
RTSIsc1.48cRnd0000000011_Ne.4Si50_Cr.0Bi-45.00-5SBi06.00-5nA160Am0.0Sm0.25mT0.001No0Al0.1Be0eT0eA160eS0eFS0eFa0.out,-45.0,6.0,50.0,17.0,319.5,0.38684684,49.610947,5.411652,2.3049407,264.2804,-60.54005,65.44996,0.36022168,46.808758,43.701893,5.210464,4.215767,44.760036,27.948864,16.811174,16.739252,21.810701,17.545837,10.561739,159.75,90.18679,69.56321,69.56321,90.18679,631.63635,5.576278,36.666668,0.0,4.622254,27.883617,55.337357,77.13191,105.784706,187.7358,61.089962,44.075096,32.347015,35.628647,0.0
RTSIsc1.48cRnd0000000019_Ne.4Si50_Cr.0Bi-05.00-5SBi00.00-5nA160Am0.0Sm0.25mT0.001No0Al0.1Be0eT0eA160eS0eFS0eFa0.out,-5.0,0.0,50.0,17.0,319.5,0.21983248,0.8621928,-4.1223907,-1.5381608,253.91739,-61.159607,62.663708,0.3568395,5.397064,4.485464,5.6862216,4.052036,44.24536,27.599432,16.645927,16.580683,21.723484,17.587267,10.398781,159.75,90.82585,68.92415,68.92415,90.82585,630.42426,5.5454545,36.696968,0.0,5.020502,28.092804,56.173676,77.45265,104.83158,185.7625,60.330494,43.620644,31.914251,37.225143,0.0
RTSIsc1.48cRnd0000000021_Ne.4Si50_Cr.0Bi05.00-5SBi-04.00-5nA160Am0.0Sm0.25mT0.001No0Al0.1Be0eT0eA160eS0eFS0eFa0.out,5.0,-4.0,50.0,17.0,319.5,0.48364154,-30.820307,-26.071531,-14.920096,313.16904,-70.105736,56.375767,0.3093825,15.419887,4.249148,10.685985,15.1020355,40.145454,25.600426,14.545029,14.480493,18.426184,29.004229,18.181791,159.75,100.37628,59.373722,59.373722,100.37628,633.3939,5.5368843,36.878788,0.0,7.0545926,30.263731,50.23324,64.882,91.1937,183.49669,61.3982,49.41856,40.85715,54.59607,0.0
RTSIsc1.48cRnd0000000022_Ne.4Si50_Cr.0Bi10.00-5SBi04.00-5nA160Am0.0Sm0.25mT0.001No0Al0.1Be0eT0eA160eS0eFS0eFa0.out,10.0,4.0,50.0,17.0,319.5,0.42722717,32.3046,42.180992,30.489532,341.4369,-47.999474,82.32672,0.300343,4.2862687,9.378836,11.213021,29.65786,38.94536,25.053078,13.8922825,13.829451,18.82088,43.043503,31.194103,159.75,101.61311,58.136883,58.136883,101.61311,632.48486,5.5001893,36.848484,0.0,9.995597,33.230778,48.01397,58.734707,84.08357,186.78778,59.077084,49.559895,42.904922,60.096542,0.0
RTSIsc1.48cRnd0000000016_Ne.4Si50_Cr.0Bi-20.00-5SBi04.00-5nA160Am0.0Sm0.25mT0.001No0Al0.1Be0eT0eA160eS0eFS0eFa0.out,-20.0,4.0,50.0,17.0,319.5,0.3422631,32.74068,12.905068,6.1163983,258.31003,-59.67513,64.13861,0.35172468,26.126041,19.337358,6.639394,6.016714,43.9786,27.629972,16.348627,16.281391,21.757103,18.910728,11.316748,159.75,91.5625,68.1875,68.1875,91.5625,632.30304,5.5526514,36.878788,0.0,5.1025567,29.117424,55.296734,75.20119,102.73717,186.33603,60.930634,44.636883,33.450096,39.49432,0.0
RTSIsc1.48cRnd0000000012_Ne.4Si50_Cr.0Bi-40.00-5SBi02.00-5nA160Am0.0Sm0.25mT0.001No0Al0.1Be0eT0eA160eS0eFS0eFa0.out,-40.0,2.0,50.0,17.0,319.5,0.6071068,17.349623,-21.97967,-12.877505,328.4481,-67.68376,63.513348,0.32657436,29.765152,38.831535,8.718798,13.306724,42.142612,26.727793,15.41482,15.350095,19.630398,26.670858,17.573345,159.75,96.9205,62.8295,62.8295,96.9205,632.0606,5.5832386,37.060608,0.0,7.048532,29.995596,50.868183,66.66908,94.338356,184.5528,62.37443,48.630066,39.757954,47.825615,0.0
RTSIsc1.48cRnd0000000018_Ne.4Si50_Cr.0Bi-10.00-5SBi06.00-5nA160Am0.0Sm0.25mT0.001No0Al0.1Be0eT0eA160eS0eFS0eFa0.out,-10.0,6.0,50.0,17.0,319.5,0.35483935,49.070026,39.333355,26.89509,339.29166,-48.6518,81.9084,0.29546306,21.679356,9.234896,11.961695,26.108618,39.266712,25.546307,13.7204075,13.662263,18.807482,40.301857,27.616695,159.75,102.49777,57.252224,57.252224,102.49777,633.2121,5.598106,37.030304,0.0,12.2999525,33.25147,47.364395,57.884754,82.274055,184.38058,59.349194,50.251987,43.848534,62.307198,0.0
RTSIsc1.48cRnd0000000025_Ne.4Si50_Cr.0Bi25.00-5SBi00.00-5nA160Am0.0Sm0.25mT0.001No0Al0.1Be0eT0eA160eS0eFS0eFa0.out,25.0,0.0,50.0,17.0,319.5,0.13808349,0.018304395,24.713966,14.967815,317.53046,-60.365097,71.207664,0.32226217,14.680919,24.196259,9.371638,14.456581,42.27268,27.129309,15.143372,15.0830965,20.039442,27.641388,17.868544,159.75,97.36382,62.386173,62.386173,97.36382,631.8182,5.4171877,36.575756,0.0,9.072491,32.91444,52.468468,65.6437,91.143135,180.85796,60.429073,48.26051,40.1455,50.882908,0.0
RTSIsc1.48cRnd0000000028_Ne.4Si50_Cr.0Bi40.00-5SBi-02.00-5nA160Am0.0Sm0.25mT0.001No0Al0.1Be0eT0eA160eS0eFS0eFa0.out,40.0,-2.0,50.0,17.0,319.5,0.40650687,-16.175026,23.299747,14.2550745,321.22543,-58.81347,71.23995,0.32579908,29.982386,38.97301,8.795738,13.701279,41.25895,26.128078,15.130871,15.068561,19.849289,27.195982,17.71948,159.75,96.93205,62.817944,62.817944,96.93205,632.6667,5.4322915,37.060608,0.0,7.016667,30.46804,52.609753,67.85895,94.0874,183.68916,61.434,48.574383,38.97945,47.948864,0.0
RTSIsc1.48cRnd0000000021_Ne.4Si50_Cr.0Bi05.00-5SBi08.00-5nA160Am0.0Sm0.25mT0.001No0Al0.1Be0eT0eA160eS0eFS0eFa0.out,5.0,8.0,50.0,17.0,319.5,0.48364154,66.42218,71.07986,58.67968,402.24612,-29.920141,103.93234,0.29173255,7.627036,4.1764207,11.912879,57.73106,38.005493,24.39446,13.6110325,13.55322,18.503883,71.652016,58.673916,159.75,103.23679,56.51321,56.51321,103.23679,632.36365,5.5368843,36.878788,0.0,10.879782,33.249336,46.36236,55.226185,81.1625,188.6312,59.358524,49.759518,44.072395,63.66184,0.0
RTSIsc1.48cRnd0000000030_Ne.4Si50_Cr.0Bi50.00-5SBi-02.00-5nA160Am0.0Sm0.25mT0.001No0Al0.1Be0eT0eA160eS0eFS0eFa0.out,50.0,-2.0,50.0,17.0,319.5,0.32418546,-13.151003,36.188465,24.733358,341.83572,-54.266735,76.48096,0.30264017,37.41449,48.835747,10.975237,24.051893,39.41548,25.10535,14.310133,14.247727,18.394886,37.652122,26.34237,159.75,101.533806,58.216194,58.216194,101.533806,630.9697,5.4996686,36.454544,0.0,8.298959,30.737879,48.81809,60.94995,88.0044,182.59863,61.211315,50.364773,42.684326,57.301373,0.0
RTSIsc1.48cRnd0000000017_Ne.4Si50_Cr.0Bi-15.00-5SBi06.00-5nA160Am0.0Sm0.25mT0.001No0Al0.1Be0eT0eA160eS0eFS0eFa0.out,-15.0,6.0,50.0,17.0,319.5,0.5888547,51.313007,36.607742,24.536325,323.82806,-50.604954,78.49209,0.29585043,26.282387,14.208854,11.606486,23.528456,38.56965,24.70284,13.866809,13.81089,18.716146,37.480526,25.20914,159.75,102.486885,57.263115,57.263115,102.486885,630.1818,5.4702654,36.939392,0.0,9.91179,32.945927,47.700283,57.598297,82.88646,184.1216,58.826183,50.43736,44.080257,61.673676,0.0
RTSIsc1.48cRnd0000000029_Ne.4Si50_Cr.0Bi45.00-5SBi04.00-5nA160Am0.0Sm0.25mT0.001No0Al0.1Be0eT0eA160eS0eFS0eFa0.out,45.0,4.0,50.0,17.0,319.5,0.12017225,32.651234,76.54881,64.45432,438.76788,-29.506514,106.46648,0.29482538,31.526278,43.398247,11.611837,63.858288,39.128265,25.199762,13.928504,13.866667,17.89465,77.47858,65.00563,159.75,103.06681,56.68319,56.68319,103.06681,632.7879,5.507055,37.333332,0.0,9.56231,31.575237,47.494793,58.59839,84.34096,182.47102,60.81018,51.211884,44.843227,61.879875,0.0
RTSIsc1.48cRnd0000000023_Ne.4Si50_Cr.0Bi15.00-5SBi00.00-5nA160Am0.0Sm0.25mT0.001No0Al0.1Be0eT0eA160eS0eFS0eFa0.out,15.0,0.0,50.0,17.0,319.5,0.26235053,-0.48605773,14.221726,7.2514467,274.2815,-61.75369,65.04696,0.34836763,7.899053,14.206297,6.873769,7.1190815,43.74531,27.531391,16.21392,16.14285,20.899195,19.862171,12.191117,159.75,92.62268,67.12732,67.12732,92.62268,631.8788,5.5837593,37.0,0.0,5.65554,28.633665,54.72069,75.23674,102.45166,184.13295,60.681488,45.71373,34.637028,40.015293,0.0
RTSIsc1.48cRnd0000000016_Ne.4Si50_Cr.0Bi-20.00-5SBi06.00-5nA160Am0.0Sm0.25mT0.001No0Al0.1Be0eT0eA160eS0eFS0eFa0.out,-20.0,6.0,50.0,17.0,319.5,0.3422631,48.95759,29.117382,17.110497,307.68213,-53.388042,72.3594,0.2991058,31.34484,19.341476,11.5300665,16.47126,39.314156,25.318844,13.995313,13.931013,18.182102,30.712553,18.995693,159.75,102.187645,57.56236,57.56236,102.187645,632.42426,5.5526514,36.878788,0.0,8.477273,31.135323,48.57718,60.157055,86.40767,184.78598,60.865482,50.05554,42.308334,59.654404,0.0
RTSIsc1.48cRnd0000000015_Ne.4Si50_Cr.0Bi-25.00-5SBi-02.00-5nA160Am0.0Sm0.25mT0.001No0Al0.1Be0eT0eA160eS0eFS0eFa0.out,-25.0,-2.0,50.0,17.0,319.5,0.28324407,-14.104094,-38.78666,-26.919153,342.49063,-78.622215,53.773815,0.29856643,13.0262785,24.181677,11.3955965,26.776657,37.853363,23.953882,13.899479,13.8378315,18.597775,40.625122,28.630638,159.75,102.05213,57.69787,57.69787,102.05213,631.2121,5.7274146,36.909092,0.0,7.902841,30.403835,48.21212,60.37746,86.55256,186.1144,60.211174,49.632008,42.708996,59.096733,0.0
RTSIsc1.48cRnd0000000011_Ne.4Si50_Cr.0Bi-45.00-5SBi10.00-5nA160Am0.0Sm0.25mT0.001No0Al0.1Be0eT0eA160eS0eFS0eFa0.out,-45.0,10.0,50.0,17.0,319.5,0.38684684,80.95469,37.627087,24.614737,345.50198,-48.205803,81.20009,0.2913104,55.839535,42.82656,12.535653,23.857244,38.21316,24.507624,13.70554,13.647159,18.674242,38.904343,25.584436,159.75,103.15601,56.593987,56.593987,103.15601,632.6667,5.576278,36.666668,0.0,11.649811,32.552414,45.589203,54.505775,80.397064,188.36865,60.09025,50.055256,44.693893,64.76434,0.0
RTSIsc1.48cRnd0000000013_Ne.4Si50_Cr.0Bi-35.00-5SBi-08.00-5nA160Am0.0Sm0.25mT0.001No0Al0.1Be0eT0eA160eS0eFS0eFa0.out,-35.0,-8.0,50.0,17.0,319.5,0.08371838,-63.695984,-93.23912,-83.69412,457.41852,-109.01958,22.405676,0.33497536,20.098106,29.04072,9.099242,83.30123,41.796307,25.932245,15.864062,15.798248,23.84323,94.3778,84.225464,159.75,93.048294,66.701706,66.701706,93.048294,632.0,5.4544034,37.060608,0.0,20.389395,47.13267,57.613117,62.157955,84.40275,170.66273,53.950096,45.35871,39.853645,50.47893,0.0
RTSIsc1.48cRnd0000000024_Ne.4Si50_Cr.0Bi20.00-5SBi08.00-5nA160Am0.0Sm0.25mT0.001No0Al0.1Be0eT0eA160eS0eFS0eFa0.out,20.0,8.0,50.0,17.0,319.5,0.33887494,67.20122,85.80729,74.127846,436.49078,-21.5836,111.091354,0.29523003,8.496164,18.102793,11.198769,73.31671,39.111267,25.041903,14.0693655,14.012169,18.102226,86.45223,74.252945,159.75,102.9527,56.797302,56.797302,102.9527,633.2727,5.6216855,37.333332,0.0,10.424764,32.652935,46.900475,57.36004,84.35152,183.6383,60.52358,50.71127,45.177937,61.531914,0.0
RTSIsc1.48cRnd0000000016_Ne.4Si50_Cr.0Bi-20.00-5SBi-04.00-5nA160Am0.0Sm0.25mT0.001No0Al0.1Be0eT0eA160eS0eFS0eFa0.out,-20.0,-4.0,50.0,17.0,319.5,0.3422631,-32.19054,-51.651867,-39.02739,367.9679,-87.949615,44.47704,0.2864536,8.301042,18.961601,12.1418085,38.95961,37.349907,23.87055,13.479356,13.425711,18.143892,53.166054,40.09189,159.75,104.35075,55.399242,55.399242,104.35075,631.8788,5.5526514,36.878788,0.0,11.734801,30.841808,44.002605,54.246826,81.33982,188.23845,60.44375,51.452698,45.12926,64.44877,0.0
RTSIsc1.48cRnd0000000028_Ne.4Si50_Cr.0Bi40.00-5SBi10.00-5nA160Am0.0Sm0.25mT0.001No0Al0.1Be0eT0eA160eS0eFS0eFa0.out,40.0,10.0,50.0,17.0,319.5,0.40650687,80.4157,107.599655,102.957275,448.79767,-22.98437,114.7653,0.44092417,22.525995,26.684565,4.386553,102.059044,44.39962,24.921827,19.477793,19.411411,49.06804,108.14456,103.067665,159.75,60.904594,98.845406,98.845406,60.904594,632.0,5.4322915,37.060608,0.0,97.43902,89.92495,77.76032,67.024,72.630775,121.28485,32.908287,26.680492,22.109138,24.238163,0.0
RTSIsc1.48cRnd0000000012_Ne.4Si50_Cr.0Bi-40.00-5SBi-02.00-5nA160Am0.0Sm0.25mT0.001No0Al0.1Be0eT0eA160eS0eFS0eFa0.out,-40.0,-2.0,50.0,17.0,319.5,0.6071068,-15.321044,-54.720406,-43.26845,389.7815,-90.22125,47.19558,0.30100238,27.623959,38.896496,10.970265,43.440292,39.363354,25.312595,14.050757,13.989062,18.984943,56.449814,44.70904,159.75,101.40445,58.34555,58.34555,101.40445,630.7879,5.5832386,37.060608,0.0,11.230919,34.71932,48.22855,57.419224,82.84635,181.95857,59.59697,50.439392,44.15379,60.19479,0.0
RTSIsc1.48cRnd0000000027_Ne.4Si50_Cr.0Bi35.00-5SBi08.00-5nA160Am0.0Sm0.25mT0.001No0Al0.1Be0eT0eA160eS0eFS0eFa0.out,35.0,8.0,50.0,17.0,319.5,0.1169287,65.18668,95.82074,85.132866,473.70932,-18.421976,113.764565,0.31121975,20.069223,30.132624,10.2199335,84.53831,40.316097,25.436506,14.879593,14.82036,19.931534,96.6762,85.49911,159.75,99.253975,60.49602,60.49602,99.253975,631.63635,5.530303,36.969696,0.0,13.939346,38.263447,52.57126,61.136078,85.36307,173.55667,57.506107,48.299053,43.52244,57.47888,0.0
RTSIsc1.48cRnd0000000021_Ne.4Si50_Cr.0Bi05.00-5SBi-06.00-5nA160Am0.0Sm0.25mT0.001No0Al0.1Be0eT0eA160eS0eFS0eFa0.out,5.0,-6.0,50.0,17.0,319.5,0.48364154,-47.024784,-42.1677,-29.930735,356.15683,-81.8547,49.641617,0.29724082,16.6,4.3607483,11.755871,30.057245,39.35606,25.427889,13.928172,13.8676605,18.45284,43.91961,31.460941,159.75,102.34981,57.40019,57.40019,102.34981,632.9697,5.5368843,36.878788,0.0,10.418181,32.711506,47.472015,58.66127,84.33257,185.12334,60.215767,50.162216,43.68054,60.192284,0.0
RTSIsc1.48cRnd0000000030_Ne.4Si50_Cr.0Bi50.00-5SBi00.00-5nA160Am0.0Sm0.25mT0.001No0Al0.1Be0eT0eA160eS0eFS0eFa0.out,50.0,0.0,50.0,17.0,319.5,0.32418546,2.9192061,52.313606,40.69465,367.52185,-44.280678,89.22029,0.30018792,37.34465,48.89451,11.134517,39.933617,39.873436,25.696875,14.176562,14.116761,18.241241,53.078648,41.183773,159.75,102.02614,57.723866,57.723866,102.02614,632.6061,5.4996686,36.454544,0.0,9.432292,32.714203,48.255966,60.214252,87.02732,180.69427,61.414345,50.47372,43.485653,58.894035,0.0
RTSIsc1.48cRnd0000000027_Ne.4Si50_Cr.0Bi35.00-5SBi02.00-5nA160Am0.0Sm0.25mT0.001No0Al0.1Be0eT0eA160eS0eFS0eFa0.out,35.0,2.0,50.0,17.0,319.5,0.1169287,16.621166,50.81835,37.94676,365.46445,-44.59287,88.061554,0.28993136,21.271591,33.700188,12.409612,37.380257,37.383144,23.829971,13.553172,13.494697,17.677177,51.790768,38.546036,159.75,104.02964,55.72036,55.72036,104.02964,632.0,5.530303,36.969696,0.0,9.189962,30.701847,45.192707,56.93442,83.891525,188.01662,60.96269,50.90066,43.738163,62.4714,0.0
RTSIsc1.48cRnd0000000024_Ne.4Si50_Cr.0Bi20.00-5SBi-06.00-5nA160Am0.0Sm0.25mT0.001No0Al0.1Be0eT0eA160eS0eFS0eFa0.out,20.0,-6.0,50.0,17.0,319.5,0.33887494,-47.43276,-27.778387,-16.77369,316.45395,-71.55547,56.8713,0.3113654,30.163399,19.154736,10.530966,16.782812,40.200615,25.6393,14.5613165,14.5,19.655445,30.405094,19.433006,159.75,99.34778,60.402225,60.402225,99.34778,631.57574,5.6216855,37.333332,0.0,8.827841,32.738922,49.977936,62.18002,85.55791,184.49417,60.182384,50.16624,41.86927,55.581062,0.0
RTSIsc1.48cRnd0000000014_Ne.4Si50_Cr.0Bi-30.00-5SBi00.00-5nA160Am0.0Sm0.25mT0.001No0Al0.1Be0eT0eA160eS0eFS0eFa0.out,-30.0,0.0,50.0,17.0,319.5,0.029123865,0.022268275,-29.539558,-18.978287,337.21466,-72.10856,59.30732,0.31255272,18.671259,29.06534,10.14768,18.68859,41.173912,26.448532,14.725379,14.663542,18.64877,32.20831,21.59328,159.75,99.80151,59.948486,59.948486,99.80151,631.0303,5.741809,36.909092,0.0,8.92983,32.246685,50.3366,64.089676,90.09768,179.12547,61.349194,49.228077,41.595123,54.03196,0.0
RTSIsc1.48cRnd0000000015_Ne.4Si50_Cr.0Bi-25.00-5SBi06.00-5nA160Am0.0Sm0.25mT0.001No0Al0.1Be0eT0eA160eS0eFS0eFa0.out,-25.0,6.0,50.0,17.0,319.5,0.28324407,50.870556,26.334116,14.868469,304.69025,-54.331398,72.453766,0.30292782,35.501892,24.033949,11.0259,14.316619,38.78788,24.697254,14.090625,14.03267,18.596165,28.89146,17.4197,159.75,101.36288,58.387123,58.387123,101.36288,632.9091,5.7274146,36.909092,0.0,8.621496,30.008617,48.351326,61.326847,87.755585,186.53665,59.607624,50.162262,41.824055,58.71463,0.0
RTSIsc1.48cRnd0000000022_Ne.4Si50_Cr.0Bi10.00-5SBi00.00-5nA160Am0.0Sm0.25mT0.001No0Al0.1Be0eT0eA160eS0eFS0eFa0.out,10.0,0.0,50.0,17.0,319.5,0.42722717,-0.1035553,9.959478,5.218234,266.2558,-60.935555,65.05251,0.35323465,6.210322,9.564584,6.128504,6.089678,44.827415,28.287878,16.539536,16.472017,21.070171,18.82985,11.553687,159.75,91.73977,68.01023,68.01023,91.73977,633.4545,5.5001893,36.848484,0.0,5.3508997,29.540956,56.013256,76.431725,103.37462,184.94162,61.11823,44.275284,33.782482,38.625473,0.0
RTSIsc1.48cRnd0000000024_Ne.4Si50_Cr.0Bi20.00-5SBi-02.00-5nA160Am0.0Sm0.25mT0.001No0Al0.1Be0eT0eA160eS0eFS0eFa0.out,20.0,-2.0,50.0,17.0,319.5,0.33887494,-14.640243,5.0774918,2.6938531,261.46152,-62.837353,64.26429,0.37212643,16.887026,19.220171,4.397917,4.07822,46.840294,29.280256,17.560038,17.490437,22.47609,16.602722,10.475085,159.75,87.83859,71.91141,71.91141,87.83859,631.63635,5.6216855,37.333332,0.0,4.84768,28.458855,58.435417,81.318085,109.89228,182.42699,61.591667,43.39323,29.820171,31.451988,0.0
RTSIsc1.48cRnd0000000030_Ne.4Si50_Cr.0Bi50.00-5SBi04.00-5nA160Am0.0Sm0.25mT0.001No0Al0.1Be0eT0eA160eS0eFS0eFa0.out,50.0,4.0,50.0,17.0,319.5,0.32418546,35.058266,83.64036,72.43373,443.34274,-25.46557,109.49037,0.2992563,37.12751,48.081535,10.721639,71.653076,39.01586,24.998438,14.017425,13.9595175,18.884706,84.26772,72.81628,159.75,101.79839,57.95161,57.95161,101.79839,632.9091,5.4996686,36.454544,0.0,11.161979,34.38589,48.649197,57.866337,83.04877,182.35222,60.357765,50.508003,44.045692,60.533237,0.0
RTSIsc1.48cRnd0000000017_Ne.4Si50_Cr.0Bi-15.00-5SBi04.00-5nA160Am0.0Sm0.25mT0.001No0Al0.1Be0eT0eA160eS0eFS0eFa0.out,-15.0,4.0,50.0,17.0,319.5,0.5888547,35.080425,20.094345,10.680254,283.27377,-57.11819,67.04534,0.32576862,23.90824,14.481108,9.016478,9.994934,41.393703,26.220596,15.173106,15.1116,19.751942,23.49079,14.11123,159.75,97.005875,62.74413,62.74413,97.005875,631.3939,5.4702654,36.939392,0.0,6.740625,30.051231,52.21108,68.23816,94.009514,184.38878,60.323723,47.70464,38.588306,49.13788,0.0
RTSIsc1.48cRnd0000000017_Ne.4Si50_Cr.0Bi-15.00-5SBi-02.00-5nA160Am0.0Sm0.25mT0.001No0Al0.1Be0eT0eA160eS0eFS0eFa0.out,-15.0,-2.0,50.0,17.0,319.5,0.5888547,-13.70604,-28.352589,-17.479858,323.03857,-70.84222,57.904617,0.30819657,5.2689867,14.14768,10.402746,17.674858,40.132717,25.66212,14.470596,14.4107485,18.840672,31.074596,20.429121,159.75,100.40322,59.34678,59.34678,100.40322,631.8788,5.4702654,36.939392,0.0,8.262974,30.908524,49.511314,62.365055,86.9723,183.95753,60.76965,50.93944,42.543938,55.64806,0.0
RTSIsc1.48cRnd0000000027_Ne.4Si50_Cr.0Bi35.00-5SBi-06.00-5nA160Am0.0Sm0.25mT0.001No0Al0.1Be0eT0eA160eS0eFS0eFa0.out,35.0,-6.0,50.0,17.0,319.5,0.1169287,-48.400997,-13.888294,-6.382213,290.02032,-64.9691,62.602074,0.34344104,41.518513,34.012596,7.578788,7.251089,43.900806,27.871876,16.02893,15.960133,21.249905,20.92564,12.538437,159.75,93.18224,66.56776,66.56776,93.18224,630.9697,5.530303,36.969696,0.0,6.958286,31.247442,55.614677,73.398056,99.528694,179.33438,60.21212,45.44678,35.67836,43.5509,0.0
RTSIsc1.48cRnd0000000020_Ne.4Si50_Cr.0Bi00.00-5SBi-08.00-5nA160Am0.0Sm0.25mT0.001No0Al0.1Be0eT0eA160eS0eFS0eFa0.out,0.0,-8.0,50.0,17.0,319.5,0.48904797,-67.61259,-67.54534,-55.11132,389.28302,-100.235405,32.38192,0.2901309,12.021213,0.98986745,11.952462,55.12036,38.009613,24.4643,13.545313,13.486079,18.715672,69.06223,56.007626,159.75,103.36444,56.38556,56.38556,103.36444,633.3333,5.2882576,37.121212,0.0,11.808806,34.456154,46.57055,54.364204,80.438545,186.575,58.466145,50.25663,45.268986,65.12831,0.0
RTSIsc1.48cRnd0000000030_Ne.4Si50_Cr.0Bi50.00-5SBi-04.00-5nA160Am0.0Sm0.25mT0.001No0Al0.1Be0eT0eA160eS0eFS0eFa0.out,50.0,-4.0,50.0,17.0,319.5,0.32418546,-29.2171,19.870062,11.209033,312.45065,-60.85447,66.97973,0.3254344,39.951138,48.58679,8.821828,10.8941765,41.333664,26.126514,15.2071495,15.142235,19.66321,24.323826,15.367352,159.75,97.07301,62.67699,62.67699,97.07301,632.48486,5.4996686,36.454544,0.0,5.9544034,29.30128,51.993515,67.65597,95.0437,184.99072,62.456203,48.176704,38.533855,48.3785,0.0
RTSIsc1.48cRnd0000000013_Ne.4Si50_Cr.0Bi-35.00-5SBi02.00-5nA160Am0.0Sm0.25mT0.001No0Al0.1Be0eT0eA160eS0eFS0eFa0.out,-35.0,2.0,50.0,17.0,319.5,0.08371838,17.48479,-17.050348,-9.652813,302.57977,-66.894325,63.33916,0.3371437,26.689962,34.03319,7.6510415,10.165388,42.578884,26.969603,15.609281,15.541714,20.768513,23.546198,15.029815,159.75,94.52609,65.22391,65.22391,94.52609,631.0909,5.4544034,37.060608,0.0,6.249337,29.093561,53.25895,70.57808,96.62533,186.54735,61.104828,46.769176,36.454544,44.40975,0.0
RTSIsc1.48cRnd0000000027_Ne.4Si50_Cr.0Bi35.00-5SBi-04.00-5nA160Am0.0Sm0.25mT0.001No0Al0.1Be0eT0eA160eS0eFS0eFa0.out,35.0,-4.0,50.0,17.0,319.5,0.1169287,-32.173126,2.1940064,1.1391921,267.8982,-63.070797,63.18954,0.3602999,32.81056,33.86662,4.899716,3.9809186,45.35038,28.498058,16.85232,16.780586,21.53163,17.472275,10.614441,159.75,90.309944,69.440056,69.440056,90.309944,633.2727,5.530303,36.969696,0.0,4.35393,27.812359,56.39967,79.059944,107.132,184.92316,61.69678,44.594887,32.205585,35.094414,0.0
RTSIsc1.48cRnd0000000014_Ne.4Si50_Cr.0Bi-30.00-5SBi04.00-5nA160Am0.0Sm0.25mT0.001No0Al0.1Be0eT0eA160eS0eFS0eFa0.out,-30.0,4.0,50.0,17.0,319.5,0.029123865,32.534267,2.8506858,1.3864882,271.02158,-60.78345,65.19442,0.36570212,30.647633,29.182198,4.965341,4.4207387,45.72931,28.474195,17.255114,17.18802,22.208097,17.350632,10.811457,159.75,89.04782,70.70218,70.70218,89.04782,633.63635,5.741809,36.909092,0.0,5.1726327,28.802084,57.44148,79.07765,106.83523,185.52695,61.423912,43.852367,31.844318,33.65975,0.0
RTSIsc1.48cRnd0000000016_Ne.4Si50_Cr.0Bi-20.00-5SBi-06.00-5nA160Am0.0Sm0.25mT0.001No0Al0.1Be0eT0eA160eS0eFS0eFa0.out,-20.0,-6.0,50.0,17.0,319.5,0.3422631,-48.401085,-68.064545,-55.66314,404.13885,-100.01997,35.560577,0.29148856,8.407529,19.16269,11.914015,55.536648,38.335842,24.731724,13.604119,13.544697,18.627035,69.52125,56.553448,159.75,103.186455,56.56354,56.56354,103.186455,631.3939,5.5526514,36.878788,0.0,11.600379,33.364204,46.879166,54.95175,79.89498,186.09967,58.969128,50.77211,44.893654,63.96889,0.0
RTSIsc1.48cRnd0000000023_Ne.4Si50_Cr.0Bi15.00-5SBi08.00-5nA160Am0.0Sm0.25mT0.001No0Al0.1Be0eT0eA160eS0eFS0eFa0.out,15.0,8.0,50.0,17.0,319.5,0.26235053,64.53093,79.01516,66.96737,417.05533,-24.236282,108.39021,0.29083928,5.2761836,13.983286,11.561127,66.22964,37.932384,24.42481,13.507576,13.448343,18.609564,79.75275,67.212296,159.75,103.32064,56.429356,56.429356,103.32064,632.7273,5.5837593,37.0,0.0,11.364631,31.308996,45.653835,55.56004,81.37301,188.1436,60.289677,50.994556,44.80199,63.23693,0.0
RTSIsc1.48cRnd0000000018_Ne.4Si50_Cr.0Bi-10.00-5SBi00.00-5nA160Am0.0Sm0.25mT0.001No0Al0.1Be0eT0eA160eS0eFS0eFa0.out,-10.0,0.0,50.0,17.0,319.5,0.35483935,0.11701855,-9.641982,-4.552499,274.34967,-62.191875,63.77222,0.36118025,5.6595645,9.25857,5.915483,5.5275097,45.285416,28.582008,16.70341,16.633476,22.12609,18.266182,11.361898,159.75,89.81761,69.93239,69.93239,89.81761,632.0606,5.598106,37.030304,0.0,5.264962,30.274242,57.572586,77.97036,103.23821,184.558,59.909515,43.93679,32.899574,36.436363,0.0
RTSIsc1.48cRnd0000000015_Ne.4Si50_Cr.0Bi-25.00-5SBi02.00-5nA160Am0.0Sm0.25mT0.001No0Al0.1Be0eT0eA160eS0eFS0eFa0.out,-25.0,2.0,50.0,17.0,319.5,0.28324407,18.398178,-6.1876717,-3.0016086,275.40662,-63.70034,64.46943,0.3623498,20.924149,24.08802,5.3401513,4.8317237,46.123108,28.978504,17.144602,17.071733,21.67841,17.873182,11.09266,159.75,89.89318,69.85682,69.85682,89.89318,631.1515,5.7274146,36.909092,0.0,4.9618845,28.360416,57.993702,79.96956,107.577934,179.73224,61.785275,43.887264,31.811174,35.072063,0.0
RTSIsc1.48cRnd0000000025_Ne.4Si50_Cr.0Bi25.00-5SBi06.00-5nA160Am0.0Sm0.25mT0.001No0Al0.1Be0eT0eA160eS0eFS0eFa0.out,25.0,6.0,50.0,17.0,319.5,0.13808349,48.253815,72.59508,59.87882,416.85632,-30.107155,104.40099,0.28870004,12.469413,23.841383,12.232102,59.257717,38.355873,24.5875,13.768372,13.710227,17.964062,73.42245,60.322315,159.75,104.0678,55.682198,55.682198,104.0678,631.3333,5.4171877,36.575756,0.0,10.246496,31.930445,45.443325,55.557575,81.83811,186.10649,60.12746,51.105824,45.14086,63.836742,0.0
RTSIsc1.48cRnd0000000022_Ne.4Si50_Cr.0Bi10.00-5SBi-04.00-5nA160Am0.0Sm0.25mT0.001No0Al0.1Be0eT0eA160eS0eFS0eFa0.out,10.0,-4.0,50.0,17.0,319.5,0.42722717,-32.508537,-22.560654,-12.320405,294.41208,-67.136154,57.694847,0.31658843,19.692755,9.450616,9.800095,12.525994,40.649715,25.840578,14.809138,14.749195,19.235369,26.354143,16.180134,159.75,98.80417,60.945835,60.945835,98.80417,632.36365,5.5001893,36.848484,0.0,7.3570547,29.706865,50.740814,66.00777,92.737404,184.72888,60.533,47.88731,39.99678,52.667755,0.0
RTSIsc1.48cRnd0000000023_Ne.4Si50_Cr.0Bi15.00-5SBi10.00-5nA160Am0.0Sm0.25mT0.001No0Al0.1Be0eT0eA160eS0eFS0eFa0.out,15.0,10.0,50.0,17.0,319.5,0.26235053,80.147255,93.00682,81.17964,425.628,-13.832143,113.3496,0.28489324,5.391619,12.361221,11.3482485,80.4419,37.72623,23.903599,13.822633,13.766382,17.576563,93.724525,81.164185,159.75,104.94209,54.807907,54.807907,104.94209,632.24243,5.5837593,37.0,0.0,11.695739,32.491997,45.564205,55.49091,81.38225,182.75455,59.330444,51.33641,46.38835,65.80758,0.0
RTSIsc1.48cRnd0000000019_Ne.4Si50_Cr.0Bi-05.00-5SBi-08.00-5nA160Am0.0Sm0.25mT0.001No0Al0.1Be0eT0eA160eS0eFS0eFa0.out,-5.0,-8.0,50.0,17.0,319.5,0.21983248,-63.33341,-68.10135,-55.07551,408.36423,-100.23748,33.366837,0.28465825,8.062452,4.2945547,12.53821,54.833855,38.192425,24.86804,13.324385,13.265957,18.139868,69.35426,55.774788,159.75,104.60175,55.148247,55.148247,104.60175,631.69696,5.5454545,36.696968,0.0,13.1332855,33.547302,45.483524,53.295406,77.60422,185.75038,58.902557,51.010227,46.234375,66.7357,0.0
RTSIsc1.48cRnd0000000027_Ne.4Si50_Cr.0Bi35.00-5SBi-02.00-5nA160Am0.0Sm0.25mT0.001No0Al0.1Be0eT0eA160eS0eFS0eFa0.out,35.0,-2.0,50.0,17.0,319.5,0.1169287,-15.910861,18.375177,9.781241,303.36923,-61.632927,67.429405,0.33400896,25.209139,33.78693,8.291146,9.646922,42.12306,26.744507,15.3785515,15.312452,20.267614,23.329964,14.568688,159.75,95.306816,64.443184,64.443184,95.306816,632.0606,5.530303,36.969696,0.0,6.345502,29.392992,52.756535,70.352554,97.79067,185.09148,61.09072,46.730873,36.658806,45.850475,0.0
RTSIsc1.48cRnd0000000014_Ne.4Si50_Cr.0Bi-30.00-5SBi-04.00-5nA160Am0.0Sm0.25mT0.001No0Al0.1Be0eT0eA160eS0eFS0eFa0.out,-30.0,-4.0,50.0,17.0,319.5,0.029123865,-32.48975,-61.914448,-50.27262,400.52338,-96.31352,40.437588,0.3028572,17.651232,28.924622,11.1550665,49.843845,39.920643,25.77874,14.141904,14.0788355,19.245975,63.048992,51.125572,159.75,100.99219,58.757812,58.757812,100.99219,631.2727,5.741809,36.909092,0.0,10.773248,33.982388,48.78196,59.791904,85.12708,181.64943,59.39451,49.97358,43.108616,58.69001,0.0
RTSIsc1.48cRnd0000000023_Ne.4Si50_Cr.0Bi15.00-5SBi-10.00-5nA160Am0.0Sm0.25mT0.001No0Al0.1Be0eT0eA160eS0eFS0eFa0.out,15.0,-10.0,50.0,17.0,319.5,0.26235053,-80.65906,-66.61497,-53.364117,401.50082,-99.87681,31.486141,0.27812916,26.799715,13.545549,12.773864,53.162075,37.39086,24.12552,13.265341,13.208191,17.38499,67.95917,54.02706,159.75,106.1259,53.6241,53.6241,106.1259,631.2121,5.5837593,37.0,0.0,11.943987,31.646023,43.469746,53.181675,78.508,185.58902,59.390198,51.405067,47.145123,68.93329,0.0
RTSIsc1.48cRnd0000000018_Ne.4Si50_Cr.0Bi-10.00-5SBi04.00-5nA160Am0.0Sm0.25mT0.001No0Al0.1Be0eT0eA160eS0eFS0eFa0.out,-10.0,4.0,50.0,17.0,319.5,0.35483935,32.769398,22.85414,12.691286,304.75653,-59.174137,68.36767,0.3201785,19.577557,9.414962,9.682907,12.042046,41.530968,26.543324,14.987642,14.927178,19.471733,25.629936,15.743643,159.75,98.037125,61.71288,61.71288,98.037125,634.6061,5.598106,37.030304,0.0,7.3904357,30.902605,51.799335,66.66103,93.306206,185.21524,59.406723,48.41198,39.974575,51.537926,0.0
RTSIsc1.48cRnd0000000024_Ne.4Si50_Cr.0Bi20.00-5SBi02.00-5nA160Am0.0Sm0.25mT0.001No0Al0.1Be0eT0eA160eS0eFS0eFa0.out,20.0,2.0,50.0,17.0,319.5,0.33887494,18.181383,37.659874,26.139088,351.88745,-53.537678,79.12522,0.30415407,8.712263,18.98125,11.04839,25.386457,39.812027,25.47448,14.337547,14.279166,18.603172,38.789127,27.269665,159.75,101.15928,58.59072,58.59072,101.15928,633.57574,5.6216855,37.333332,0.0,8.925994,32.232197,49.35502,60.44086,88.7028,182.59285,60.65592,50.050377,43.199383,57.42036,0.0
RTSIsc1.48cRnd0000000012_Ne.4Si50_Cr.0Bi-40.00-5SBi00.00-5nA160Am0.0Sm0.25mT0.001No0Al0.1Be0eT0eA160eS0eFS0eFa0.out,-40.0,0.0,50.0,17.0,319.5,0.6071068,1.0141418,-38.418877,-26.804178,368.9803,-77.51179,55.816708,0.29916996,27.391666,38.930775,11.1313925,26.985416,38.64214,24.766903,13.8752365,13.81018,18.543797,40.61222,29.089699,159.75,101.98845,57.761555,57.761555,101.98845,630.5455,5.5832386,37.060608,0.0,9.32751,31.060986,47.174904,58.24749,85.34427,184.94058,60.125282,51.185986,44.227036,58.91141,0.0
RTSIsc1.48cRnd0000000022_Ne.4Si50_Cr.0Bi10.00-5SBi06.00-5nA160Am0.0Sm0.25mT0.001No0Al0.1Be0eT0eA160eS0eFS0eFa0.out,10.0,6.0,50.0,17.0,319.5,0.42722717,48.490105,58.224987,45.492985,372.22998,-38.003918,94.74465,0.28842637,5.178504,9.238589,12.247727,44.60104,38.108334,24.431486,13.6768465,13.621164,17.890152,58.883198,45.625656,159.75,104.14882,55.601185,55.601185,104.14882,632.0606,5.5001893,36.848484,0.0,9.955824,32.75019,46.787643,56.551327,82.10583,184.07097,59.55014,50.7839,44.812595,64.692184,0.0
RTSIsc1.48cRnd0000000029_Ne.4Si50_Cr.0Bi45.00-5SBi00.00-5nA160Am0.0Sm0.25mT0.001No0Al0.1Be0eT0eA160eS0eFS0eFa0.out,45.0,0.0,50.0,17.0,319.5,0.12017225,-0.1600871,44.179176,31.681738,371.6041,-49.618298,83.244675,0.292031,31.459707,43.842945,12.022206,31.182907,38.63144,24.798532,13.832907,13.769271,17.300426,45.314747,32.7478,159.75,103.88603,55.863968,55.863968,103.88603,632.1212,5.507055,37.333332,0.0,8.425473,29.755445,46.359234,58.90819,85.42102,185.56738,61.439156,51.10521,44.25246,60.88764,0.0
RTSIsc1.48cRnd0000000020_Ne.4Si50_Cr.0Bi00.00-5SBi10.00-5nA160Am0.0Sm0.25mT0.001No0Al0.1Be0eT0eA160eS0eFS0eFa0.out,0.0,10.0,50.0,17.0,319.5,0.48904797,78.55029,78.208885,65.02825,414.28885,-26.25835,108.47649,0.28213415,13.042519,1.1570549,12.6919985,64.06411,37.511032,24.252888,13.258144,13.200236,18.391146,78.82089,64.98283,159.75,104.84148,54.908524,54.908524,104.84148,631.63635,5.2882576,37.121212,0.0,13.228504,33.523155,44.54692,53.108997,78.53002,184.0518,58.246307,50.83712,46.265247,69.298294,0.0
RTSIsc1.48cRnd0000000021_Ne.4Si50_Cr.0Bi05.00-5SBi02.00-5nA160Am0.0Sm0.25mT0.001No0Al0.1Be0eT0eA160eS0eFS0eFa0.out,5.0,2.0,50.0,17.0,319.5,0.48364154,17.87876,22.83741,13.657781,300.40515,-57.21092,69.22178,0.32888666,4.951515,4.47268,8.8439865,12.959754,42.180065,26.759943,15.420123,15.353551,20.176609,25.725693,16.497505,159.75,96.20677,63.54323,63.54323,96.20677,631.75757,5.5368843,36.878788,0.0,7.414631,31.283192,52.828125,68.831726,94.394745,182.69347,60.182102,47.601562,38.87642,47.65161,0.0
RTSIsc1.48cRnd0000000011_Ne.4Si50_Cr.0Bi-45.00-5SBi02.00-5nA160Am0.0Sm0.25mT0.001No0Al0.1Be0eT0eA160eS0eFS0eFa0.out,-45.0,2.0,50.0,17.0,319.5,0.38684684,17.342623,-27.283642,-16.458221,355.19833,-70.81107,61.9242,0.31131154,33.327652,44.126183,10.358854,16.531675,40.813637,26.241762,14.571875,14.510843,18.790672,30.416016,19.871553,159.75,99.92093,59.82907,59.82907,99.92093,632.42426,5.576278,36.666668,0.0,7.7955017,30.514915,49.657337,62.83613,89.528885,184.19176,61.683853,50.34318,42.008427,53.86425,0.0
RTSIsc1.48cRnd0000000017_Ne.4Si50_Cr.0Bi-15.00-5SBi02.00-5nA160Am0.0Sm0.25mT0.001No0Al0.1Be0eT0eA160eS0eFS0eFa0.out,-15.0,2.0,50.0,17.0,319.5,0.5888547,18.820343,4.0423546,2.1424608,256.37476,-60.464237,64.85442,0.3718626,16.193277,14.278835,4.6518464,3.8446496,46.00966,28.714537,17.295124,17.225758,22.67178,16.216581,10.07208,159.75,87.79271,71.95729,71.95729,87.79271,632.0606,5.4702654,36.939392,0.0,4.8150096,28.194603,58.434563,81.81932,108.64801,185.79825,60.00876,42.716904,29.8625,31.76269,0.0
RTSIsc1.48cRnd0000000024_Ne.4Si50_Cr.0Bi20.00-5SBi-04.00-5nA160Am0.0Sm0.25mT0.001No0Al0.1Be0eT0eA160eS0eFS0eFa0.out,20.0,-4.0,50.0,17.0,319.5,0.33887494,-31.048185,-11.14972,-5.2842345,265.40256,-63.92138,61.82623,0.35036173,25.2643,19.39981,6.511269,5.980019,43.653553,27.404072,16.24948,16.184092,21.219507,18.790678,11.280498,159.75,92.12382,67.62618,67.62618,92.12382,631.8182,5.6216855,37.333332,0.0,5.412547,28.997442,54.924904,74.59081,101.303505,187.13892,60.684895,44.83906,34.01013,39.915955,0.0
RTSIsc1.48cRnd0000000019_Ne.4Si50_Cr.0Bi-05.00-5SBi02.00-5nA160Am0.0Sm0.25mT0.001No0Al0.1Be0eT0eA160eS0eFS0eFa0.out,-5.0,2.0,50.0,17.0,319.5,0.21983248,16.996712,12.271616,6.1875315,272.12332,-60.206413,64.589066,0.3428092,10.8179455,4.2348957,6.8546877,6.440909,43.433285,27.401184,16.032103,15.965056,20.589582,20.070913,11.999208,159.75,93.718185,66.031815,66.031815,93.718185,633.2121,5.5454545,36.696968,0.0,6.03679,29.076847,54.073864,74.441765,101.50696,183.55696,61.535984,45.575993,34.95748,42.44948,0.0
RTSIsc1.48cRnd0000000030_Ne.4Si50_Cr.0Bi50.00-5SBi06.00-5nA160Am0.0Sm0.25mT0.001No0Al0.1Be0eT0eA160eS0eFS0eFa0.out,50.0,6.0,50.0,17.0,319.5,0.32418546,51.106144,96.93935,87.280075,460.90027,-19.173439,113.564644,0.31746402,35.956627,45.330067,9.2080965,86.476,40.618656,25.598675,15.019981,14.956723,20.694933,97.59633,87.465294,159.75,97.76818,61.98182,61.98182,97.76818,632.8485,5.4996686,36.454544,0.0,13.159659,38.204025,52.902653,61.82978,87.34205,177.51936,57.38409,47.778313,42.109516,54.619034,0.0
RTSIsc1.48cRnd0000000012_Ne.4Si50_Cr.0Bi-40.00-5SBi-10.00-5nA160Am0.0Sm0.25mT0.001No0Al0.1Be0eT0eA160eS0eFS0eFa0.out,-40.0,-10.0,50.0,17.0,319.5,0.6071068,-79.1779,-104.198006,-100.916885,411.69983,-109.81738,28.099619,0.47256017,21.528503,24.524858,3.0946023,101.024574,44.74943,24.321213,20.428219,20.362879,59.81695,105.80934,101.97743,159.75,49.549812,110.20019,110.20019,49.549812,631.57574,5.5832386,37.060608,0.0,138.31775,99.39526,76.0009,61.725994,65.06288,110.21899,26.79323,20.821354,17.102652,16.136742,0.0
RTSIsc1.48cRnd0000000013_Ne.4Si50_Cr.0Bi-35.00-5SBi04.00-5nA160Am0.0Sm0.25mT0.001No0Al0.1Be0eT0eA160eS0eFS0eFa0.out,-35.0,4.0,50.0,17.0,319.5,0.08371838,33.78519,-0.59880704,-0.33691147,275.26874,-61.57531,65.5853,0.35424024,33.6259,33.887737,6.0784564,5.2999525,44.76231,28.113495,16.648817,16.579262,21.563494,18.557453,11.298548,159.75,91.30057,68.44943,68.44943,91.30057,630.36365,5.4544034,37.060608,0.0,5.714252,29.205587,56.55161,76.04314,103.6438,181.89612,61.08395,44.917046,33.556866,37.751278,0.0
RTSIsc1.48cRnd0000000028_Ne.4Si50_Cr.0Bi40.00-5SBi-04.00-5nA160Am0.0Sm0.25mT0.001No0Al0.1Be0eT0eA160eS0eFS0eFa0.out,40.0,-4.0,50.0,17.0,319.5,0.40650687,-32.45951,6.7912426,3.8284523,275.23145,-62.378338,63.643097,0.35263455,35.799763,38.750046,6.4587593,5.5446496,44.08054,27.585653,16.494886,16.425142,21.271023,19.005985,11.553845,159.75,91.70317,68.04683,68.04683,91.70317,630.8485,5.4322915,37.060608,0.0,5.069886,28.216288,54.904877,76.3572,103.8295,184.03073,62.045265,44.558475,33.470028,38.36624,0.0
RTSIsc1.48cRnd0000000014_Ne.4Si50_Cr.0Bi-30.00-5SBi10.00-5nA160Am0.0Sm0.25mT0.001No0Al0.1Be0eT0eA160eS0eFS0eFa0.out,-30.0,10.0,50.0,17.0,319.5,0.029123865,80.147446,51.953285,38.617214,358.52594,-38.81219,91.478226,0.2847075,41.030636,27.694744,12.842188,38.155163,37.338306,24.149622,13.1886835,13.133002,18.61321,52.999035,39.09341,159.75,104.29224,55.457764,55.457764,104.29224,632.9697,5.741809,36.909092,0.0,13.339205,34.61321,45.89484,53.409515,78.10398,184.78053,58.562782,51.092567,45.519745,67.65331,0.0
RTSIsc1.48cRnd0000000010_Ne.4Si50_Cr.0Bi-50.00-5SBi-08.00-5nA160Am0.0Sm0.25mT0.001No0Al0.1Be0eT0eA160eS0eFS0eFa0.out,-50.0,-8.0,50.0,17.0,319.5,0.86489,-64.92763,-102.552124,-98.187416,454.14804,-109.81924,29.053253,0.44376937,33.04209,37.123863,4.0940814,98.56321,47.052177,27.08305,19.96913,19.89768,45.276325,104.48168,99.61252,159.75,62.561222,97.18878,97.18878,62.561222,632.0606,5.6126895,36.878788,0.0,73.75672,91.6089,81.01932,71.91709,77.18542,129.85222,34.775757,27.296022,22.361742,22.287405,0.0
RTSIsc1.48cRnd0000000010_Ne.4Si50_Cr.0Bi-50.00-5SBi06.00-5nA160Am0.0Sm0.25mT0.001No0Al0.1Be0eT0eA160eS0eFS0eFa0.out,-50.0,6.0,50.0,17.0,319.5,0.86489,48.38376,-0.9488685,-0.40158063,267.48245,-62.123962,65.91627,0.37168586,48.285038,48.831818,4.1741004,3.2135417,45.860844,28.482056,17.378788,17.30786,22.704782,16.435188,10.322192,159.75,87.779594,71.970406,71.970406,87.779594,632.6061,5.6126895,36.878788,0.0,5.0647254,28.7643,58.109943,80.408905,107.98253,185.57013,60.78963,43.29626,31.001894,31.617756,0.0
RTSIsc1.48cRnd0000000017_Ne.4Si50_Cr.0Bi-15.00-5SBi-04.00-5nA160Am0.0Sm0.25mT0.001No0Al0.1Be0eT0eA160eS0eFS0eFa0.out,-15.0,-4.0,50.0,17.0,319.5,0.5888547,-29.967533,-44.821075,-32.579945,362.69586,-83.05588,49.261875,0.29459336,5.772917,14.354924,11.757292,32.76245,39.205635,25.150568,14.055066,13.995644,17.94143,46.614376,34.14267,159.75,103.10564,56.644367,56.644367,103.10564,633.0303,5.4702654,36.939392,0.0,10.5267515,32.783096,46.92088,56.810368,82.53314,184.51222,60.83376,51.26927,45.066715,61.7741,0.0
RTSIsc1.48cRnd0000000018_Ne.4Si50_Cr.0Bi-10.00-5SBi02.00-5nA160Am0.0Sm0.25mT0.001No0Al0.1Be0eT0eA160eS0eFS0eFa0.out,-10.0,2.0,50.0,17.0,319.5,0.35483935,16.444561,6.585381,3.0643625,252.21628,-59.53202,63.8382,0.36558172,12.901894,9.358854,4.731818,3.8011363,45.2518,28.251846,16.999952,16.931818,21.930965,16.855505,10.170774,159.75,89.273865,70.476135,70.476135,89.273865,632.5455,5.598106,37.030304,0.0,4.14375,26.72235,55.91638,79.808426,109.37339,187.41946,61.325947,43.566902,30.770313,33.49853,0.0
RTSIsc1.48cRnd0000000023_Ne.4Si50_Cr.0Bi15.00-5SBi04.00-5nA160Am0.0Sm0.25mT0.001No0Al0.1Be0eT0eA160eS0eFS0eFa0.out,15.0,4.0,50.0,17.0,319.5,0.26235053,32.09498,46.801846,34.97168,366.0627,-46.82669,86.49209,0.3000408,5.3193183,14.208523,11.34929,34.271923,39.735653,25.509848,14.225805,14.165199,18.37462,47.689285,35.62977,159.75,101.94678,57.80322,57.80322,101.94678,633.2121,5.5837593,37.0,0.0,9.7720175,32.729355,48.481155,59.161507,84.4865,183.33281,60.75085,51.34569,43.970455,59.18177,0.0
RTSIsc1.48cRnd0000000013_Ne.4Si50_Cr.0Bi-35.00-5SBi-04.00-5nA160Am0.0Sm0.25mT0.001No0Al0.1Be0eT0eA160eS0eFS0eFa0.out,-35.0,-4.0,50.0,17.0,319.5,0.08371838,-31.42336,-65.4372,-52.677967,421.69214,-97.74711,39.294003,0.2892472,21.139015,33.514393,12.272112,52.301704,38.822445,25.076136,13.746306,13.684707,17.614725,66.6247,53.438744,159.75,104.15185,55.598152,55.598152,104.15185,632.6667,5.4544034,37.060608,0.0,10.124668,31.757624,45.462593,54.983616,82.610466,186.13268,60.355873,51.63286,46.501087,63.10521,0.0
RTSIsc1.48cRnd0000000019_Ne.4Si50_Cr.0Bi-05.00-5SBi-10.00-5nA160Am0.0Sm0.25mT0.001No0Al0.1Be0eT0eA160eS0eFS0eFa0.out,-5.0,-10.0,50.0,17.0,319.5,0.21983248,-78.39374,-82.54727,-70.465034,424.71704,-106.9779,23.555689,0.28954297,7.7652936,3.7119792,11.594271,70.2018,39.032906,25.141382,13.891524,13.8307295,18.688164,83.80631,70.95687,159.75,103.47751,56.27249,56.27249,103.47751,633.51514,5.5454545,36.696968,0.0,14.882244,34.63144,45.641525,53.784042,78.916336,183.78442,58.707577,51.48442,46.457054,65.22609,0.0
RTSIsc1.48cRnd0000000027_Ne.4Si50_Cr.0Bi35.00-5SBi-08.00-5nA160Am0.0Sm0.25mT0.001No0Al0.1Be0eT0eA160eS0eFS0eFa0.out,35.0,-8.0,50.0,17.0,319.5,0.1169287,-64.41119,-30.354342,-18.261724,325.18976,-74.37179,53.61543,0.30010384,45.64981,33.556488,11.5996685,18.13698,39.38892,25.49517,13.89375,13.834091,19.095264,32.80156,20.572725,159.75,101.54877,58.201233,58.201233,101.54877,632.30304,5.530303,36.969696,0.0,10.520691,32.857388,48.35109,59.077038,84.8304,184.84499,59.472584,48.93087,42.630207,60.787785,0.0
RTSIsc1.48cRnd0000000013_Ne.4Si50_Cr.0Bi-35.00-5SBi00.00-5nA160Am0.0Sm0.25mT0.001No0Al0.1Be0eT0eA160eS0eFS0eFa0.out,-35.0,0.0,50.0,17.0,319.5,0.08371838,1.1795261,-33.198364,-21.541794,331.58582,-73.90457,56.699356,0.29948527,22.339773,33.878742,11.165152,21.297964,39.643322,25.52874,14.114583,14.052746,18.14929,35.50881,23.96217,159.75,102.17803,57.571968,57.571968,102.17803,632.8485,5.4544034,37.060608,0.0,8.491903,30.207338,48.201233,61.067852,88.27898,182.8614,60.574623,50.946022,43.371876,58.84725,0.0
RTSIsc1.48cRnd0000000010_Ne.4Si50_Cr.0Bi-50.00-5SBi-02.00-5nA160Am0.0Sm0.25mT0.001No0Al0.1Be0eT0eA160eS0eFS0eFa0.out,-50.0,-2.0,50.0,17.0,319.5,0.86489,-16.513083,-65.603615,-53.77958,421.7318,-97.79013,41.545143,0.29865226,36.92519,48.589016,11.332386,54.203648,39.606865,25.5982,14.008665,13.948958,18.4491,67.55026,55.427383,159.75,102.158005,57.592,57.592,102.158005,630.9091,5.6126895,36.878788,0.0,10.017377,33.953457,48.622395,58.00412,83.726944,182.79692,59.41875,51.01056,43.718372,59.640198,0.0
RTSIsc1.48cRnd0000000017_Ne.4Si50_Cr.0Bi-15.00-5SBi10.00-5nA160Am0.0Sm0.25mT0.001No0Al0.1Be0eT0eA160eS0eFS0eFa0.out,-15.0,10.0,50.0,17.0,319.5,0.5888547,82.76727,68.83052,55.67291,382.65924,-26.783024,103.052086,0.28413197,26.598484,13.437406,12.669082,54.61321,38.037735,24.661268,13.376468,13.3203125,18.366478,69.217255,55.39958,159.75,104.60047,55.149525,55.149525,104.60047,633.3939,5.4702654,36.939392,0.0,13.223201,33.869884,44.71979,52.525425,77.67239,186.64304,58.443607,51.846306,46.241856,68.20843,0.0
RTSIsc1.48cRnd0000000013_Ne.4Si50_Cr.0Bi-35.00-5SBi-06.00-5nA160Am0.0Sm0.25mT0.001No0Al0.1Be0eT0eA160eS0eFS0eFa0.out,-35.0,-6.0,50.0,17.0,319.5,0.08371838,-47.675335,-80.38826,-68.66336,453.3127,-105.34401,30.28141,0.29566532,20.943607,32.212738,11.2535515,68.26728,39.489964,25.391525,14.098437,14.035795,18.39716,81.5816,69.391174,159.75,102.60838,57.14162,57.14162,102.60838,633.8182,5.4544034,37.060608,0.0,12.14162,33.914253,46.43835,56.44337,83.49863,180.86208,60.33518,51.89247,45.936977,62.355255,0.0
RTSIsc1.48cRnd0000000021_Ne.4Si50_Cr.0Bi05.00-5SBi-10.00-5nA160Am0.0Sm0.25mT0.001No0Al0.1Be0eT0eA160eS0eFS0eFa0.out,5.0,-10.0,50.0,17.0,319.5,0.48364154,-78.355606,-73.66638,-61.013607,402.29245,-103.41645,28.00382,0.2845922,16.841904,4.1934185,12.1673765,61.029358,37.629166,24.14555,13.483618,13.423437,18.171827,75.23814,61.89983,159.75,104.568375,55.18163,55.18163,104.568375,631.69696,5.5368843,36.878788,0.0,11.489252,32.80322,45.21307,54.270123,79.76302,184.64862,58.745216,51.774574,46.652416,66.337456,0.0
RTSIsc1.48cRnd0000000023_Ne.4Si50_Cr.0Bi15.00-5SBi02.00-5nA160Am0.0Sm0.25mT0.001No0Al0.1Be0eT0eA160eS0eFS0eFa0.out,15.0,2.0,50.0,17.0,319.5,0.26235053,15.805217,30.872854,19.808449,325.2364,-54.967804,74.93161,0.30895254,5.451468,14.566903,10.5873575,19.160606,39.83949,25.427084,14.412405,14.352746,19.000189,32.4416,21.49678,159.75,100.16496,59.585037,59.585037,100.16496,632.24243,5.5837593,37.0,0.0,7.8086176,31.496828,50.33499,62.75412,89.26103,183.63579,60.674244,49.708805,41.564632,55.00336,0.0
RTSIsc1.48cRnd0000000027_Ne.4Si50_Cr.0Bi35.00-5SBi10.00-5nA160Am0.0Sm0.25mT0.001No0Al0.1Be0eT0eA160eS0eFS0eFa0.out,35.0,10.0,50.0,17.0,319.5,0.1169287,80.616714,105.84227,99.60441,476.42575,-19.84131,114.79095,0.3990491,19.128078,24.723343,5.8725853,98.99356,44.168182,26.018229,18.149952,18.085037,36.846924,106.66017,99.95954,159.75,75.00781,84.74219,84.74219,75.00781,631.2727,5.530303,36.969696,0.0,54.39375,73.38172,71.7526,68.93234,82.85573,140.69275,42.278503,33.831345,29.155682,33.998295,0.0
RTSIsc1.48cRnd0000000028_Ne.4Si50_Cr.0Bi40.00-5SBi-06.00-5nA160Am0.0Sm0.25mT0.001No0Al0.1Be0eT0eA160eS0eFS0eFa0.out,40.0,-6.0,50.0,17.0,319.5,0.40650687,-48.678635,-9.805718,-4.120289,275.84302,-64.11068,60.923187,0.33943272,44.060417,38.374004,7.3799243,6.366714,42.39498,26.621922,15.773059,15.705682,20.323912,20.317558,11.744821,159.75,94.438965,65.311035,65.311035,94.438965,632.1212,5.4322915,37.060608,0.0,5.4500475,27.117329,52.091335,72.309326,100.73537,189.67732,60.486507,45.697586,35.261127,43.295265,0.0
RTSIsc1.48cRnd0000000018_Ne.4Si50_Cr.0Bi-10.00-5SBi10.00-5nA160Am0.0Sm0.25mT0.001No0Al0.1Be0eT0eA160eS0eFS0eFa0.out,-10.0,10.0,50.0,17.0,319.5,0.35483935,80.73706,71.45459,57.741135,399.0468,-28.020733,104.94827,0.2786353,22.494366,8.782245,13.228646,56.90966,37.29531,24.244461,13.050852,12.994271,17.728409,72.113846,57.73716,159.75,105.8384,53.911602,53.911602,105.8384,631.69696,5.598106,37.030304,0.0,13.471685,32.98769,43.87093,51.951233,77.19186,187.84125,57.207577,51.10573,45.93575,70.133286,0.0
RTSIsc1.48cRnd0000000021_Ne.4Si50_Cr.0Bi05.00-5SBi04.00-5nA160Am0.0Sm0.25mT0.001No0Al0.1Be0eT0eA160eS0eFS0eFa0.out,5.0,4.0,50.0,17.0,319.5,0.48364154,34.110924,38.96974,27.738735,338.08655,-50.24789,80.66141,0.30824104,6.329924,4.365672,10.75019,26.834896,40.516193,26.084187,14.432008,14.366004,19.241478,39.888344,28.55886,159.75,100.07737,59.672634,59.672634,100.07737,632.1212,5.5368843,36.878788,0.0,9.341193,34.11198,50.496212,61.27803,86.52576,180.88097,60.779167,50.174526,42.543938,55.98944,0.0
RTSIsc1.48cRnd0000000020_Ne.4Si50_Cr.0Bi00.00-5SBi-10.00-5nA160Am0.0Sm0.25mT0.001No0Al0.1Be0eT0eA160eS0eFS0eFa0.out,0.0,-10.0,50.0,17.0,319.5,0.48904797,-82.58298,-82.37126,-70.02213,420.74362,-106.87373,23.118025,0.28619838,12.08286,1.0613636,11.866525,70.02893,38.640434,24.825285,13.815151,13.75535,17.665388,83.96544,70.81824,159.75,104.60047,55.149525,55.149525,104.60047,633.2121,5.2882576,37.121212,0.0,12.177036,32.92211,44.519413,53.598106,80.57817,185.5527,59.696354,51.47467,46.34389,66.34967,0.0
RTSIsc1.48cRnd0000000025_Ne.4Si50_Cr.0Bi25.00-5SBi-08.00-5nA160Am0.0Sm0.25mT0.001No0Al0.1Be0eT0eA160eS0eFS0eFa0.out,25.0,-8.0,50.0,17.0,319.5,0.13808349,-63.993225,-39.535885,-26.206198,336.93625,-79.86816,48.172962,0.28445154,37.286366,23.960133,12.8562975,25.956392,37.371212,24.312359,13.058854,13.000332,17.814299,41.003555,27.416014,159.75,104.829025,54.920975,54.920975,104.829025,631.8182,5.4171877,36.575756,0.0,10.461553,31.712074,45.089584,54.488068,80.339066,188.64134,58.97178,50.935936,45.248863,65.929924,0.0
RTSIsc1.48cRnd0000000029_Ne.4Si50_Cr.0Bi45.00-5SBi02.00-5nA160Am0.0Sm0.25mT0.001No0Al0.1Be0eT0eA160eS0eFS0eFa0.out,45.0,2.0,50.0,17.0,319.5,0.12017225,16.246742,60.570015,48.357086,395.27637,-38.77839,96.22261,0.29585278,31.803978,43.81766,11.736553,47.814537,38.662785,24.754213,13.90857,13.849053,18.46392,61.47952,48.938705,159.75,102.61771,57.13229,57.13229,102.61771,631.8182,5.507055,37.333332,0.0,9.8809185,31.513163,46.95715,58.10521,85.73357,183.9973,59.98532,50.105873,45.025238,60.514442,0.0
RTSIsc1.48cRnd0000000029_Ne.4Si50_Cr.0Bi45.00-5SBi-10.00-5nA160Am0.0Sm0.25mT0.001No0Al0.1Be0eT0eA160eS0eFS0eFa0.out,45.0,-10.0,50.0,17.0,319.5,0.12017225,-80.65853,-37.742916,-24.040508,357.1354,-80.143295,49.358036,0.28486228,56.116524,42.41302,13.240436,23.83731,38.05691,24.59787,13.4590435,13.399621,17.531013,39.369843,25.656492,159.75,104.91264,54.837357,54.837357,104.91264,631.0909,5.507055,37.333332,0.0,10.3861265,32.38177,46.267612,56.078648,81.690155,182.44096,58.323105,50.996735,45.928646,66.59716,0.0
RTSIsc1.48cRnd0000000021_Ne.4Si50_Cr.0Bi05.00-5SBi06.00-5nA160Am0.0Sm0.25mT0.001No0Al0.1Be0eT0eA160eS0eFS0eFa0.out,5.0,6.0,50.0,17.0,319.5,0.48364154,50.327454,55.277496,42.54458,365.22287,-38.861618,92.65138,0.28806084,7.645265,4.4587593,12.251089,41.612026,37.82074,24.322063,13.498674,13.438968,17.127699,55.86817,42.55882,159.75,104.65284,55.09716,55.09716,104.65284,631.4545,5.5368843,36.878788,0.0,8.8515625,30.569696,45.832672,57.580776,84.250755,184.93565,61.230396,50.516193,44.27036,63.416477,0.0
RTSIsc1.48cRnd0000000030_Ne.4Si50_Cr.0Bi50.00-5SBi-06.00-5nA160Am0.0Sm0.25mT0.001No0Al0.1Be0eT0eA160eS0eFS0eFa0.out,50.0,-6.0,50.0,17.0,319.5,0.32418546,-45.25033,4.159228,2.4382315,261.27628,-61.703564,62.671825,0.3558309,47.183098,48.910652,5.452462,4.2918086,44.994366,28.236032,16.758333,16.68575,21.143183,17.27485,10.454955,159.75,91.2679,68.4821,68.4821,91.2679,631.51514,5.4996686,36.454544,0.0,4.7367897,27.414251,55.444035,77.66785,104.52988,184.90085,61.925,45.634045,32.774433,36.48802,0.0
RTSIsc1.48cRnd0000000015_Ne.4Si50_Cr.0Bi-25.00-5SBi08.00-5nA160Am0.0Sm0.25mT0.001No0Al0.1Be0eT0eA160eS0eFS0eFa0.out,-25.0,8.0,50.0,17.0,319.5,0.28324407,66.950806,42.614174,29.18818,346.62607,-46.424244,83.72312,0.28430784,37.261837,23.837263,12.936174,28.484375,37.712025,24.523958,13.188068,13.128836,17.935322,43.633286,29.88391,159.75,104.73712,55.01288,55.01288,104.73712,631.1515,5.7274146,36.909092,0.0,11.987879,32.873627,45.229546,55.006725,78.48665,185.7777,58.90317,50.73679,45.04299,67.10644,0.0
RTSIsc1.48cRnd0000000015_Ne.4Si50_Cr.0Bi-25.00-5SBi-10.00-5nA160Am0.0Sm0.25mT0.001No0Al0.1Be0eT0eA160eS0eFS0eFa0.out,-25.0,-10.0,50.0,17.0,319.5,0.28324407,-77.68662,-96.35775,-88.75419,434.05795,-109.42548,22.034761,0.3675372,11.410086,18.17036,7.2142043,88.54744,42.67093,25.67036,17.000568,16.935701,30.397774,97.678925,89.34282,159.75,83.903885,75.846115,75.846115,83.903885,630.7273,5.7274146,36.909092,0.0,35.483807,60.344555,65.239296,65.63002,81.31098,158.92818,48.112404,40.07055,34.31321,41.29427,0.0
RTSIsc1.48cRnd0000000010_Ne.4Si50_Cr.0Bi-50.00-5SBi-04.00-5nA160Am0.0Sm0.25mT0.001No0Al0.1Be0eT0eA160eS0eFS0eFa0.out,-50.0,-4.0,50.0,17.0,319.5,0.86489,-32.736626,-80.78876,-69.56067,443.694,-106.2473,29.356585,0.2993641,36.56837,47.55033,10.739915,69.96903,38.86037,24.83518,14.025189,13.960985,18.422775,82.733505,71.07891,159.75,102.00663,57.74337,57.74337,102.00663,631.8788,5.6126895,36.878788,0.0,10.104451,32.638542,48.2955,58.289536,82.59635,183.80133,60.19512,51.288258,44.899952,59.769745,0.0
RTSIsc1.48cRnd0000000017_Ne.4Si50_Cr.0Bi-15.00-5SBi00.00-5nA160Am0.0Sm0.25mT0.001No0Al0.1Be0eT0eA160eS0eFS0eFa0.out,-15.0,0.0,50.0,17.0,319.5,0.5888547,2.5571396,-12.340529,-6.26928,280.98962,-63.559273,64.29204,0.35510108,8.765483,14.396638,6.11946,7.047017,44.318607,27.839016,16.479593,16.411648,22.067425,19.480263,12.346391,159.75,90.86453,68.88547,68.88547,90.86453,631.0909,5.4702654,36.939392,0.0,6.0666194,29.84252,55.30573,74.67718,101.89006,185.62439,60.178455,45.13414,34.046116,38.32571,0.0
RTSIsc1.48cRnd0000000023_Ne.4Si50_Cr.0Bi15.00-5SBi-06.00-5nA160Am0.0Sm0.25mT0.001No0Al0.1Be0eT0eA160eS0eFS0eFa0.out,15.0,-6.0,50.0,17.0,319.5,0.26235053,-49.32826,-34.553913,-22.706669,346.4669,-76.68006,53.62275,0.30228844,26.125237,14.276231,11.373248,22.628645,39.102177,25.094175,14.008002,13.9519415,18.809753,36.366642,24.632254,159.75,101.381676,58.368324,58.368324,101.381676,633.51514,5.5837593,37.0,0.0,9.774811,32.477226,48.322018,59.456154,85.541664,186.44308,59.56719,50.495502,42.966335,58.471165,0.0
RTSIsc1.48cRnd0000000011_Ne.4Si50_Cr.0Bi-45.00-5SBi00.00-5nA160Am0.0Sm0.25mT0.001No0Al0.1Be0eT0eA160eS0eFS0eFa0.out,-45.0,0.0,50.0,17.0,319.5,0.38684684,1.1950183,-43.2429,-31.156813,368.39978,-81.36234,52.22053,0.29667094,31.917519,43.937595,11.621544,31.118656,38.898438,24.975285,13.923154,13.861079,18.035322,44.958355,32.70819,159.75,102.67377,57.076233,57.076233,102.67377,632.5455,5.576278,36.666668,0.0,9.442235,31.948107,47.15393,58.769745,85.45417,183.71458,60.483807,51.357056,44.87855,59.343277,0.0
RTSIsc1.48cRnd0000000018_Ne.4Si50_Cr.0Bi-10.00-5SBi-02.00-5nA160Am0.0Sm0.25mT0.001No0Al0.1Be0eT0eA160eS0eFS0eFa0.out,-10.0,-2.0,50.0,17.0,319.5,0.35483935,-16.210333,-26.189604,-15.62075,326.77173,-70.93215,58.303497,0.31742167,4.0380206,9.474574,10.112784,15.710701,41.36534,26.557102,14.808239,14.747775,19.505161,29.199394,18.893843,159.75,98.49555,61.25445,61.25445,98.49555,633.51514,5.598106,37.030304,0.0,9.279166,32.837784,51.771637,64.28026,89.68508,182.34224,60.64451,49.109753,40.85772,52.70701,0.0
RTSIsc1.48cRnd0000000011_Ne.4Si50_Cr.0Bi-45.00-5SBi-10.00-5nA160Am0.0Sm0.25mT0.001No0Al0.1Be0eT0eA160eS0eFS0eFa0.out,-45.0,-10.0,50.0,17.0,319.5,0.38684684,-78.29138,-105.36484,-102.99327,395.94308,-109.82326,30.293589,0.5021888,24.501137,26.575947,2.26875,102.88092,45.170643,23.62751,21.543135,21.481297,68.45014,106.73689,103.94496,159.75,39.435936,120.314064,120.314064,39.435936,633.0303,5.576278,36.666668,0.0,167.13963,122.0393,81.605255,57.435936,56.358288,92.314255,19.143703,14.295171,11.455209,11.243561,0.0
RTSIsc1.48cRnd0000000012_Ne.4Si50_Cr.0Bi-40.00-5SBi10.00-5nA160Am0.0Sm0.25mT0.001No0Al0.1Be0eT0eA160eS0eFS0eFa0.out,-40.0,10.0,50.0,17.0,319.5,0.6071068,81.598816,43.04612,30.131094,339.54034,-43.67667,84.905945,0.28849903,50.965103,38.05573,12.436601,29.097017,38.38745,24.764252,13.6232,13.56411,18.22623,43.740185,30.45143,159.75,103.93471,55.815292,55.815292,103.93471,631.75757,5.5832386,37.060608,0.0,10.814346,32.312973,46.138447,55.775475,80.16354,186.76231,59.30535,51.39157,44.43925,64.65431,0.0
RTSIsc1.48cRnd0000000030_Ne.4Si50_Cr.0Bi50.00-5SBi-10.00-5nA160Am0.0Sm0.25mT0.001No0Al0.1Be0eT0eA160eS0eFS0eFa0.out,50.0,-10.0,50.0,17.0,319.5,0.32418546,-76.3139,-28.123028,-16.342348,306.6395,-71.8065,52.256573,0.29796904,59.47434,47.691666,11.310322,16.342945,38.756817,24.978268,13.778551,13.717424,18.56051,30.833427,19.065033,159.75,102.149765,57.600235,57.600235,102.149765,632.7273,5.4996686,36.454544,0.0,9.808618,31.47997,48.11122,58.93646,85.44915,186.00606,59.547157,49.84858,42.51084,61.029213,0.0
RTSIsc1.48cRnd0000000026_Ne.4Si50_Cr.0Bi30.00-5SBi02.00-5nA160Am0.0Sm0.25mT0.001No0Al0.1Be0eT0eA160eS0eFS0eFa0.out,30.0,2.0,50.0,17.0,319.5,0.34040532,16.07376,45.472076,33.070618,370.50952,-48.171997,84.960075,0.29224056,16.884138,28.898626,11.91482,32.31283,38.547207,24.59001,13.957197,13.895312,17.359043,46.436054,33.812843,159.75,103.836555,55.91345,55.91345,103.836555,633.3939,5.477746,37.303032,0.0,8.439252,30.700237,46.42855,58.10137,85.06018,184.41624,61.492046,52.422962,45.391666,60.94143,0.0
RTSIsc1.48cRnd0000000026_Ne.4Si50_Cr.0Bi30.00-5SBi04.00-5nA160Am0.0Sm0.25mT0.001No0Al0.1Be0eT0eA160eS0eFS0eFa0.out,30.0,4.0,50.0,17.0,319.5,0.34040532,32.47826,61.923504,49.93644,406.3776,-38.736847,97.19243,0.29872847,17.367235,28.94607,11.493655,49.121735,39.517994,25.476467,14.041525,13.980445,18.487547,62.619316,50.307816,159.75,102.105774,57.644222,57.644222,102.105774,633.8788,5.477746,37.303032,0.0,10.231061,33.387688,47.934326,58.603077,84.94673,183.46771,59.76378,51.183758,44.480682,59.87997,0.0
RTSIsc1.48cRnd0000000027_Ne.4Si50_Cr.0Bi35.00-5SBi06.00-5nA160Am0.0Sm0.25mT0.001No0Al0.1Be0eT0eA160eS0eFS0eFa0.out,35.0,6.0,50.0,17.0,319.5,0.1169287,49.116173,82.5402,70.422005,418.41052,-24.961227,109.469345,0.29127076,21.299385,32.924194,11.634849,69.81842,37.970406,24.302462,13.667945,13.610416,18.420881,83.403625,70.72507,159.75,103.36165,56.38835,56.38835,103.36165,629.63635,5.530303,36.969696,0.0,10.85876,33.04588,46.47093,56.5072,81.86378,182.65492,58.750427,50.884563,44.567757,64.03215,0.0
RTSIsc1.48cRnd0000000026_Ne.4Si50_Cr.0Bi30.00-5SBi-10.00-5nA160Am0.0Sm0.25mT0.001No0Al0.1Be0eT0eA160eS0eFS0eFa0.out,30.0,-10.0,50.0,17.0,319.5,0.34040532,-80.782394,-52.884594,-38.552242,373.34613,-90.70138,38.612602,0.2695697,41.728127,27.399527,13.861127,38.48338,35.99252,23.243608,12.748911,12.6948395,16.561459,54.37935,39.423656,159.75,108.02003,51.729973,51.729973,108.02003,631.2727,5.477746,37.303032,0.0,11.740578,30.979877,41.881725,51.319553,77.42244,185.3723,60.89408,52.40843,46.878597,72.375145,0.0
RTSIsc1.48cRnd0000000025_Ne.4Si50_Cr.0Bi25.00-5SBi-02.00-5nA160Am0.0Sm0.25mT0.001No0Al0.1Be0eT0eA160eS0eFS0eFa0.out,25.0,-2.0,50.0,17.0,319.5,0.13808349,-16.063585,8.563578,4.542228,271.9628,-63.030006,63.666725,0.36361963,20.132954,24.125994,5.263447,5.2264204,45.3955,28.38679,17.008713,16.939678,22.31373,17.966438,11.355453,159.75,89.33944,70.41056,70.41056,89.33944,630.1212,5.4171877,36.575756,0.0,5.639773,29.742851,56.943325,77.66278,104.254974,184.10976,61.75426,43.88717,31.857197,34.269127,0.0
RTSIsc1.48cRnd0000000013_Ne.4Si50_Cr.0Bi-35.00-5SBi-02.00-5nA160Am0.0Sm0.25mT0.001No0Al0.1Be0eT0eA160eS0eFS0eFa0.out,-35.0,-2.0,50.0,17.0,319.5,0.08371838,-15.125267,-49.837254,-36.89906,383.2077,-85.79557,46.87555,0.28673252,21.538542,34.209564,12.4552555,36.556297,37.491337,24.158854,13.332481,13.277131,17.49536,51.17323,38.01644,159.75,104.68144,55.06856,55.06856,104.68144,633.0909,5.4544034,37.060608,0.0,10.33125,32.475853,46.358143,57.143467,81.40166,184.66818,60.11752,51.318607,44.88338,64.39285,0.0
RTSIsc1.48cRnd0000000022_Ne.4Si50_Cr.0Bi10.00-5SBi-06.00-5nA160Am0.0Sm0.25mT0.001No0Al0.1Be0eT0eA160eS0eFS0eFa0.out,10.0,-6.0,50.0,17.0,319.5,0.42722717,-48.665688,-38.971077,-26.785427,360.62738,-80.25141,51.097626,0.29860675,21.38731,9.196354,11.708002,26.821259,39.890766,25.802982,14.087784,14.027036,18.956676,40.831554,28.594978,159.75,101.813354,57.93665,57.93665,101.813354,632.6667,5.5001893,36.848484,0.0,11.900189,34.567993,48.365532,57.85682,81.856346,182.13556,59.998627,50.291145,44.24015,61.454308,0.0
RTSIsc1.48cRnd0000000019_Ne.4Si50_Cr.0Bi-05.00-5SBi-06.00-5nA160Am0.0Sm0.25mT0.001No0Al0.1Be0eT0eA160eS0eFS0eFa0.out,-5.0,-6.0,50.0,17.0,319.5,0.21983248,-47.473846,-52.34437,-38.886208,373.31335,-88.50938,44.192932,0.28248373,8.413258,4.390625,12.970312,38.720455,37.405163,24.189678,13.215483,13.157055,18.068466,53.76796,39.996696,159.75,104.97922,54.770786,54.770786,104.97922,630.9697,5.5454545,36.696968,0.0,12.30483,32.543938,45.15232,54.615387,79.39436,184.84067,59.129498,50.49356,44.809708,67.68542,0.0
RTSIsc1.48cRnd0000000022_Ne.4Si50_Cr.0Bi10.00-5SBi-10.00-5nA160Am0.0Sm0.25mT0.001No0Al0.1Be0eT0eA160eS0eFS0eFa0.out,10.0,-10.0,50.0,17.0,319.5,0.42722717,-79.520966,-70.297745,-57.550133,400.8869,-101.14455,30.400679,0.2840823,21.47074,8.722964,12.2568655,57.5116,37.958,24.48158,13.47642,13.415578,18.009327,71.82673,58.37203,159.75,104.75734,54.99266,54.99266,104.75734,631.69696,5.5001893,36.848484,0.0,12.978362,34.27235,45.45791,53.00568,77.57098,182.75644,59.240105,51.876514,46.649338,67.8893,0.0
RTSIsc1.48cRnd0000000026_Ne.4Si50_Cr.0Bi30.00-5SBi-08.00-5nA160Am0.0Sm0.25mT0.001No0Al0.1Be0eT0eA160eS0eFS0eFa0.out,30.0,-8.0,50.0,17.0,319.5,0.34040532,-65.63011,-36.330006,-23.573488,353.71954,-78.16057,53.209003,0.29234368,41.559563,28.802177,12.289441,23.566668,38.315956,24.61108,13.704877,13.6455965,18.131582,38.547134,25.711159,159.75,103.334045,56.415955,56.415955,103.334045,632.7273,5.477746,37.303032,0.0,10.362595,31.33338,45.630493,56.98575,84.07121,186.2419,60.761555,50.560417,43.958714,62.82126,0.0
RTSIsc1.48cRnd0000000012_Ne.4Si50_Cr.0Bi-40.00-5SBi06.00-5nA160Am0.0Sm0.25mT0.001No0Al0.1Be0eT0eA160eS0eFS0eFa0.out,-40.0,6.0,50.0,17.0,319.5,0.6071068,49.995125,10.601931,4.8854685,268.53128,-57.686543,66.42761,0.3453008,44.607906,38.89408,7.2971115,6.180161,44.057007,28.05355,16.003456,15.938305,21.02287,19.550436,11.484507,159.75,93.094795,66.655205,66.655205,93.094795,631.0303,5.5832386,37.060608,0.0,5.972443,29.298864,54.39337,74.59489,101.232765,182.66145,60.98575,45.3536,34.671448,41.86572,0.0
RTSIsc1.48cRnd0000000014_Ne.4Si50_Cr.0Bi-30.00-5SBi06.00-5nA160Am0.0Sm0.25mT0.001No0Al0.1Be0eT0eA160eS0eFS0eFa0.out,-30.0,6.0,50.0,17.0,319.5,0.029123865,48.752487,19.238657,10.089716,284.41827,-57.63393,68.02495,0.32614273,38.1625,29.01482,8.790672,9.941336,41.542423,26.500095,15.04233,14.980066,19.659943,23.773928,14.322716,159.75,96.95914,62.790863,62.790863,96.95914,632.7879,5.741809,36.909092,0.0,6.5969224,28.539204,50.389774,67.19162,96.585556,188.10866,61.120834,47.399433,38.034138,48.82173,0.0
RTSIsc1.48cRnd0000000020_Ne.4Si50_Cr.0Bi00.00-5SBi00.00-5nA160Am0.0Sm0.25mT0.001No0Al0.1Be0eT0eA160eS0eFS0eFa0.out,0.0,0.0,50.0,17.0,319.5,0.48904797,-2.534023,-2.4481633,-1.0101479,257.46317,-61.32193,63.76784,0.37173128,4.2023673,0.90563446,4.174763,3.5081913,46.504166,29.0893,17.414867,17.341383,22.408192,16.392958,10.192135,159.75,87.92576,71.82424,71.82424,87.92576,632.24243,5.2882576,37.121212,0.0,4.067093,28.352509,57.781296,82.26548,110.34304,183.41208,61.30412,42.794983,30.45696,31.464867,0.0
RTSIsc1.48cRnd0000000027_Ne.4Si50_Cr.0Bi35.00-5SBi-10.00-5nA160Am0.0Sm0.25mT0.001No0Al0.1Be0eT0eA160eS0eFS0eFa0.out,35.0,-10.0,50.0,17.0,319.5,0.1169287,-79.523895,-46.459755,-31.96274,364.4204,-85.69671,44.146015,0.27452382,47.05852,32.56397,14.012878,31.689867,36.604214,23.80715,12.797065,12.738494,17.242188,47.890533,32.96569,159.75,106.71937,53.030636,53.030636,106.71937,631.3939,5.530303,36.969696,0.0,11.658096,32.000237,43.665863,52.650757,78.84678,184.53603,59.99119,51.83201,45.62514,70.58783,0.0
RTSIsc1.48cRnd0000000029_Ne.4Si50_Cr.0Bi45.00-5SBi-02.00-5nA160Am0.0Sm0.25mT0.001No0Al0.1Be0eT0eA160eS0eFS0eFa0.out,45.0,-2.0,50.0,17.0,319.5,0.12017225,-16.566961,27.838894,17.170301,330.29474,-57.986847,72.91806,0.3154863,33.26728,43.904263,10.201231,16.757624,40.544838,25.73267,14.812168,14.750284,19.329214,30.315311,19.968416,159.75,98.880775,60.869225,60.869225,98.880775,631.2727,5.507055,37.333332,0.0,8.773011,31.582623,51.341904,64.36227,89.79825,182.86653,59.700993,48.438683,40.695503,53.712975,0.0
RTSIsc1.48cRnd0000000016_Ne.4Si50_Cr.0Bi-20.00-5SBi08.00-5nA160Am0.0Sm0.25mT0.001No0Al0.1Be0eT0eA160eS0eFS0eFa0.out,-20.0,8.0,50.0,17.0,319.5,0.3422631,65.06907,45.432404,32.777054,355.97345,-44.096943,86.02338,0.29212725,31.795502,19.136885,12.190199,32.01146,38.83821,25.05303,13.78518,13.72571,18.371023,46.20141,33.13389,159.75,103.24484,56.50516,56.50516,103.24484,631.2727,5.5526514,36.878788,0.0,10.821922,33.193844,46.89711,56.143276,79.46501,186.14139,59.610985,50.947395,45.342518,62.709282,0.0
RTSIsc1.48cRnd0000000019_Ne.4Si50_Cr.0Bi-05.00-5SBi10.00-5nA160Am0.0Sm0.25mT0.001No0Al0.1Be0eT0eA160eS0eFS0eFa0.out,-5.0,10.0,50.0,17.0,319.5,0.21983248,80.31049,75.711365,61.631065,434.4325,-26.18015,106.51447,0.27504724,18.18163,4.106771,13.593892,60.973484,37.412407,24.26411,13.148295,13.092282,17.425615,76.480415,61.883892,159.75,106.60038,53.14962,53.14962,106.60038,633.0909,5.5454545,36.696968,0.0,13.843466,32.21482,42.622063,50.554924,76.88977,188.4493,58.91714,51.57249,46.66444,71.3625,0.0
RTSIsc1.48cRnd0000000028_Ne.4Si50_Cr.0Bi40.00-5SBi06.00-5nA160Am0.0Sm0.25mT0.001No0Al0.1Be0eT0eA160eS0eFS0eFa0.out,40.0,6.0,50.0,17.0,319.5,0.40650687,48.959927,86.380264,75.361824,456.12164,-24.930712,110.98172,0.30396122,26.300758,36.920834,10.531913,74.46212,39.708855,25.341099,14.367756,14.307339,18.635607,87.02674,75.51902,159.75,101.198814,58.551186,58.551186,101.198814,630.1818,5.4322915,37.060608,0.0,10.672207,34.494175,49.622395,59.25966,85.08106,177.78172,59.744034,50.85445,44.079453,58.592663,0.0
RTSIsc1.48cRnd0000000015_Ne.4Si50_Cr.0Bi-25.00-5SBi04.00-5nA160Am0.0Sm0.25mT0.001No0Al0.1Be0eT0eA160eS0eFS0eFa0.out,-25.0,4.0,50.0,17.0,319.5,0.28324407,34.646336,9.96918,4.7418885,272.7451,-61.41512,65.06892,0.3527629,29.406534,24.175283,6.3669033,5.8294034,44.164345,27.72945,16.434896,16.364914,21.502888,19.077112,11.615801,159.75,91.534515,68.215485,68.215485,91.534515,631.63635,5.7274146,36.909092,0.0,5.51482,29.296495,55.193798,76.81449,104.074005,183.71487,60.824528,44.28532,32.809612,39.10843,0.0
RTSIsc1.48cRnd0000000018_Ne.4Si50_Cr.0Bi-10.00-5SBi08.00-5nA160Am0.0Sm0.25mT0.001No0Al0.1Be0eT0eA160eS0eFS0eFa0.out,-10.0,8.0,50.0,17.0,319.5,0.35483935,65.218285,55.6181,42.309925,372.3879,-38.288216,93.95942,0.2896932,22.407907,9.1010895,12.82197,41.490387,38.86771,25.407623,13.460085,13.401705,18.489016,56.3083,42.447918,159.75,103.59285,56.15715,56.15715,103.59285,631.63635,5.598106,37.030304,0.0,12.577746,34.666573,47.594223,54.746258,79.61113,183.33684,58.215485,50.563164,44.8134,65.51155,0.0
RTSIsc1.48cRnd0000000026_Ne.4Si50_Cr.0Bi30.00-5SBi06.00-5nA160Am0.0Sm0.25mT0.001No0Al0.1Be0eT0eA160eS0eFS0eFa0.out,30.0,6.0,50.0,17.0,319.5,0.34040532,48.859665,77.89606,65.77148,411.9102,-26.420063,106.68787,0.28993493,17.013306,28.536743,11.647064,64.9794,37.93253,24.294224,13.638305,13.579877,18.148817,78.52382,65.97477,159.75,103.694695,56.0553,56.0553,103.694695,631.4545,5.477746,37.303032,0.0,10.385748,32.319553,45.81354,56.32926,81.2679,185.30066,59.47784,51.60445,45.120453,63.835133,0.0
